RegionID,SizeRank,RegionName,RegionType,StateName,2015-01-31,2015-02-28,2015-03-31,2015-04-30,2015-05-31,2015-06-30,2015-07-31,2015-08-31,2015-09-30,2015-10-31,2015-11-30,2015-12-31,2016-01-31,2016-02-29,2016-03-31,2016-04-30,2016-05-31,2016-06-30,2016-07-31,2016-08-31,2016-09-30,2016-10-31,2016-11-30,2016-12-31,2017-01-31,2017-02-28,2017-03-31,2017-04-30,2017-05-31,2017-06-30,2017-07-31,2017-08-31,2017-09-30,2017-10-31,2017-11-30,2017-12-31,2018-01-31,2018-02-28,2018-03-31,2018-04-30,2018-05-31,2018-06-30,2018-07-31,2018-08-31,2018-09-30,2018-10-31,2018-11-30,2018-12-31,2019-01-31,2019-02-28,2019-03-31,2019-04-30,2019-05-31,2019-06-30,2019-07-31,2019-08-31,2019-09-30,2019-10-31,2019-11-30,2019-12-31,2020-01-31,2020-02-29,2020-03-31,2020-04-30,2020-05-31,2020-06-30,2020-07-31,2020-08-31,2020-09-30,2020-10-31,2020-11-30,2020-12-31,2021-01-31,2021-02-28,2021-03-31,2021-04-30,2021-05-31,2021-06-30,2021-07-31,2021-08-31,2021-09-30,2021-10-31,2021-11-30,2021-12-31,2022-01-31,2022-02-28,2022-03-31,2022-04-30,2022-05-31,2022-06-30,2022-07-31,2022-08-31,2022-09-30,2022-10-31,2022-11-30,2022-12-31,2023-01-31,2023-02-28,2023-03-31,2023-04-30,2023-05-31,2023-06-30,2023-07-31,2023-08-31,2023-09-30,2023-10-31,2023-11-30,2023-12-31,2024-01-31,2024-02-29,2024-03-31,2024-04-30,2024-05-31,2024-06-30,2024-07-31,2024-08-31,2024-09-30,2024-10-31,2024-11-30,2024-12-31,2025-01-31,2025-02-28,2025-03-31,2025-04-30,2025-05-31,2025-06-30
102001,0,United States,country,,1244.2175453981902,1249.8982890911545,1256.1094817084581,1261.1751831652668,1265.8394491415193,1270.07747062603,1274.8739820698158,1280.141194755231,1285.8272467100464,1291.3423529513473,1296.5752355230297,1301.2639287805512,1305.0832059705815,1308.3915730292122,1310.5740952404537,1314.1755692923446,1317.9672581283924,1322.9284450273296,1326.9343188781686,1331.148785814503,1334.9800837228931,1338.9665915078867,1342.515202345633,1345.9506270708732,1350.9680533302878,1356.7810787911217,1363.9691682457294,1369.206605837087,1374.2601267219966,1378.3051192629396,1382.5766024679574,1386.1949723727832,1391.0263082043375,1395.1631010203535,1400.0784159674288,1404.969990137443,1410.2082658336653,1415.4650632036962,1419.8498520902922,1424.5967289382593,1428.5876202911572,1433.2804323125013,1438.144655390693,1443.5441645728517,1448.0159361302533,1453.4324834358172,1459.3100724393316,1465.146367760351,1469.5739748702224,1473.305104816548,1477.7687833242233,1482.7138764215158,1488.3731625504263,1493.7903914159292,1499.1756959881777,1504.4331535573692,1509.8934124934415,1514.9595045063288,1519.414116181848,1524.0039067292241,1529.2773992324658,1534.993361115001,1539.61409731123,1537.2670350720105,1532.5141858283562,1528.4402917941043,1528.9579341572933,1529.1163233018071,1529.9092624886619,1533.6221422376914,1539.730591102681,1547.6594086542775,1557.7485384315016,1568.7197676746694,1581.2966671143847,1597.8593040933292,1619.5739867518394,1644.567445843142,1670.2912588647985,1697.8715670305462,1725.3065594984612,1748.8186362659944,1768.842284096013,1786.6915781036057,1801.756377331233,1816.8816143302279,1829.5319377746166,1845.8728706728714,1860.2807698085858,1875.2475377341323,1887.2537960736117,1895.971025778047,1901.721811460236,1905.8870239534124,1910.2210804344083,1915.8966764580568,1921.3865513469566,1926.828023913126,1934.7065898468566,1940.3389271345986,1946.160909851633,1947.850569197552,1951.4332120427237,1955.508638912328,1960.1075275990397,1965.5862245651654,1970.181164019211,1975.7042234175135,1981.1598619014244,1987.0889765212796,1991.9938027269923,1997.3987246096058,2003.1990472533018,2009.7994774636634,2014.5104720798581,2019.653969700799,2025.4351351957725,2031.6186872001529,2038.5685088926075,2044.0038115399468,2049.56179290482,2054.204002204049,2058.3958614624303,2061.9099471286104,2064.8386400678964,2068.571227541049
394913,1,"New York, NY",msa,NY,2434.9210885143325,2451.100181225864,2465.5260868167916,2476.041728069087,2480.672901049563,2485.1601450119133,2490.1170698731466,2499.071401916404,2507.9661762159085,2516.6731629948754,2521.779047136918,2527.259039794849,2530.651371012148,2534.0383003980905,2534.6524308789417,2536.5106786895326,2539.6360332626555,2543.90357199195,2550.175531973384,2553.3344439111847,2558.1929763868607,2562.9640813324695,2572.8852231534993,2576.3550539680446,2579.642831970393,2579.3500754157853,2583.7590668397957,2586.8754926208417,2592.6804300160675,2595.815652246273,2599.625233823432,2600.825784398191,2603.994729751501,2603.262913748728,2603.5062149167375,2605.9099695843215,2611.5010244569035,2617.2752984486824,2621.837414048066,2629.798620795435,2634.835254363448,2639.5966483421503,2644.305601703952,2652.9191464740215,2660.352980246802,2665.3168365679967,2672.3872939745347,2678.3774294402288,2685.919957356144,2692.202338829123,2699.1948821162105,2704.348014320873,2710.6773677207652,2718.586491529189,2726.1511847280217,2732.7931780019326,2739.4041165463477,2750.153898239386,2758.2378729373077,2767.759482759166,2774.9928152906814,2784.244436544796,,,,,,,,2533.0005422371105,2518.984142177668,2518.3850709892613,2522.098429027098,2530.825616076412,2542.963225243555,2562.7252373263254,2595.128775284887,2636.912331957973,2688.129101184831,2749.549104189608,2812.693357237887,2869.422624967536,2919.823383621799,2961.6502679347936,2996.3419255945087,3025.6852313238487,3054.3333783326407,3083.8225992670955,3116.137158979598,3149.260990052531,3183.493769004407,3210.6277846825797,3228.7706504449698,3237.1884015337355,3240.3910099455643,3242.946669587998,3249.405418168073,3257.971094620227,3270.6330730589393,3287.8478793861354,3302.9164818969316,3312.4213251168067,3320.037209670898,3328.9315573639756,3342.2895739922924,3353.3464594693414,3360.738237626343,3369.2740863500962,3381.184980628469,3395.310521796458,3409.05956134091,3419.014529199059,3430.1202225264396,3436.8466636309186,3441.569322204507,3446.8761262872245,3452.7643183316845,3466.158245391196,3485.586827665906,3505.3989664057235,3521.3864888952376,3534.9294951848074,3546.1243128433607,3557.1013676814937,3567.0111714251802,3582.655047142907
753899,2,"Los Angeles, CA",msa,CA,1831.131780504891,1841.475353529071,1853.4289288333075,1863.3396801798651,1871.3533703704009,1879.9458469489414,1889.8648231588156,1901.3557111947346,1914.1392936569719,1925.2340164925354,1937.9784724184562,1949.920849648949,1960.2471497722595,1967.935678276847,1974.2503045714811,1981.3084203678204,1990.802800827838,2001.1756790000663,2011.484278882306,2019.1562835227464,2027.3093479686577,2035.0090850199392,2042.666501097631,2051.3213929996623,2064.3395416219046,2078.5216190039528,2094.0541465377823,2105.1896731196366,2114.5315908230127,2121.5288521600132,2129.502217958254,2136.2999858826206,2145.056449257067,2152.1127847917883,2161.6985875961345,2170.144526565802,2180.5363025896218,2190.827854333621,2196.6698996733953,2203.366010160921,2207.823641815475,2217.3920265222346,2225.926833936331,2236.2075991424335,2244.0364242313653,2253.259901102745,2262.485563401338,2270.9476925831664,2275.7069160962465,2279.662528582084,2286.7417971412497,2295.132724367531,2305.4959148039984,2312.5946675390733,2319.673925321501,2326.225118912236,2333.219372303169,2339.874740290381,2344.9767368164617,2350.8686648552825,2357.5875479214487,2364.6100527351095,2359.868062455062,2351.4705736704727,2341.1853174570665,2332.4522797744676,2326.9627390354576,2320.496093392653,2318.3418786138363,2322.4965170784308,2329.8452959286064,2335.82668739345,2346.6306343022657,2357.3665025754344,2371.400921695403,2385.0224848214775,2405.9951162274097,2437.0705874930572,2475.244525416418,2520.4560690567164,2559.9595816937713,2591.7434426624786,2616.5927780170337,2644.1036892237016,2667.7523288420252,2693.6888380853993,2715.8417632860805,2745.406291529593,2769.11626870294,2786.8814962869187,2797.5508110591977,2804.6005416694466,2810.195962824587,2813.2930513613637,2818.969870623915,2823.794503081713,2824.3755135797983,2826.310818036993,2833.770956135349,2844.213733002144,2851.3186661179916,2854.057609910761,2858.424804501427,2864.7184715960316,2869.2587281057968,2875.914529114762,2878.222156398748,2884.762191708912,2885.651492416223,2890.0016717037875,2893.7596418264757,2903.3409900134134,2913.448300657964,2924.450390071159,2932.1392406352834,2938.1215875399753,2946.761588756081,2955.884716839022,2967.8367181377434,2975.7295019398875,2990.0302725970932,2999.8776234735487,3007.532693350229,3007.106585394529,3008.434735416426,3011.7058303611097
394463,3,"Chicago, IL",msa,IL,1486.135985273932,1487.7972259868027,1492.1847391208603,1496.3240598376399,1501.2021008742909,1504.5280211038153,1507.4742646048435,1511.739381558232,1515.3133732640147,1520.3506844277788,1525.1818158674773,1530.8568337034128,1534.7557828797333,1537.2802255872928,1539.5835964392154,1540.799683889005,1542.6994616746003,1545.7355345740352,1551.1065209595913,1557.6849326217143,1560.4400227803326,1563.632665959151,1562.970201996737,1563.0676476534707,1564.8005369627786,1571.375282108313,1579.7620864661462,1586.1533692261094,1590.8608098742184,1592.335113112129,1593.5435144738412,1592.6490633756496,1597.1868728982477,1599.0624984948809,1603.9857214120357,1607.1032092243045,1611.155927063537,1615.0433176727736,1616.6611318558187,1619.3995048996583,1622.052942298908,1627.4959393101847,1632.1217825586682,1635.0947216729403,1635.4034725454487,1637.0432414567604,1641.0773980042345,1648.5014242761572,1653.1855959467189,1655.8900572748887,1658.8703643871936,1662.2641972130468,1666.4958470805198,1670.0036182353886,1673.9179281115614,1679.916098368308,1686.1732722037666,1692.6340558421452,1696.598785933627,1698.7195829561247,1702.3217090706867,1706.705661197315,1711.5283634283992,1702.5757275370959,1692.1817973900556,1683.1975240992715,1679.9922965752341,1677.4676842807235,1672.8020905045219,1666.0902292800847,1661.916467301553,1662.428993086631,1663.2318080293478,1668.4067250345965,1675.0645537375867,1691.6847901345238,1709.084608480738,1728.1775790802171,1744.2619802477423,1760.3731933376296,1778.0430121266613,1793.9183356037224,1809.7358788353208,1824.1279317495803,1838.163870204523,1849.0640843472572,1860.440029954571,1873.409160426713,1887.678688613686,1899.682176749981,1912.8616820174216,1923.710935327032,1935.1060555157928,1946.6127351884136,1956.449749918077,1965.6855385133667,1974.276705116755,1984.0294617580635,1994.2085832493935,2001.314041073235,2010.917886755785,2020.1926571394506,2030.148152050345,2040.6103532419058,2047.87433145595,2053.220683062663,2058.0718853048347,2067.520959643585,2079.240006068109,2089.382382706557,2097.3975772508124,2106.495642512773,2114.444651402417,2122.942650948633,2130.13047247662,2138.2953807918034,2148.5830784972363,2160.934998978027,2174.560679881932,2185.0881814376953,2194.3087519359865,2204.8342879439156,2216.8025584008883,2228.9695122734897,2240.7132682737642,2252.975128951973
394514,4,"Dallas, TX",msa,TX,1129.7484362222413,1133.6878587710046,1137.8234653181516,1145.046248827429,1150.0525283224295,1155.318010683183,1159.5425762678067,1164.336193635836,1169.7801950943362,1174.9899972556393,1180.528494164958,1186.0403238991005,1189.531876466426,1194.5631975758288,1198.0507901861674,1203.948634671394,1207.3723486749673,1212.1591726119343,1216.2054793593088,1221.6910558121647,1226.5569310403002,1232.0364123786505,1235.815675989887,1240.1713600648036,1246.5468099286468,1251.5046989808543,1259.2997788101952,1263.3892040491107,1271.484369506555,1274.8313989359247,1279.4353829617323,1282.80441012026,1286.8349806079427,1289.1297313550172,1294.724622203349,1299.01582625903,1304.8256669107313,1309.4192909774665,1311.2218753838672,1314.0901607314831,1314.7247569888268,1319.9144715252755,1323.929156409939,1327.732572750329,1330.3379878418484,1336.5424514546835,1341.8617852803034,1348.7339295213299,1351.4857068369176,1353.854824254138,1358.7112730852948,1363.830204745302,1369.139619966083,1372.8279335852192,1376.8358161914277,1381.1106242206865,1385.9234162556963,1388.4969694667911,1390.3180396202747,1391.303854155852,1394.1829544314032,1398.0304742338649,1404.4882586598185,1402.5524555746554,1398.597153078067,1393.6203887544293,1393.2583029784234,1395.230779890704,1400.6022286503278,1408.4929849386194,1416.3605305189194,1426.1574960491757,1436.2230104412643,1448.4733376254744,1458.3195832876174,1474.7119726407661,1494.6223056988138,1520.117951559721,1547.0020471020978,1575.3932309735355,1602.4869789047882,1625.2193256202042,1646.4010555174718,1665.187469500945,1681.1975590149216,1694.4647896697848,1706.0941001430917,1722.2644139329457,1737.8297799958143,1756.0095843618706,1768.1554836700566,1772.821532905163,1771.6681623440602,1767.214813841998,1766.2938768332938,1767.2397062360665,1771.2277156458579,1774.4988018345061,1781.5816865493273,1780.7622141246354,1782.0711535591984,1776.9315000608306,1776.1909537718382,1774.791891886118,1775.345574974071,1777.0795225248162,1778.658822432551,1779.0953976683218,1778.694557588347,1775.739505128889,1773.0612710024534,1771.692680202914,1773.3708930884002,1776.0125760327019,1774.4305192749653,1776.0226950589074,1778.5417206261777,1782.0156469429708,1783.7582333592,1785.39875521579,1786.3563049069567,1789.6491548699987,1791.0011082208302,1793.654749060178,1792.8090897407135,1793.4085729322899
394692,5,"Houston, TX",msa,TX,1275.4743898234315,1278.2133896262926,1283.2896073804193,1285.3080260596303,1287.0964175639378,1289.147060962788,1291.8396585493163,1295.8374800634385,1297.2668452457224,1298.2643136161403,1299.6350686956118,1300.3246557749899,1302.7474742413865,1303.0169190488932,1305.8686541182656,1304.905279960597,1302.6916284719975,1300.8788939421263,1301.6251237382558,1303.0169610204284,1300.6730829379958,1299.3173830291828,1295.875479291759,1296.1631217876823,1297.5933097110262,1303.4631481065746,1308.6217719275937,1309.7482470012994,1313.391793712747,1313.2097045441878,1315.1649740251025,1314.4079623639211,1325.3217091255497,1335.5726170775235,1348.0052154922248,1354.9705291730538,1359.0653513277027,1363.248370525397,1361.795758177801,1365.667049272255,1364.6904922803133,1368.221218445365,1369.265577707558,1372.2503864331484,1372.336759309797,1374.0891920573667,1376.6972824718832,1377.250514490737,1378.5839930224186,1376.071644991216,1380.328988689057,1383.355191657533,1389.0852773695515,1393.1166114213468,1397.448278913224,1401.4743974307153,1402.8236447949562,1403.233524569216,1402.5643270438293,1405.645297433009,1409.4730070517278,1415.5009742187465,1421.7635662360067,1417.773408541415,1408.8327709022337,1400.0402963873864,1399.8840800380926,1402.8453512049268,1406.6967087171925,1412.6217459592597,1418.7337381121404,1423.3792976994357,1428.6247862964808,1431.2256895376765,1437.7877283461783,1449.5977122712782,1468.477405833844,1491.0909840113209,1511.1646834755682,1531.694533102935,1549.0006234396747,1562.5798022314964,1573.995606043018,1584.390391754685,1593.7946197262218,1604.597362504093,1612.6058041640156,1623.7623128296557,1630.4179395277129,1638.6335774862198,1644.9018538042878,1649.4703022751107,1651.516456770049,1651.7800738726257,1652.5562833523402,1656.5370635744819,1662.5752446163087,1669.7023157342346,1677.5362905418153,1680.0846090411867,1684.4801913493154,1686.4595330048237,1688.8370514724068,1689.0619315700933,1688.8249404157257,1689.9954359500953,1692.583028716302,1696.2490172866042,1699.8825043432914,1701.9796441831134,1701.087427562037,1704.1103498731838,1708.7707173067845,1716.4205175498923,1719.1087266972947,1723.4803730250176,1729.4315788132772,1735.202736338545,1739.378256572144,1740.7359846748318,1740.6147977252153,1740.3009578269202,1741.7179099054956,1741.221469074957,1738.596853064086,1733.7482852468058
395209,6,"Washington, DC",msa,VA,1783.1713171199706,1788.434564825894,1793.0255708568066,1795.6507906860393,1798.1683298235532,1799.8133159479576,1801.631450498927,1801.5755025999606,1806.4912480584458,1810.8281925484787,1817.511883394169,1820.6970652739017,1823.5809289502463,1823.555385885276,1824.4684018017092,1825.3101019639976,1828.1000912122,1829.4375062231013,1832.4878743413328,1836.9984212198376,1839.1182180582891,1842.1130361328346,1843.374181625211,1847.4208286439564,1852.1487203691784,1860.1685966072826,1866.1857659480047,1870.6855994707812,1871.5111569517412,1875.0020263633078,1876.9430537181372,1879.387512067111,1883.434130676892,1887.6470773335982,1889.3244141831024,1890.4363501124988,1892.1894066824955,1895.3410225870853,1900.8375198672627,1905.8369402956378,1911.5617612935398,1916.2637530164254,1921.3661093534215,1928.3095990963022,1930.067433471718,1936.516861103531,1945.4087721877042,1954.5353897171774,1957.328113036845,1959.842962032329,1962.7505058897236,1966.9738104750982,1972.1795353780094,1977.3042914176488,1982.595577735205,1986.022090296765,1993.0747040376684,1996.2883872192897,1999.1866983893842,2001.7717730665452,2008.8645663417653,2014.9812449079232,2023.7455151956094,2017.759035306834,2007.7106597360662,1992.6929332233412,1983.1998221266722,1976.0847691587887,1967.992666637398,1962.2235440767442,1956.836943132583,1956.0636426676567,1960.7475485541,1966.589629174456,1970.9541195793408,1980.529753003081,1999.6194199870504,2027.7765403492979,2055.077745774988,2082.385417213241,2107.177362909417,2131.689987147211,2151.0809120598115,2166.38945662037,2174.0221461429246,2183.813348292468,2194.1716519961587,2210.9539652671715,2224.6733793528047,2238.441592525059,2251.5185021485963,2259.2355941826713,2265.1563661751775,2264.5343574116873,2266.3700414286777,2269.4872901471786,2275.99333147769,2285.0228460373855,2298.504538794864,2306.115248708781,2313.9100570681526,2315.117958562644,2320.774793736806,2328.5071057854975,2338.0267008354645,2350.734967266712,2360.879833647998,2370.2585004752577,2376.5001808917823,2384.83007720101,2392.1119811351823,2403.0037425715796,2414.0797327366386,2428.587622670994,2435.487519389391,2443.178143257034,2450.65568370832,2458.451172097344,2467.617529293876,2476.893957371846,2487.7772689266085,2494.5763447288646,2499.1943070960765,2501.715664801783,2503.7185623510322,2505.4222091961224
394974,7,"Philadelphia, PA",msa,PA,1276.499362275679,1279.4532976151888,1286.7553227692224,1289.582359221353,1292.5458162262232,1293.131949740261,1296.568027711685,1299.2917360771653,1303.457284395797,1306.804571194805,1307.0913681479549,1308.2148118425878,1308.5666381069118,1313.743431736107,1315.8363734043457,1319.7564596460377,1323.0065255620236,1329.3267831667863,1332.6487499764794,1335.6520759893658,1336.9510101672315,1339.620255829716,1345.3472443377696,1349.7048719651307,1353.8381642176605,1355.9331689204325,1359.820445185978,1363.2798902000634,1365.8092834213312,1365.928465578307,1368.768733024954,1372.3614089449331,1377.561215041714,1381.2012733079503,1383.991301829512,1390.0249543615182,1393.4588360173584,1397.640570667243,1400.1342485719892,1403.9813343215365,1409.5888189751413,1412.6295999090191,1415.9261703349848,1419.3474063191336,1424.129827245181,1430.1233698473704,1436.9480144866668,1440.2127745288697,1445.3194249726128,1447.564952247897,1453.2226089800267,1457.8662437801881,1461.8279879567206,1468.49670265207,1474.2279412017942,1479.6604675659337,1483.6345178892127,1487.2591485561388,1490.234337737934,1494.722836995175,1499.3046821631092,1506.1161223254385,1511.3680001984949,1511.7076189624627,1508.6206286640931,1506.4852795055149,1510.1664546491504,1512.7420847735605,1518.1863353022911,1522.7134169100207,1528.3387708173718,1532.9526055599395,1539.8736005605845,1546.1901492174402,1552.2435941847818,1564.1845301989974,1582.3857836562795,1600.7131912510172,1616.6785183437123,1634.0523128695938,1647.9278944142704,1664.2767159623684,1678.4043853762882,1698.7468608222255,1711.5792867833125,1723.8116620953112,1732.0250663123502,1742.8075242616264,1751.4970380286597,1762.3716933030084,1771.394684898751,1777.3973095669835,1781.3728566088055,1781.6975492273846,1785.4080881135744,1785.8905901134003,1792.2084546687834,1794.7730840196655,1805.1170998913215,1811.7028896721972,1819.0634250772273,1820.254361205191,1825.1670426343012,1830.8172962795031,1839.4521562598482,1845.3797274001392,1849.1934117389724,1850.881328727546,1854.6609304399042,1863.177646646154,1871.779226398321,1879.806006778478,1885.2401974885906,1891.179352435279,1896.7275821133653,1902.5975601549246,1907.474143986341,1915.4120539342632,1923.404232459211,1933.0063407526166,1939.2247871398538,1943.4231310557032,1944.1526727674743,1946.1703845462475,1949.7596811279113,1955.2598920203754
394856,8,"Miami, FL",msa,FL,1522.4143792955188,1531.244396052798,1538.6425012125123,1546.0946918717689,1554.0277133846996,1561.6350058010853,1568.5767782299931,1575.1013827320487,1583.4217014871533,1589.9404789125451,1599.2227990560377,1605.4461234803503,1611.6245761156763,1614.9444204420863,1618.4572667736597,1621.0242688238716,1620.5219384507266,1620.3707741077465,1620.8876789615092,1622.606607393025,1624.8101594568975,1626.7875658296712,1630.0793029262659,1632.2683244358498,1638.093512217736,1643.4544232521905,1652.0727256068678,1655.8481117197825,1658.89091675277,1662.02691883534,1666.284910210392,1672.3363754582092,1677.0466076615674,1680.5883821373006,1680.6214385255662,1683.2062985881482,1687.730039118361,1693.2216047532957,1697.4083306708487,1702.279021484817,1707.2412069764227,1713.0272524698273,1718.1972056910029,1723.7125303023856,1727.203062313447,1731.5394937804297,1736.2110914785508,1741.8086624902176,1744.4978051927867,1746.210566585805,1748.0763451879652,1752.204698840266,1757.4389996382338,1762.1040041544709,1766.7645868804937,1770.2001347021576,1775.8944144247055,1781.789922672665,1789.0410356559153,1794.8967985805875,1801.6109121310906,1809.1299663095324,1811.1163011812082,1807.3302456809972,1800.0484478375972,1798.1827603207025,1798.6140528204553,1801.0278975258761,1805.4393231414808,1818.7118270157218,1835.7715297483514,1852.4100124866995,1871.7409876011743,1898.3816873401095,1929.3116603148299,1965.3996850049812,2007.7129290750597,2058.0181933093213,2119.289109255071,2181.9963701640436,2241.1905670985325,2287.851936010247,2333.671114263626,2383.902887807554,2432.337396224277,2471.450304593757,2510.3695847933845,2551.712566669375,2589.890574369525,2614.878366579698,2629.662829752672,2636.1271057341373,2642.620156578649,2647.7538018832815,2655.592011770091,2663.689587442845,2669.61704209668,2675.572326180613,2679.826203357169,2683.676337420277,2688.4991186000166,2692.309793090963,2694.084958346699,2697.441079864682,2700.761830343398,2710.85064039575,2716.5731325112633,2717.781382361226,2719.3319735553764,2725.37968222154,2732.6744503171435,2738.3006543823976,2740.406133529924,2744.690566232137,2751.334539420288,2758.965429955899,2765.935029253684,2769.456164128195,2773.476668741923,2778.293532467931,2782.7286102178127,2784.041917809233,2783.708706615495,2782.818369331902,2783.294413075988,2783.7536167326257
394347,9,"Atlanta, GA",msa,GA,1061.1624738617104,1066.374291355519,1068.7132039124833,1074.8183652747366,1078.647480527975,1086.039434915772,1090.5088598039256,1095.5360428738077,1100.6927077999637,1106.2220150112066,1110.9090075202773,1116.3565432764296,1121.843966899689,1127.709683623153,1133.2346303816075,1136.4048365792466,1141.167149423655,1145.5834781326482,1152.3488682315406,1158.4802716043826,1164.0213225078915,1170.2058129886545,1174.6632374317119,1179.2161978873507,1184.2090883545848,1191.1575541236255,1199.5985685094304,1207.4029732302615,1215.1743828292822,1221.8546051813307,1229.6023614430137,1235.9485435793915,1243.1580155364106,1245.0968635928775,1251.5065400204082,1256.1997969631527,1264.7242049748672,1270.7312095337657,1277.3328371353275,1284.1523986697252,1290.8465605904435,1296.8583796466141,1302.6554791796937,1307.8882402864135,1312.6627465671088,1324.0380195204937,1334.271106692951,1343.9177856592135,1349.239077254991,1354.6002571936722,1360.0694549569832,1366.0164902228846,1371.7656219247497,1378.5281259694107,1384.3691908647374,1391.369419310041,1398.2176187472387,1402.1861154614435,1404.9319478234618,1408.7959005756031,1413.72112265967,1419.2453246106566,1426.8936752226477,1428.8547463779144,1429.7200367945843,1431.544041901722,1439.8497403584095,1448.3908908007684,1457.9981302791105,1469.4243710907776,1483.987749518774,1499.8016524815757,1518.5381596557645,1538.2225126429119,1556.2124337416042,1577.9369797975023,1602.532239692763,1634.642839453891,1666.2403310830489,1701.6749678694182,1733.1017420579683,1760.6940359113785,1780.3228403023331,1794.040816804349,1803.3812149530183,1810.4843623075333,1820.4430311886626,1832.4178482811994,1846.9795775457117,1859.5331964051632,1872.4117693592873,1878.7437587755512,1880.184069386404,1878.4820971723148,1880.0328298472614,1886.4714979991984,1889.1905816519695,1891.3606962222057,1898.0009473657135,1902.2602795259672,1904.1936957904102,1898.2860838322708,1894.9437312681498,1892.5773692856972,1889.9844013337795,1888.523870113147,1886.64707729565,1887.348333760013,1891.319172633701,1895.375474136269,1895.3734406189958,1896.1448206770785,1898.8622504382713,1903.7034549563657,1905.3533024778533,1908.0605342393367,1913.5870944028838,1919.9563591560852,1926.1145138582067,1928.594309880344,1930.598633505138,1932.7378339897034,1934.9312448845244,1936.8056025009407,1937.4250675458575,1940.067701177428
394404,10,"Boston, MA",msa,MA,2106.2349984864054,2110.2724095533745,2120.71684680683,2131.613426731779,2140.2142243438016,2144.9341925614553,2147.72843933712,2154.843746317446,2164.2765410324355,2179.910680279012,2191.249136290061,2197.7704250053616,2196.9175014191596,2205.116322880292,2206.1415172461784,2212.183245394126,2215.7396761210575,2225.951731250847,2235.2842358079906,2246.7204513079173,2257.3069656949106,2265.4932812922507,2264.0315390836518,2263.8629905358875,2274.0550330893816,2287.00736980913,2301.7884147168875,2306.980783006321,2309.1429394589763,2311.8326152265713,2316.223070161785,2322.170317751399,2326.363375026573,2329.1504824845706,2340.1931541458152,2354.0302032063546,2364.904316095435,2367.5081159467886,2372.1629181924422,2379.3905907724557,2388.598573401784,2392.494429028997,2397.7673464193304,2401.5046539743416,2406.4112354076933,2415.4940048654485,2422.6095206165996,2430.591018777114,2434.422659930487,2440.716353023061,2446.399015878554,2453.7158084750586,2461.5584717937923,2471.9048952000326,2480.5055460083913,2488.8957180562975,2497.2958740261092,2503.525860068578,2509.3458075255576,2513.0766483171956,2519.5886640299896,2527.5541681243603,2538.2161841922734,2526.90411893018,,,,,,,2360.567078651562,2363.604245304228,2376.0108593848045,2394.995475647851,2412.846434605453,2432.336494745212,2457.715570317174,2488.6451497333587,2520.9592947791643,2552.4197164287693,2590.2720835894347,2629.4466460947683,2661.690766709753,2681.3454904557034,2691.9940204226587,2693.892207181511,2701.3923612593653,2719.388101188076,2746.5372199331996,2774.369923045812,2802.3368390183637,2834.2804285726465,2863.439505924536,2883.2407962338666,2891.1667277783076,2893.7126863709727,2895.722408378581,2908.6704030656465,2925.728997032562,2947.5340034371384,2961.530261452641,2974.7820429036137,2985.3029581316073,3000.30454849047,3014.3714804405777,3026.552783800498,3038.445971080819,3049.3195448670594,3059.911418143095,3073.001914333035,3084.0929327664094,3094.615883406329,3101.9962360659633,3110.404817371932,3114.2621368837176,3113.2094604099652,3113.2187384971653,3118.7655666795736,3131.191764391415,3148.6610400764016,3167.4180125675102,3179.484894801801,3188.958603067293,3193.3581194010276,3201.4578042005196,3208.6189630290187
394976,11,"Phoenix, AZ",msa,AZ,969.1009425836737,980.1772130533506,984.4777385191286,994.0338036418115,994.775483021393,1001.0847580284825,1002.1091605947864,1005.6136603085897,1010.9413001615229,1017.7030769032017,1024.0392388263033,1029.0451679466712,1034.0152136299787,1035.7469526427312,1039.23314668206,1041.4268004239325,1047.595826219376,1052.8591516354454,1058.8335812996993,1063.8350334864529,1067.5406852082253,1070.9273487303215,1075.275728869804,1079.8494213443842,1087.0270417595136,1093.049704377657,1101.059218265824,1105.1750279337882,1112.5375845416365,1117.0632737304627,1123.6920603781437,1128.4533402703594,1134.5084499801287,1140.3946722554438,1146.6666602419102,1151.8537615769828,1157.7561036510656,1162.3986617268051,1170.6824382957768,1178.6858480574233,1186.6980265294571,1193.8744262596404,1201.788323457673,1210.3609745696406,1219.3025391242193,1227.6208995734785,1236.1536220669518,1244.6385208016397,1250.7163024464132,1259.6081494423986,1265.5594716874004,1274.317117982469,1281.133795080174,1290.5421458234819,1298.6229879311984,1307.6914812986342,1316.4101956380755,1326.1355146724466,1335.6599807683695,1346.2199737069498,1358.180049772071,1369.4300429268783,1372.4726395962305,1371.2589695760646,1368.0657272239146,1368.7033940446129,1377.1736312156713,1390.121211505447,1406.5285237829958,1424.7362819062319,1443.1016154198596,1459.3554595413277,1476.579233410829,1492.4896824780367,1514.2797335082491,1542.8150141119024,1581.7079446456967,1624.894982681743,1666.637887913209,1703.9902817167142,1736.286154272702,1763.631714055433,1785.0307026303792,1802.5790404420661,1817.5388463642757,1830.3568965283685,1840.4552045585247,1849.1842273914624,1853.241424450276,1855.0269289335474,1853.440606664739,1850.6810848874738,1843.7648090678529,1839.6859838987334,1838.610499138325,1841.8561084541068,1841.7872744008287,1844.0410388360872,1851.581318662384,1854.9531243569506,1855.83498140164,1850.5835791483066,1850.8119071384117,1849.5780116469698,1849.3505794294895,1849.722054139756,1850.1690158530391,1850.0402103700249,1851.6237017800963,1853.342311368488,1853.3078454117317,1854.966820132114,1857.561772194989,1859.328409498648,1860.342233025155,1862.9302898111443,1866.7651430125882,1868.9128355016421,1869.8873267095373,1869.210689658405,1868.4303485296764,1866.112241776765,1862.2111085580098,1858.2933785074658,1854.7035523767527,1854.1803242134265
395057,12,"San Francisco, CA",msa,CA,2344.1700517676863,2359.980595446556,2392.552325273366,2417.1266886120598,2434.092604700341,2451.0821405205634,2477.5120540340627,2501.185818944189,2523.36628238595,2534.0955271617386,2549.6687536870745,2563.566298320652,2582.868663448994,2598.0205178363162,2599.0019830592732,2607.7492773645636,2607.8235748019088,2615.9433658268617,2618.537914148071,2621.0557486702605,2619.1671192966105,2614.833692290757,2618.7238638758154,2624.7401238208045,2636.0039735223786,2650.11192020379,2667.4472863810324,2674.2763214154884,2680.628064330151,2690.6125842731494,2697.824558412051,2707.031809398481,2716.1052591752327,2728.7173316496405,2733.860467403595,2743.857823782397,2750.3879152581217,2761.9857240633996,2764.662891231345,2773.3952706637924,2781.06255106621,2789.642839939423,2796.7767313076192,2805.838257937569,2814.155486984614,2825.020130987705,2832.9523795997857,2840.121039782948,2844.098884747979,2848.2691137397733,2855.9230275192613,2862.5870458332247,2872.159023285935,2877.2130130948185,2885.257512731603,2890.5013667821327,2896.955593884078,2900.2291098326627,2907.312858916106,2911.862744095131,2919.1182690972614,2923.044247318196,2923.2692665165378,2907.193322072798,2885.154422253673,,,,,2716.0651686994875,2699.2813745169633,2691.535500440195,2684.7721760824734,2688.817285298866,2695.840141381889,2710.6202317070415,2731.730064127056,2764.076640253839,2799.5523171952673,2837.006130498008,2865.3430213936326,2887.101381119439,2904.888050776223,2921.742660171176,2939.8378311964366,2954.299747636226,2964.0019537409376,2975.5931598257225,2986.0733133752806,2997.362828290472,3006.244569793093,3015.578734181848,3024.753869798213,3030.8299824810288,3032.1920951264115,3030.0735460334586,3024.785930781487,3025.3462761136843,3031.9277666533308,3031.1342384050577,3029.0946583926557,3018.417945842489,3017.7218673612642,3017.1345910278765,3017.5208771138114,3021.4259596545558,3018.1981882844493,3021.9289260915234,3027.5894086430594,3037.4420758873207,3044.335208192307,3051.5749603738645,3060.4478228152225,3067.9072149080803,3073.597133956573,3079.557384403139,3087.3856774483042,3095.804708039748,3113.182103227062,3127.5403736804856,3142.413382478472,3152.452043698982,3163.61785990143,3178.4248415145235,3193.6910114546927,3215.0073919234605
395025,13,"Riverside, CA",msa,CA,1349.6360133581425,1351.6405312817872,1355.748331253427,1362.1960732000473,1368.1701074303933,1374.5268748388958,1380.0145886008486,1387.4466821101914,1394.8408995262894,1403.21931502089,1408.467623918955,1415.4978663478669,1419.4280012170977,1427.4288797430163,1431.8702985326622,1434.7932324678363,1439.5026666031265,1442.5298990762074,1449.6852780259167,1453.8499696547476,1463.558238285274,1468.9863407677753,1476.198702035683,1480.9282490971157,1492.2819155881396,1501.0591989842787,1511.0911234552584,1521.9717041235817,1530.635137779309,1541.06434278806,1547.2198864651277,1556.3258365577753,1561.1013400779061,1568.6442553644515,1576.434175025732,1584.6288586533578,1590.7349424311565,1599.9229137168181,1609.5431167073352,1617.4279248707367,1622.846147073609,1631.1743349905282,1639.3045313377993,1648.4191308811473,1656.0514578468876,1665.1821784595181,1673.8528849170268,1681.7047372173713,1688.6750464758693,1692.6969341065155,1697.7030231070084,1703.9722094305064,1712.9803852293535,1719.1618195318358,1726.7839502109696,1732.6720460800143,1740.6659675420005,1746.8995817877644,1753.0618086464615,1760.1007152014977,1767.5422039401938,1776.1335895220993,1778.3994550131672,1777.6550109187142,1777.2886133574173,1787.9865305749408,1803.700403362906,1827.8387365264446,1851.5821399138813,1881.235104913849,1907.458805646795,1933.5998753777408,1954.8296688931896,1979.6934491952643,2006.007445424284,2031.3727045642506,2068.1858814251273,2101.582394284019,2145.6901288158087,2179.866234016021,2212.8479637961636,2232.3274227288694,2252.0023074859155,2269.5665449576836,2294.6977106085324,2316.1488983467716,2339.823647159536,2370.041110532646,2385.5837013382506,2400.928479084071,2401.2773727045624,2401.998734219991,2402.214348663635,2397.985148466387,2402.9465711764215,2408.0448715230104,2416.834689090602,2421.79938589875,2429.434083426647,2435.4805842041037,2442.8593697007614,2442.6976016958824,2443.7371580129807,2447.6804136962674,2449.1565603004337,2462.696599916124,2470.2051076732464,2474.88867522552,2471.678899379263,2475.550856731036,2485.2197968305068,2494.0279411352076,2500.9463750625305,2508.0318762028555,2520.5307642882995,2531.6184329137736,2544.1358777320274,2551.1826961218135,2557.4966285351757,2565.4966103596644,2575.553863724189,2581.996273087283,2581.438235419638,2580.4093354233423,2582.2402227844445,2587.1306706894343
394532,14,"Detroit, MI",msa,MI,893.6851151613465,896.809057611855,901.3127696901896,905.0526027560101,908.402931973132,910.4012086006368,913.3589298504547,916.1401827715712,919.6031994074068,921.4603606671963,925.2084376981322,926.6785389671484,930.94815384617,932.1294001446665,933.249918932892,934.3286189048032,936.2761095852059,938.8697680604308,942.7108191108632,947.1772453397135,949.4339110970548,954.0675552392429,956.5593472108951,960.7114352510853,962.0261906046173,966.3583204824338,971.0220322980784,978.0461521451232,983.0350152323168,988.4595971003818,991.1173331887292,994.2173632042221,997.9989791061405,1001.2574689579416,1005.2675797158385,1010.0212831136092,1013.5621215809457,1016.4677457202282,1019.1880660512555,1022.0310884866345,1025.6275535617742,1028.5655654598256,1032.2207058009117,1035.9312875068902,1042.6482987905354,1045.5832379698772,1048.1485203886834,1048.5096231156108,1055.6400467174617,1061.8742643509931,1066.3429777871338,1069.5032581066775,1072.8711587245327,1076.3826770281587,1080.3568434539727,1083.8512637717938,1085.0018355357727,1088.8223483333734,1092.8264787711928,1097.7400635161011,1098.3091771921997,1099.1866610495383,1104.4228823394662,1108.5675910633606,1110.990061217143,1114.5019816040888,1124.2056036150848,1134.8536911201434,1145.086791540382,1154.2184288760266,1163.4321063601603,1174.048140289655,1184.2215069876238,1196.2540081995749,1205.5347149453937,1216.3723878296407,1228.222023851903,1240.9787649312507,1253.119444803479,1268.7122416975562,1280.99704753711,1294.3784344467833,1302.7020979518365,1315.2587204014837,1323.822177596309,1333.6380778561008,1340.0269304281514,1350.8148989078568,1360.5348116887349,1372.6919667113266,1378.8120142275536,1380.4591379451685,1383.55457837876,1382.8721699186149,1387.0559287496824,1387.240789995832,1392.5775094532146,1394.9969126036267,1398.5797726540718,1401.1831632464075,1403.6133416314356,1405.8666905627183,1408.5585591997817,1412.4388668437373,1417.9797787840846,1422.9551950639645,1432.4091547538796,1437.6510371058307,1444.7553085703153,1446.709582567425,1455.0879211702907,1459.667958939439,1469.589083915942,1474.6847967784172,1481.6925577864386,1488.9210259941378,1494.5646003443171,1502.0748310760803,1504.4219662486553,1510.8552892473308,1513.7717778588838,1521.5692668488666,1524.2621113989562,1529.1302022939522,1529.7468776081832,1533.3537768091246
395078,15,"Seattle, WA",msa,WA,1411.052471788403,1417.020918973442,1427.5849665759479,1430.7394488142943,1437.1380814791792,1443.0008303746217,1456.3661986833588,1467.3523900815837,1478.0642657186163,1488.6518868904207,1493.6956872359845,1502.9809292340144,1511.1709365935446,1525.4775608000218,1528.6699567946666,1538.3741571267396,1548.930915572837,1563.5335352836591,1573.9283785356947,1579.5008969848234,1586.9692783393948,1595.667464436479,1606.5917062752426,1614.0954855735315,1623.4666818952444,1635.187385638814,1654.0111452266958,1666.5484218128995,1677.2596099101431,1685.5947140607154,1692.3655393853687,1700.3772643700233,1706.3188292128689,1711.9654645901508,1713.27057017454,1715.739600545591,1720.374297905196,1725.5543246768,1730.2091576136963,1734.7771314913252,1741.5864861075638,1746.763531049654,1750.9125225576806,1754.5380764656509,1759.7435817946725,1765.1722112418565,1775.0748082235061,1782.749313116887,1788.4340180615643,1793.1090226806923,1796.0368283766622,1801.237635304116,1805.525249304169,1811.5804663126012,1820.100626527196,1829.7027623317254,1838.870025529391,1847.8370457148976,1855.313326562872,1864.772350080295,1874.6861823271383,1884.7932891655946,1895.0074590823565,1884.8348439249983,1869.934538334978,1850.3733154747322,1841.846068566828,1835.3089550195696,1828.187912306884,1820.3871849348147,1811.4366201168823,1804.4161924181963,1807.7801909306104,1814.771362430576,1829.2408867908516,1848.918193192742,1877.2858336945833,1910.3619824692144,1943.2495729936884,1977.759906756711,2010.4070837148442,2037.237170831677,2059.805198634845,2078.206559335654,2090.7811760458644,2103.806985074312,2113.585417246616,2129.3134549020633,2143.1512123695697,2159.9155308659483,2171.894623244327,2175.7254558265054,2175.130079599144,2174.297221773904,2172.8440370054805,2172.7257929174393,2172.0571609305334,2176.3204333536482,2182.9249366600234,2184.6010454395764,2185.0317879571853,2181.4419065249353,2182.688317259347,2188.3944314081427,2193.7431914201925,2201.3195299496165,2206.110752996136,2214.9721638311885,2224.8337261279084,2233.482577976634,2241.3713546727045,2249.2078372525552,2257.5511285676084,2260.8683148291107,2265.1970194252094,2269.5161897006237,2276.547175859226,2283.019178967476,2292.5539306111273,2298.6983934376094,2304.7930102045925,2308.784343219467,2312.2924062066368,2316.504563963829,2320.829055163283,2330.0618989472473
394865,16,"Minneapolis, MN",msa,MN,1158.0481568747234,1163.3234652713793,1167.3898098482969,1171.0628968063636,1176.2458845165693,1179.8010081027508,1185.0000261121186,1186.8312185266993,1190.8931468327903,1190.6309365063332,1196.5649243853065,1201.4981860074809,1204.8182515000697,1205.100332036667,1206.5323264879207,1214.7742090392019,1221.4681608620594,1228.3358730983516,1230.1431003934858,1235.7629569938156,1240.9338405961294,1249.9036271715117,1254.7014311450582,1255.5692482731804,1259.4545253712017,1266.8047145496769,1274.683161362075,1279.0257048907993,1282.3523334362392,1289.6987258398356,1295.9278205330345,1301.5542237722625,1305.8016563469835,1309.7461741945017,1312.2778855600302,1319.5887522382397,1326.8285032367678,1335.1185241212395,1339.7642024746176,1341.5999360961246,1342.422142268051,1343.2432520412071,1350.298290784427,1356.6084012696278,1362.6436420303098,1366.6011624020787,1373.1700820691292,1379.3182886741383,1383.8749050300032,1385.6786951476959,1390.254506239868,1397.3459807809957,1405.9853106849828,1412.5985607502735,1415.851949655047,1419.2103879196836,1423.4408103866688,1428.6739688072703,1433.2211077715876,1436.5057618878498,1440.4452492321423,1445.2644154060413,1446.7491334662625,1444.1966376081534,1438.787232322799,1439.5041725625988,1440.6257649974664,1445.1128825249339,1446.4559063057764,1449.7065751587822,1448.1137935375705,1448.088935016792,1446.7040457143985,1447.8581517918217,1452.7449229762283,1460.901213941,1472.1368686191797,1483.1656878831593,1492.506938873542,1501.1339573791272,1509.9509591050426,1516.4520256455214,1523.239590901511,1529.6567803973676,1536.9760988717044,1543.597552542817,1549.2030847411402,1555.1540090183996,1561.4073587849164,1566.3745376990503,1571.387207794557,1573.3962571867326,1576.6829315211016,1578.6075933027437,1581.5660448091571,1584.4078685054615,1588.359346154316,1592.8491467047784,1597.8466619888543,1599.7434435597756,1602.1415498728572,1603.3002871488245,1607.1356585074832,1608.9633841780787,1609.489117247979,1614.506222699434,1620.7730475549183,1626.3518278454146,1629.3462464642216,1632.820301630974,1638.28249551396,1642.787250539052,1647.1483113112627,1648.8057470736414,1652.082088392484,1658.5101283346341,1665.4954137770094,1670.2189389899136,1673.643555535427,1677.8050156109673,1683.4254950449429,1688.6644460095895,1692.376903393855,1698.4131750791626,1704.3910022698255,1713.621435165619
395056,17,"San Diego, CA",msa,CA,1740.9443637755364,1749.9394211932579,1757.0924163997686,1758.48764104081,1763.9585142126027,1768.8166186268097,1781.8211595634218,1793.638569580949,1805.2538254154504,1815.480058007308,1821.6786030270998,1833.0906313716928,1839.5435692541646,1846.6939805217637,1852.7296432758183,1860.5044479755486,1867.4138535727327,1878.7012271192796,1887.1970980731696,1895.9095664609022,1902.561945756634,1911.1825031835945,1920.8340954838152,1928.3085020295475,1936.2903574358286,1948.9369624975445,1963.9176905685001,1979.515751192399,1990.877791700689,1999.0059081426737,2006.7332646460818,2011.9061848868066,2019.7927747808194,2026.8011018233447,2036.5299117958716,2042.4766433858374,2054.460106310499,2063.718466624732,2074.725643457137,2081.9250725823736,2091.5030207236023,2098.5322852527424,2105.179657484671,2113.530501663164,2122.962090408193,2130.9124981600125,2134.6994963750403,2141.8077747726297,2148.034346118362,2154.816756945717,2157.051819139848,2161.8562343883386,2167.0519931532613,2174.887741474833,2183.4487319542427,2191.841698267827,2198.3245121477607,2205.91536247941,2215.1549219124017,2223.982947276617,2230.498787436893,2237.0108506782694,2236.81200470955,2228.868804501805,2218.6355628082383,2212.989401729448,2215.6710191406537,2219.2840338232836,2228.4272022975915,2247.9059316181742,2270.740031428192,2289.1249793783813,2304.665777991882,2320.092567287558,2339.2452193356803,2365.409236381675,2397.649559263724,2430.035204010921,2470.6017997916842,2515.94736917637,2569.612224045258,2611.1077797224416,2649.1179973190947,2680.3139325978877,2713.2383783307937,2746.263871697255,2775.1748140740574,2810.099187652768,2841.46228464631,2876.818108919754,2898.815187236244,2920.4472544285363,2925.880396596177,2930.2905242043057,2928.1416954403862,2936.5286006952683,2943.4766211137453,2954.493506808381,2972.7562926971164,2989.940186929972,3008.604929379348,3015.8956409019775,3023.894303638249,3028.152610071078,3031.0632234285026,3030.241014980461,3026.336810028947,3026.096358516147,3028.648946243796,3036.3052259929573,3040.4307980742683,3047.9381751171,3051.9760008135772,3057.445001539828,3061.7953852433434,3066.60637712339,3076.682892580904,3090.928574371105,3109.7336765670357,3120.492768003304,3127.761858319546,3127.4324380388716,3125.6039472579982,3118.8971287905424,3113.583155695931,3110.7095727616233
395148,18,"Tampa, FL",msa,FL,1099.8959905906984,1103.110081702996,1107.2693258558024,1112.4616835713125,1118.8714014353552,1124.9229792840906,1130.9380917122535,1135.3928936727752,1139.4242749625012,1144.8227008257802,1151.3541861018618,1158.28116307091,1163.3099592620115,1167.8685612351708,1170.1354932199044,1173.9253247646964,1175.7069366017947,1180.690014178425,1183.4964128315391,1189.6733422990492,1196.831996190044,1203.75451402079,1208.198812890607,1210.1064706660968,1215.8048685175938,1221.156891925977,1229.5705887970964,1234.8993678693475,1241.9036899121968,1246.6012039790023,1250.9107908515073,1253.298950641008,1257.363360928536,1262.0310665148115,1267.9981993443796,1275.3175315635813,1282.0123112958006,1289.1227764403573,1293.2306738337063,1298.9125831224483,1304.2719898711048,1310.8931626197493,1317.260097410911,1323.323796973642,1325.9249777760228,1330.6837677094543,1338.4677352618182,1343.8245688718698,1348.2341342112882,1350.878333102933,1356.0911087675654,1361.3367705494009,1366.4214525007874,1371.033523658017,1376.5352386592872,1382.5475442300371,1390.2301145953156,1395.944262177505,1399.1769335858078,1404.2066334397382,1409.5994138513267,1416.334518663302,1426.8678483547599,1427.4419220256475,1425.9247367933922,1422.5428305699909,1430.194803357825,1439.4869859431374,1451.5381262573367,1464.2279551332608,1480.3233459264402,1495.4327377589786,1512.545181130151,1531.873090552177,1550.4593102543388,1577.4695033356372,1612.1137740655993,1657.5485263332955,1702.5229681632386,1750.8481412858207,1794.7007028460766,1831.60771222664,1857.4719465739263,1885.0645214333629,1907.7515207489669,1931.049964578342,1949.1956383907143,1972.2701370053533,1993.4462876491546,2011.0994132838614,2021.014412105499,2019.783412500004,2016.9557280502836,2015.1030187137058,2022.2519361308648,2027.2151103382018,2036.1667864824617,2041.111924691448,2054.008588279068,2061.7360273294444,2067.9758414037033,2066.0256064086548,2066.3275572678986,2071.1328739530004,2074.6292004744028,2076.828573419213,2075.6102457288744,2073.5815505741207,2074.922062939076,2075.651745394815,2079.0015470936373,2082.35130248935,2086.1999475319835,2092.725440250595,2098.283433910967,2104.2826688113128,2112.2837817497652,2121.578617226131,2130.5929024418874,2140.2078141071893,2145.567640881639,2152.5604362657723,2154.2537739826994,2156.72965086656,2159.3603206734774,2163.9387182650084
394530,19,"Denver, CO",msa,CO,1324.4792432746624,1341.26029054889,1357.4057322740302,1370.3998303547928,1376.040802747608,1386.0126026456396,1392.1327232681076,1399.523370047409,1405.1115481193533,1415.592505125441,1423.2082728137525,1433.0137521170254,1440.1856471865208,1444.841703918663,1445.095066830181,1442.9249973076976,1447.3043735321503,1453.483266565334,1458.1294669591236,1460.9219266719506,1462.748991654927,1463.8485894834791,1465.9710858969354,1469.9335345417671,1476.5931405193337,1484.0906905571087,1493.3309092772001,1503.2072207600813,1511.1601301896974,1515.6224852770883,1520.6519708750156,1525.903894543423,1532.2371736639063,1535.3989646876519,1539.291727966253,1545.7427792000667,1550.3605076773958,1556.1903869439175,1560.3349183649489,1566.336973431272,1568.4366613969314,1572.380840380163,1577.2333493060496,1585.2475507421902,1590.7545071855213,1596.2642857097144,1600.6304790084846,1605.7947522603,1611.1646246384594,1616.6043119499907,1621.1627748552621,1624.506905449527,1630.6585919222423,1636.49028148953,1641.6409115358842,1644.4304028976253,1648.7127083947114,1654.4253944067648,1660.322950064264,1663.689274099753,1667.2234650959776,1669.918296343693,1674.027975586545,,1651.3376521758844,,,1645.7521722404404,1651.2374190160283,1654.7081519638657,1658.5457787902062,1662.8191705690058,1669.4467730231881,1678.3424803094701,1687.9114202105554,1707.249764638331,1731.9536366253274,1762.6483696787514,1790.4129022065713,1819.3835592802968,1845.1254935659208,1862.5123633409667,1877.577237795113,1890.413357567346,1905.8253746176158,1918.0417204307194,1931.081766807649,1946.2408570197617,1960.1544961116676,1969.353328867761,1974.9365151207285,1974.8345735934756,1974.1755191485931,1979.5316235988553,1983.8384682699023,1991.4807064221848,1993.8865484258736,2002.705077654221,2011.8980405057634,2015.8059435418813,2018.4141900723191,2018.4608691343126,2018.9940814725223,2022.8967538862382,2026.8192686346579,2035.1670905535423,2042.7695433025067,2049.557582631506,2057.756440391979,2060.991995975071,2061.777219270656,2057.98220689743,2057.136429664988,2055.74303409884,2057.9917383035054,2059.3040177434536,2060.725639729694,2056.826193189547,2053.554218013807,2048.785705453357,2043.9485232546706,2039.4753342626268,2035.617800880321,2036.0308159475524,2034.07842624434,2033.5916455483432
394358,20,"Baltimore, MD",msa,MD,1374.2757062900143,1376.2108240881876,1375.998288096208,1378.8184864613286,1382.5072324932287,1384.8985922925515,1389.6440190828912,1391.5568775080735,1395.3896852462374,1396.7763239372111,1398.333513423412,1401.0021231875583,1403.4346597805456,1405.5948689984618,1406.0915167368842,1407.1394717924359,1404.9574565821556,1404.428542172532,1401.8924499440202,1403.3000899369583,1404.018250481127,1406.8809814796703,1408.9591167604601,1407.8638429795903,1412.2119942394795,1413.6912750442782,1419.6359990947033,1419.6872769357615,1426.8056768604208,1431.7220846946707,1435.456444342078,1433.5547050792352,1433.0140849537606,1435.2497187239633,1434.5197414828122,1438.250624747346,1437.2305661044893,1444.0430386588685,1444.4520512459214,1448.2359727053733,1448.877687410667,1450.0452724458598,1452.594076436011,1455.3506535823963,1458.3367861385318,1462.2191438679722,1465.8195190931099,1471.0297209049959,1471.3897358224908,1474.4938484660724,1477.36229399519,1480.4171901533653,1483.2108603451452,1486.5064687733823,1489.7238096536628,1494.8426325965702,1499.2694553398624,1501.3510869224021,1505.2944430189275,1506.5153873508477,1512.7640636970882,1513.8049603721574,1515.0162433009682,1510.26951840757,1506.9254896920902,1505.774988405258,1508.5391453483946,1511.7539998631598,1517.1656797106255,1529.6056089315234,1540.753160337195,1550.9561449154148,1556.621309771891,1565.5552750923548,1572.4943179804247,1587.8975717870699,1607.386901374723,1629.3925945617902,1649.9156649149174,1672.3151673709667,1694.2125751767903,1701.6960168333828,1712.8235880951916,1723.4228046109738,1738.922007792557,1745.8458900364622,1753.5482419099026,1766.5914543358751,1774.8204192700066,1784.6053436281836,1789.2631067985924,1791.8134964422602,1789.8812634795545,1791.1695944003566,1792.9239080347038,1797.374901618481,1804.7732158534516,1815.25167362677,1826.1802633609877,1828.095349603757,1831.8301644981364,1832.6296213606133,1837.6134970587145,1839.292377492925,1844.4200091023706,1847.6200261746278,1853.4212823388705,1855.4979447163116,1857.8923545220334,1861.764011923285,1866.7501061944524,1874.3592096811224,1883.5754818351813,1893.2720040242705,1899.3201949951492,1908.036555271697,1915.7618600616272,1925.66678202636,1932.0411310486659,1939.5819481510582,1944.0490448658265,1947.022612505973,1948.326568184562,1950.1672177956611,1950.2371936882712,1950.440619279797
395121,21,"St. Louis, MO",msa,MO,911.9077834519717,913.5536207400488,915.0348251062185,917.8302349600342,918.602259369552,919.9846621379592,921.4857252548294,923.4700494884809,926.3879945315372,928.1096614439434,930.5201597285073,932.2520574705214,935.7209662241411,938.515767078913,938.7099904079386,938.9593101828796,940.4105172790415,942.7073382388494,944.8297369479058,945.9664239531012,947.8599111949172,950.8021543212625,952.1950442589558,953.5282250196757,954.0372366926063,956.4884615635783,961.1507197957991,964.1457911849333,966.006591017192,967.1588515531139,970.2211839753825,973.6289718902129,975.7345182668062,977.1627700279802,977.9478915964203,980.293490720723,982.6042821518535,985.508541186448,986.9434635623716,990.3324533051172,993.2531792342309,995.4485264475207,996.7640656125641,998.4985327691827,1002.7175617778099,1006.9464090312013,1010.3456271626177,1013.7661965599978,1015.5561110651516,1017.6763000372773,1020.4460763346261,1022.5293968930915,1025.4745020593282,1029.2188996993273,1032.8350143909229,1036.2331006481631,1038.2626757390065,1040.5334941288734,1044.1600884062368,1047.13587833867,1051.6001136941695,1055.262395412598,1062.4273322414513,1063.9971739581142,1065.564769091055,1066.2113274562416,1071.5276351432278,1078.493720527422,1085.797967399409,1092.2784999065648,1097.0855832342816,1102.447546962593,1107.1687504896956,1112.5558420929733,1114.9558601315462,1123.9879695679672,1133.4532775363716,1144.3908223483372,1153.3360139965084,1162.2635461206503,1176.119361491478,1185.3429852958616,1195.3838987814052,1204.6646951375867,1216.6250226596896,1229.998806079954,1238.7895516268802,1247.4893943261031,1254.7120544985214,1265.4200093798975,1274.6983292771831,1283.9948381958081,1284.4211217489762,1291.2250898670668,1295.2850427186406,1302.907492847888,1305.1096010443368,1306.8695354466852,1316.0593342973323,1322.8092189979652,1334.9116991638828,1339.5946908453384,1345.8737854512658,1346.4257013140586,1353.626662744579,1358.5655574058417,1364.4984049133718,1367.4620862461413,1370.9065759496036,1378.9864614349576,1386.811165674069,1393.5964261931874,1397.426877300062,1403.8179593660755,1408.7200884778076,1417.7221112619038,1424.5215463982565,1430.5439081681075,1436.6665947848812,1443.0126111922707,1450.7580065941709,1454.2926326177937,1454.9316567137855,1457.0526712170204,1458.676712115806,1460.8330949038618
394943,22,"Orlando, FL",msa,FL,1170.125470128788,1175.6342023363636,1180.9451947837088,1186.0919575572343,1190.3575069994763,1194.2075831837383,1198.681123858659,1204.3444387950453,1212.3146743239563,1219.6394839888535,1225.5307822699544,1230.2731608294564,1233.4298704425044,1236.4277935339699,1240.9418723423694,1245.6196237577817,1251.4297181904212,1255.402286936713,1259.9889322168399,1265.8989454771968,1271.5007610293194,1277.2807591553888,1280.868397205375,1283.0434863641715,1289.5567390782487,1297.429567237392,1301.184385391229,1307.1768762026745,1313.5566150686,1326.179812262597,1331.9672790946756,1335.4173133602142,1338.563308136299,1343.4505930114053,1352.6016663342584,1364.3385212799742,1373.4828952953585,1381.1992532285794,1388.0072750985364,1392.4418586408733,1397.8045623370183,1401.6190858003888,1411.040564952952,1419.6219226062885,1426.2498986183848,1431.952444451932,1437.727806353828,1442.1179742767722,1447.945510274644,1450.2405136297432,1456.887831963019,1464.1281508367467,1470.1394029590263,1474.423493681269,1477.5591408741377,1482.053145591042,1488.0500082315182,1493.67023609421,1497.41838578362,1501.1323854048458,1504.0037998583769,1509.8723602174932,1514.1264580529457,1511.2085283653405,1504.7889698040112,1498.0233814739045,1499.4786160653439,1499.506858846666,1502.7525160565485,1506.027232909871,1516.3770983404668,1526.1238330508527,1540.1264779690866,1553.3566890039726,1568.1334327051716,1588.0937187753427,1614.2972590770391,1649.9574029162231,1685.0170465609149,1726.579796563312,1769.6643904643745,1810.939221440281,1841.0023468240552,1864.5914974016462,1883.5201304639763,1902.7437560630988,1925.3359529557654,1950.0453943819605,1975.7040209974487,1995.6240237783538,2011.9922836054961,2018.9342092103632,2016.340086040706,2016.0714765114312,2019.2282694911457,2026.0610853358933,2029.5153802132404,2034.0635555043768,2041.5685314320178,2045.0220075583331,2045.2640866796257,2039.060105361437,2035.4461891888777,2035.343793381154,2034.220650373451,2035.5286845774708,2034.4510584816742,2038.2654990000296,2042.1497801903076,2044.362679100583,2043.7489029642663,2046.4067046856528,2049.748829130399,2053.895433385878,2056.937857665955,2059.4249831449742,2065.825726648611,2068.7651530556245,2073.0690959089707,2072.233181748133,2072.70599610659,2072.921454932251,2072.1639346475868,2069.331095635138,2066.2349711552106,2065.526817246711
394458,23,"Charlotte, NC",msa,NC,1046.4883976884537,1050.56164710873,1052.640200744454,1060.0396446947848,1064.8735452094481,1070.9806372784162,1074.4361762580154,1080.4341644460424,1085.0699832709183,1089.6088895725331,1095.1095348828894,1100.257795430723,1106.208436576536,1110.3380875746316,1113.8846114697135,1114.359053679527,1115.5388230471897,1118.1874373034084,1124.6098841404423,1130.6994707282659,1136.3828860438055,1143.9758336177958,1146.0649246559262,1148.3351655413041,1151.9057252960113,1158.9401074711873,1169.7998934032241,1177.746927800977,1185.296709993156,1190.1233213113453,1193.2739118022064,1196.4253035756767,1201.8032648443316,1203.013290437955,1209.2437535139597,1213.5041980519695,1217.8903187629305,1222.4795799342833,1224.1154095361387,1231.320940023685,1235.0040665957067,1241.8205358219934,1246.4927171816514,1251.686208993191,1251.2028346986674,1255.9458145757321,1262.6401134702935,1273.085189463135,1280.9744674564627,1285.4496125274065,1290.4900547682244,1293.0336189168338,1298.333470205536,1302.0638189474123,1307.4180674037225,1312.1701283982447,1320.159426420985,1325.4788678315806,1327.5805507831537,1327.3991057685014,1328.5635814502054,1331.307781820015,1345.2348184550185,1341.9912863412196,1340.3841490828588,1334.355653846382,1339.9876009203283,1346.806538067956,1354.1137344427405,1363.7179148810371,1375.0053254104143,1384.7893167321868,1394.3575041581712,1404.1522055305593,1414.8029357453581,1434.8691486478135,1455.8723452165962,1480.6054556345368,1501.7828625402897,1528.1647399593471,1554.651373284167,1577.0830256236486,1593.820739996313,1611.4919061260018,1625.8210035493096,1639.6578926859095,1649.863378255496,1664.4884317574688,1681.3164441534373,1700.7902814134918,1718.6122092621324,1725.4068733971328,1725.6448503955241,1727.1082919421685,1732.9056680127285,1740.6250916646977,1745.4089737448153,1749.7207868803098,1756.8962496972001,1760.778608460494,1765.6663670345756,1765.377057005845,1764.3209169691922,1764.6940307571658,1765.4412576149768,1768.8748635383897,1767.100212624729,1768.9672457706927,1770.3246631349352,1774.7241961983914,1774.1887287000202,1775.9718833273039,1776.2756905444935,1780.947922589651,1782.2865089977806,1786.1440255079528,1792.3018153602968,1796.035079522812,1802.1822213570924,1803.8298052536802,1807.4036581936812,1808.4214879553424,1812.1027429774301,1813.9078017571846,1815.5414546161899,1815.292993657006
395055,24,"San Antonio, TX",msa,TX,1076.5781437798612,1080.0613685771493,1083.152607719349,1086.0983936700704,1090.5388002916825,1094.1568958506737,1097.062957933865,1097.1284787618645,1100.200948261342,1107.1582836979744,1112.2333152556243,1116.8862450065753,1118.103573428418,1120.7328190779283,1123.6751307075283,1127.2280871893292,1129.4952800641252,1131.0157064212137,1133.7270890315506,1138.4587185685361,1143.3502890881462,1145.5238329061538,1150.5301520997762,1153.645876838046,1159.2427441907319,1161.363999126393,1165.0344629679314,1167.9746146094233,1171.2809907296485,1175.744465412296,1178.0799458671179,1177.8668310907626,1178.3578541911775,1179.4408871634912,1181.5175537455277,1183.8542198785308,1186.8339631206175,1191.6818312944943,1194.4492932804933,1195.8926951519343,1197.1513707993713,1199.3371411196872,1203.7075131444315,1208.2648545552433,1211.392748906907,1215.2604623575742,1218.6263797520232,1220.4563659077403,1222.9349290554765,1224.6091263388964,1227.3372899809476,1231.3710568567838,1235.637680251106,1238.8287764025724,1241.141295930209,1244.2400774326895,1247.9762352446237,1251.354363817767,1254.1731380480921,1258.5334211127004,1261.7380378828448,1265.3874574305398,1267.030204158554,1266.1176097813313,1261.9723109315291,1259.1313489857826,1261.283484987579,1262.9461294664952,1266.390976381302,1271.0728715599196,1279.145144833326,1286.733304852526,1293.2941260179864,1297.6283824005404,1304.2396508535924,1316.998288518947,1334.3831957029004,1354.6036487631661,1374.131264076414,1396.2261781743375,1417.6234412913386,1435.4987692960076,1448.662885896239,1459.9368730917267,1469.4725912005676,1481.9392550258376,1490.8839510183632,1500.4947279834173,1507.2546930169426,1514.697706017852,1522.8710277016046,1525.0112071623175,1523.722822435655,1520.73581196222,1520.5556138414956,1521.6537133007446,1526.4652225219772,1527.774670256484,1533.5850019950983,1531.1376230710016,1532.0272539578957,1525.9274404645764,1520.800910521719,1516.25986852682,1515.471336785147,1519.6064237301655,1522.5532103358596,1523.8919726763381,1519.1376943959713,1515.752570028198,1512.0014085299154,1514.0686340045625,1513.5153387024645,1515.3047947277375,1515.6508979175276,1517.361934361629,1517.4435128824507,1514.7798581107422,1512.047836079997,1509.855273276004,1510.3876800708324,1510.6129254259338,1509.228747472776,1506.5455987399423,1504.2701398394865,1502.8065057202894
394998,25,"Portland, OR",msa,OR,1182.195329147044,1190.5047651103373,1203.0911556179567,1214.4228849461754,1225.6871871798585,1234.5397536139637,1246.9956630004347,1258.2291081991632,1273.1511218192054,1285.1375748931737,1292.7836505263829,1299.2811589914156,1304.829808807894,1313.5126444771095,1318.763652335927,1323.0702323420603,1329.8191679511526,1337.0709763367545,1340.453259323141,1342.1036167200164,1345.0136969960909,1350.3729988995885,1355.4527892954773,1362.0897931130726,1369.9452730807882,1380.1270109800314,1388.8757371019187,1397.0183167469174,1398.9118488158151,1401.6037418049243,1401.7278853553391,1405.7208827094237,1406.8696092503435,1408.3498347145974,1411.143665300016,1413.0528103521497,1415.2645460060182,1415.9108842871426,1419.5655195337279,1425.078713744363,1430.6449178220637,1435.3700698488576,1438.6500668243907,1443.2749195236768,1446.900050481562,1452.4310925708805,1456.8588856362276,1464.0929821659845,1469.664963650356,1472.4756606112633,1474.9994708844656,1476.5610494325306,1480.6008797173079,1484.7950819859946,1492.026118826001,1496.591160173241,1502.835425086569,1506.8546989353194,1511.1829097625323,1513.40088013199,1516.560966980296,1522.0816948827892,1527.6476447269206,1522.5396472156594,1513.3875566136157,1508.815700262011,1513.9740442289499,1521.0584166490364,1526.0557141700135,1528.9047635640984,1532.9707941105673,1536.559162349154,1546.2753446058107,1555.4207123411097,1566.2769029375543,1582.917668926072,1603.161620408574,1626.0218355418135,1641.3545287864129,1660.3152215804398,1679.5964811101142,1699.5805887455074,1714.2194652168632,1725.65821033226,1733.1198862867416,1742.1712071040001,1751.4463295211242,1765.3562484689826,1780.6174341658793,1797.9077848077757,1811.4266941947126,1818.848081941772,1822.204944725755,1823.494167722818,1827.6265129377107,1834.84476583499,1841.131519043583,1846.2884206619979,1849.2874314656901,1844.8759616734362,1836.6696297487736,1822.4041769595306,1816.5394718786504,1814.5018598981355,1814.4462693903906,1816.750717345771,1817.6490644822145,1821.3729381954922,1826.099305921656,1832.271631499404,1839.0980305037742,1847.3488171992522,1856.0911560169889,1863.512769895611,1870.7872293962819,1876.5465973628336,1882.148761206675,1886.2798545884777,1890.7238039023846,1891.6447549663444,1892.3625266461106,1891.672681011831,1890.8380871683203,1890.641082791887,1890.7997517060003,1893.7062962481043
395045,26,"Sacramento, CA",msa,CA,1297.0830542169042,1303.848642624094,1311.5665624922653,1317.890331726274,1323.867854020977,1330.3003312403248,1334.6658359245803,1346.2669453609067,1359.1006513607192,1372.1297684897027,1382.1075759969638,1390.0704298039284,1400.992827446024,1406.0552757789947,1410.1118903906686,1418.058239687542,1429.452766126987,1442.6895822256743,1449.8755061375005,1456.2074493117846,1458.8927664744658,1467.5000968919028,1477.7513850886774,1491.8719778943673,1503.3090119084022,1520.7409713236423,1536.7518280838294,1550.484681888495,1559.881549786865,1568.3899864895993,1580.1180308889225,1590.4794105749334,1602.6945750582063,1613.2764071970041,1620.9544924384331,1627.9578300207165,1634.5662232163297,1635.736720073837,1643.250072892465,1649.5718567155243,1662.609176438699,1669.4928071086376,1677.4955621863153,1685.8506363635454,1692.9538876708268,1699.678996580297,1706.5882542048503,1716.389032730479,1723.0916312944105,1732.5036555107697,1738.4174507044295,1745.4962012290887,1748.5930463746588,1756.4084072888566,1762.971848367911,1769.7027266480354,1777.052325483857,1783.9492376486378,1791.7108108830128,1796.4768262974944,1804.1594846916637,1811.147837721879,1816.020981352111,1815.9732460632063,1810.9454776134444,1814.6625256902587,1824.4698191368823,1843.1549247744172,1861.2592915938749,1882.4760652516834,1904.5257844355378,1921.7592675346839,1939.8540641619943,1954.0654484003653,1968.6034056674907,1986.142606609146,2017.7452718618033,2046.3899825140925,2077.501003658483,2097.740310885854,2121.5877488954748,2137.1160993210383,2155.6417797908284,2170.021191377561,2182.6223371545934,2191.0389263386724,2202.083177060759,2217.488766799723,2224.6369269882825,2232.22475464157,2237.421725278194,2242.171234214841,2241.2918578796293,2241.1282084084714,2234.1711424553287,2230.4922715400667,2230.9166405969327,2238.477750975295,2250.1453841730367,2252.0042751251854,2257.191724414536,2259.3179805235736,2262.7387623351246,2262.1505953983374,2268.3335746067223,2274.1291957043522,2281.6819672002093,2291.847880725327,2299.532445952497,2308.9379704153253,2310.309250247284,2318.3057890152095,2323.953002532963,2328.1866787024433,2333.121921298198,2342.852014454857,2348.7475412422723,2355.601198286984,2363.0603422391273,2367.2224411900597,2371.0134475495115,2370.345977063778,2372.763622539613,2373.361296138669,2374.880046739206,2378.460510619639
394982,27,"Pittsburgh, PA",msa,PA,1025.8691370366962,1024.1750714395434,1019.200649339572,1021.5263676029189,1027.3326202263945,1030.3252382993635,1033.4972996955237,1034.9672284706753,1037.3951783866892,1041.1660368866176,1047.0701424555818,1050.1910291118445,1054.8370489617848,1052.1882644414145,1055.40079336503,1055.0276931971925,1054.529207362357,1052.5631708592155,1052.213345701054,1051.496241779,1053.8456415911814,1051.6278643349515,1051.5393574846826,1049.5135861306474,1052.7260810226576,1059.4218522463175,1065.3626715013916,1069.3870832195853,1071.2528932979683,1074.4258093988137,1076.1513238708478,1081.1745388354148,1082.0282800217053,1085.5889888627905,1087.1832188892502,1089.231583859284,1090.4235749428856,1092.3666448298377,1096.9932401510353,1100.708466557215,1105.5418902997599,1109.2354610349212,1115.3336981908365,1115.020714734518,1117.4676542431407,1118.6235393239392,1125.171439959113,1131.9903860422583,1135.3440086068033,1138.6645273278068,1138.9911162985572,1141.679934404739,1144.6730203991528,1148.4827259017256,1150.9843419466852,1157.0825526483677,1162.5593993236987,1168.6734808280394,1171.2376053424568,1173.9982194911727,1178.8686714227106,1182.99652070184,1189.0765558052487,1188.4118948781713,1188.3514727350498,1187.1306958413988,1190.0286811077792,1191.2509681804884,1195.7043447552599,1199.0679816217737,1202.2988553958967,1205.194454257539,1208.716677162767,1214.869475199286,1220.4082586397562,1229.2219704170752,1238.635504653216,1250.3457271320267,1260.255355204127,1270.727576553588,1280.3547458852233,1288.802826327741,1299.3464912078255,1303.58702895733,1311.6418607568307,1314.640374451085,1324.9348234129325,1332.1794235277912,1340.74791794265,1349.1365748536919,1359.0740757863418,1369.854504315464,1371.5175452242715,1372.4968960409853,1370.0911101991164,1376.7259668010247,1380.5345012784474,1388.6597765800375,1392.5705205988215,1398.4312438152626,1403.436424610969,1406.0334637882956,1407.4699007733911,1409.2522647551045,1414.3993250167794,1420.6085398880748,1427.8109841078356,1436.6820722169375,1444.5760577354672,1451.3575648882181,1451.682314614191,1453.1840773770023,1458.1588106283398,1464.3496263203508,1469.7597162445575,1474.5152392369669,1481.2766355487852,1487.8084013374537,1494.7086148000485,1497.0597414914243,1500.738408136875,1504.1291369740575,1513.1604299336414,1520.9105760689833,1526.165931183674,1531.7138008547224
394466,28,"Cincinnati, OH",msa,OH,900.4238282377947,905.0494901419006,911.251672314473,916.5356364530667,916.6881628017157,918.4314706617535,922.6829045632145,927.7676320069272,931.3715953887635,932.6701805866492,938.200642866296,940.6745930401748,944.5290832948833,940.675294362394,943.6261856629703,943.222293882639,950.1577585400619,950.4205394448095,953.7034900310035,954.8422122309383,959.0699398165738,962.1917217268372,965.7473749629653,969.3626785766236,976.5895000654217,982.585404156049,985.7574912687082,987.988093616471,991.0145006262596,997.3791926253659,1001.4868415161977,1007.58438939823,1008.8625162921778,1012.1875044174936,1010.6011590881402,1015.5317594497259,1017.9336061098014,1024.7648434683658,1030.899915604747,1037.4771407514181,1040.4380897225383,1043.4145589147047,1045.9415586480227,1049.0393810787061,1055.1765920040255,1062.9112255263365,1068.3836558651074,1074.7547753644326,1075.7711572996675,1080.2643692888685,1083.5286225753177,1087.8039104274408,1093.218545642234,1098.411478651883,1104.5066443718413,1109.6283766019585,1114.2041375391027,1116.813986169353,1123.5769576742116,1126.4386030986625,1134.0815285962617,1137.3137241149557,1148.625992140702,1149.7549543362418,1150.7165776186291,1152.580663718881,1159.0379726612937,1163.1166947750175,1169.2373121953874,1173.991559322166,1179.537245749485,1186.3311859482499,1195.822561777676,1201.6481391332522,1207.006316395115,1215.1095648387688,1226.026217189732,1238.374452205354,1247.7445530886448,1262.9659928192618,1277.5577031592918,1289.3489741367532,1299.8284020771987,1308.1328792182126,1319.6738044974938,1330.0866416594745,1342.1821322786989,1356.0607424528766,1367.2186581197338,1380.980962458305,1394.6552719128265,1403.8005082311893,1408.3402721809762,1411.788676158203,1416.8401503854989,1424.8367449241878,1431.1575134937602,1441.6126682395686,1449.9515215393042,1457.7853245801907,1466.763227164083,1470.210255593629,1475.8090231859323,1478.067966249872,1483.4647786576356,1493.1317125113264,1498.4941730176258,1510.942670245662,1517.872725773075,1527.4607954344528,1531.3356177800488,1535.610742906028,1537.799580154464,1544.692778622311,1549.8476421759246,1558.4299388661927,1566.7077082870624,1572.5200564847132,1580.8501720116292,1582.1380531565733,1587.5465060026613,1588.8351112348253,1595.116123526587,1600.5911890612622,1607.4012223979955,1612.473711797824
394355,29,"Austin, TX",msa,TX,1263.919572276036,1271.6803317880783,1272.713459270151,1272.8786815522203,1275.7919179088508,1282.196117732138,1290.328638245679,1297.8765444392593,1304.4103253087037,1310.4493944610606,1316.291781768162,1322.3232501008824,1324.8890459447089,1322.149197721437,1320.9342420231094,1323.5902485810752,1328.989467940973,1333.1928767262461,1337.0284686250347,1339.6938842793145,1341.2816610114617,1342.2200744012011,1343.2377068466787,1346.7143715198945,1351.831611542577,1358.5169560484646,1367.1468326089034,1371.2150545636764,1372.844112594971,1373.0879596942475,1371.572974656092,1369.8895350023308,1369.1650387662403,1370.244557271146,1375.9077589370947,1378.7758299058148,1380.6609078583417,1386.2917790326353,1387.141705339785,1393.052174153438,1395.9036721471919,1404.2883050122011,1410.8421798793102,1417.2616519971887,1423.0698410402765,1430.281880052249,1438.846581060901,1443.0254173176895,1446.7455658423212,1450.878356883967,1456.9965794778007,1460.820657762346,1467.8001508012933,1471.392221058456,1477.4541702113765,1484.0830343333196,1491.0843272773582,1496.3103874659237,1498.274999783909,1504.7023980056667,1511.9141499330208,1516.8707709883029,1521.1064419288498,1513.3670047539113,1501.4444205488596,1488.2080388049003,1481.524450115345,1478.4586514834914,1475.680485699212,1479.5075126584388,1490.1465665012913,1501.5611358700917,1516.2461198418835,1530.1272254157163,1547.5159302400305,1572.010955543069,1605.3616704322537,1645.517107808966,1686.6597041342136,1731.3328401758488,1770.148168446445,1797.0447471992431,1811.2249047356736,1826.7804889591446,1837.950306983743,1853.8966786931596,1864.66984885396,1882.124187627653,1894.7223771169333,1908.2690667810546,1918.8866269797118,1919.670092686705,1918.0165911457213,1912.1652125150467,1907.4159189251268,1903.7339271125215,1903.9347714630376,1904.1710438096648,1907.935072865314,1901.005662896765,1894.634650840432,1881.0236542029775,1872.8179805558236,1866.0344190960204,1857.5235342299482,1854.007050626788,1852.2030168048784,1849.5634655271938,1843.1564978916788,1834.9000277215057,1828.0810071028043,1824.0673874476342,1819.856006354801,1816.8503592867721,1809.7161431677534,1804.5156358431534,1802.1714198371603,1799.3987519112757,1796.2538934196439,1792.1690396038716,1789.086168257221,1785.8178249295247,1780.2446803936461,1775.357214560284,1770.6086686962874,1767.4620979269073
394775,30,"Las Vegas, NV",msa,NV,1027.78326758747,1031.8769497021465,1036.0255619636391,1039.5163988830543,1044.0050295355227,1046.6035275237075,1051.2092224397818,1054.6359311604201,1061.0568255777328,1064.4952707579707,1069.236931148722,1071.97190420166,1075.239980320851,1077.0911355775745,1078.2639345011105,1081.6613508606304,1085.3325177956392,1092.045488253411,1094.365851629865,1098.8981130076136,1101.2918552374315,1107.4746855618914,1111.5252301609148,1116.0628341956797,1121.4587425950797,1128.6697558069063,1136.8120577171173,1141.9792448056899,1146.573785343547,1151.6963625729402,1158.7927582548782,1164.8147837808488,1171.128322163969,1176.3970403768294,1182.548556358519,1190.0817525401364,1197.0582926601319,1204.3704073726321,1210.666620027332,1219.1220545007923,1226.2342470246485,1232.7478154037135,1240.293513340431,1247.124983053926,1255.3389388513278,1262.4373450738467,1271.0934738635049,1278.5467421283229,1285.4398470343451,1289.6647270171245,1295.8358512540024,1301.3472342511623,1308.1243604770505,1314.4266988422098,1319.7208471530835,1325.5855333727961,1330.4630438099373,1335.8834788791703,1339.8825578588546,1343.89105279294,1348.2447647855258,1353.9724610472488,1359.06584269472,1357.376530291306,1349.3346410792997,1345.0699395532617,1350.6722276346752,1362.8096852275867,1378.7760497369884,1396.9858169057918,1414.109976312808,1429.8225191652296,1446.2920694069787,1463.1678745519591,1480.220882245154,1498.2756918691634,1534.847901134218,1578.3260684538523,1624.9075842902655,1665.0750305717404,1701.7087900276981,1732.2829618089772,1752.747323623513,1766.8967863244118,1777.7143480881814,1786.4132428941282,1793.8320277679359,1806.0780856042522,1809.4764010939232,1812.1873990817833,1811.5491397101941,1801.166420036852,1786.7852945988748,1768.8376896666205,1761.7826727411825,1760.6524454790006,1765.077264812028,1771.103720922682,1778.6804044593343,1781.7116600695801,1782.3807093003009,1775.531109590109,1774.3942847927638,1774.0383951881756,1777.6179370951231,1783.6471597678512,1790.433160389646,1797.2293979409928,1797.5400552785409,1794.818012321926,1795.4859922578662,1803.0683100006593,1812.94534740438,1818.6872216211557,1821.4842153352663,1828.6171933542369,1834.3552955972625,1840.2052140661929,1841.4231538421961,1840.1092483304203,1840.7701743344992,1842.476296268609,1840.1552475009448,1832.7840821414295,1824.9946589026154,1822.9020934702269
394735,31,"Kansas City, MO",msa,MO,909.4804997977755,911.5028305304461,916.7334865887665,919.2839366884741,922.943710318336,924.9598902961801,928.0266576822361,931.3423313860727,932.4565748502794,935.673250175079,938.2518537047167,941.074682031395,945.1978116124529,947.4155077222432,949.9755352397456,951.7394535128244,952.3686815097915,955.5929674169263,959.3092346898807,964.648064638961,970.2500465731375,974.8333014284732,977.0495268012098,979.4522561561138,979.5322366243234,984.5760883528806,987.5060110401192,993.314781292438,997.8202527739278,1000.3062961416683,1002.887371545357,1005.4467726819988,1009.4000687358102,1014.0148393909759,1019.3207456104853,1023.5440341268205,1024.8926765010028,1025.4274440387212,1027.8118667848335,1030.0692622709075,1033.0190155336982,1036.1332411458416,1037.9925381446963,1041.5263817689154,1045.3245487049185,1050.3349639554974,1053.8196746943763,1054.8170123214773,1059.5210948618637,1063.297101876614,1067.5687417402532,1070.717128588454,1074.2047483248336,1078.0896865237194,1082.7951272467442,1085.934334311211,1088.2371819199036,1089.5198024712088,1092.2414563452226,1097.455919322121,1101.6939272312427,1106.0927662756567,1114.0098992747528,1117.8688112245216,1119.8966339217322,1121.3967968182915,1126.5644999669669,1134.3523803105334,1144.8262591253442,1151.2251120472604,1156.1107395540985,1153.0529462970426,1158.1611724345896,1165.3933564507743,1175.7656891889321,1185.6838462536548,1195.9135151914286,1208.5761922807405,1218.5725886465268,1225.9110946338426,1233.979629657273,1244.4243012457603,1255.7541502008364,1268.8835244066063,1279.3454580292118,1289.4605221922207,1297.38425769136,1306.9827824765023,1318.7466446104947,1329.6836824136913,1341.9471756484807,1352.182220640211,1359.7179785174333,1362.9205727761646,1368.534495199424,1374.7180673691505,1380.188026109939,1383.4431120441677,1390.2031529428116,1397.8172283244248,1404.7764805297659,1408.6793593691664,1411.5304352763217,1416.7701182158592,1420.3538409429698,1429.8719601368539,1438.2267639524698,1448.5466817953143,1451.0078929826327,1456.678314195277,1461.60892056683,1468.0328778303447,1474.9236271137263,1481.4623680787033,1488.175265626549,1494.4708125934942,1503.053598422502,1508.5738919341075,1513.4634535333375,1516.2031145762546,1525.6027841011078,1533.4604875353214,1540.324730244833,1545.0652740347837,1549.124183861528,1554.973605901968
394492,32,"Columbus, OH",msa,OH,917.7391640164496,918.3223915892928,918.3492123664633,916.0863484658478,922.8484933632319,927.3092645315702,937.248043570417,942.2242152266131,947.1144852073461,953.9243409277805,952.4136721842825,952.25330179721,954.3059241396891,957.5161777208907,960.4044983291548,964.4102442869515,969.3584093358023,976.2362182839922,976.9114343077333,977.318917063948,974.4478139282829,973.0366049091574,980.3105355132873,987.6340510047188,995.0983420050432,1000.486525228118,1006.5542484988896,1012.2108461588037,1011.4304456862185,1013.4606354202558,1015.9878210476829,1022.6354702802904,1029.8780036409328,1032.5784751098686,1037.4476627915342,1039.8174924598666,1046.8831029744722,1052.0116846314927,1058.9368008397303,1064.350771967528,1069.9158775499166,1073.511978138658,1077.9257531208723,1082.3551054889977,1084.7186181030506,1088.3470156183444,1089.5683980938434,1094.1502804289291,1097.7369236969462,1102.7734802650023,1104.0380021149524,1106.6390418864855,1111.9608933293878,1117.0827272447827,1122.51765725308,1126.0265419224424,1131.5554577133867,1138.0735702860768,1143.7254027312867,1148.0260602871474,1150.6710640430947,1153.7247577223952,1161.5950435993757,1162.7764945519045,1162.465791809264,1162.7257617381765,1167.5193708499564,1175.234488934426,1181.0452296035626,1192.348257844128,1199.978563036311,1201.3788657031616,1205.09731349201,1210.6452724799312,1223.3946599845267,1231.4727380418806,1244.9062392663982,1256.395410202926,1267.743337182569,1277.4134866181248,1289.6218907580799,1300.8294731221677,1312.986415892039,1325.1907637178465,1334.0880764785993,1341.3154534922314,1346.864368184936,1357.9758360947776,1368.505375713621,1385.092488149401,1399.141869123176,1407.3794954104128,1409.9725904127138,1406.4961539065011,1404.534193740412,1411.4918938046997,1419.8099725336417,1428.9123123393506,1434.7338392466168,1443.258838088309,1452.5853169385653,1454.2435130296217,1456.2964342867951,1459.8579216455314,1464.6454491381105,1471.4768230493694,1479.3457065167065,1485.9855262813278,1488.5813838898998,1494.885037189699,1497.2196901943717,1505.297272496361,1507.117028484528,1518.1421882690813,1524.0820229545475,1531.8470468511289,1540.6726073939885,1550.6258285496917,1558.564538697874,1562.7087044564428,1569.659348052135,1573.2748415789592,1581.5785724972363,1582.6351442574467,1587.945492697309,1588.3515365942028
394705,34,"Indianapolis, IN",msa,IN,939.9373546330107,941.2696203851577,944.0142300885341,945.7794582662209,948.1941328651159,948.5339117132148,949.9173727606031,952.7751847761793,957.9973500562401,959.7221456335158,964.4415815911298,966.7316769041677,968.5827163369838,967.1664919398929,967.2270219358433,970.5178690505338,974.422682411502,977.5391453748945,980.369934573704,979.5567002218625,979.0035500342569,980.4204814370554,981.2345174074106,982.5123224816444,984.3872530134186,990.4642419828106,995.4868116302972,999.4358356674941,1002.5011219676829,1006.2807839788857,1009.5779500436777,1012.8182822569573,1015.620596101064,1020.464784275145,1023.3069887529086,1029.7459874633423,1032.480484249547,1036.2910802140227,1036.7223427263523,1038.821961147022,1041.9609872013034,1045.6150390203286,1048.9560779037643,1053.761068940362,1055.6616709202217,1058.4926727919294,1063.6160470148482,1068.440010195,1072.2753146444381,1072.8140977716537,1078.0729101634556,1082.0262002432328,1085.61153886699,1088.7792293392172,1092.558400427039,1096.034589051826,1101.9702288321132,1105.9383740479025,1109.2842938947904,1111.1430170625656,1115.6336274909531,1121.4720593555546,1133.473156995214,1136.1039537098413,1144.1617436113268,1148.478363348691,1155.5552045363463,1160.788024517292,1167.6710207340082,1177.6271028107963,1182.6080707180852,1194.2800513373923,1202.257571373689,1210.4751257486046,1213.9295205701644,1221.060622525895,1232.3471909946343,1245.099179551008,1261.3090830889903,1278.9353066392232,1296.5898294996193,1312.655063886365,1327.4190158170884,1335.8785624529046,1342.138645924444,1349.74162706915,1363.413287052599,1381.3050828625026,1393.1115201690545,1408.6413956365418,1419.987626360444,1429.144426947662,1429.9490716668422,1430.1077729180774,1433.0869481676236,1439.9076264500743,1447.346438325354,1452.238211336967,1460.2296168327925,1465.4260420944918,1472.8441800562966,1475.0237893134247,1475.4248724565903,1478.1572358467515,1483.447238476193,1493.5146021960393,1500.8491715968346,1506.834420560361,1512.5660118674336,1521.243523001715,1526.746659630463,1529.1580092242746,1532.808727847762,1537.1190288036776,1544.6866107875494,1551.2657843425452,1559.9620811267664,1565.4083493836642,1571.9277988673055,1578.6171898322862,1585.7370126634537,1591.5284651734496,1597.0745057196225,1605.4867163075082,1613.1910777182404,1622.2881774911064
394475,35,"Cleveland, OH",msa,OH,880.6935631926956,886.2737194685943,888.3996502288762,895.2982280163066,894.9833808124977,891.9070717511673,892.4002006467819,896.5671990163961,901.3078232191688,902.7921657439085,905.1489626806145,906.262297216802,910.0511886545339,908.1279932391714,906.5096549676808,902.4827982439087,908.0314602292382,912.4757074348094,917.2781493278203,916.6401579754704,918.6470479316322,921.5432922759437,922.2300053897305,921.5696055185748,921.7672430432187,925.3853677680459,931.7494131336821,937.5118900015219,942.2919823657444,943.9890633676914,943.5075378032415,943.7958108777957,947.260307538548,948.6197782448268,952.00495646054,950.1645809922333,955.4990716617712,959.4907362463259,965.6950619230306,964.8257345852755,964.7158366153864,967.2148537502497,972.343442032693,978.5863664182931,978.9366861445641,984.7902752235877,990.3711707540328,999.2915392524369,1000.5726077220949,1001.3383695912364,1001.0819056478663,1007.1339069669315,1011.4343259892112,1015.7125953026748,1018.8890703775825,1021.9656785767812,1027.5287015218098,1029.8292043636736,1031.7924655669847,1034.2022668099787,1038.759799501596,1043.9690722731252,1049.0594783693102,1056.7542746578083,1061.648778469797,1066.4578709834861,1070.7249188633837,1079.458710283036,1088.4997442097344,1091.4868028625776,1095.1520226165385,1095.87998221104,1109.5666460885632,1115.9649743179004,1127.2512612073558,1128.3077475058706,1135.928518479814,1143.9449817945863,1160.5585283141127,1170.895853967797,1179.7089005809742,1194.300341340714,1205.8569365836086,1216.5321944668606,1214.1194644740722,1224.9101316114404,1233.4051759294914,1247.5389041882681,1258.2498882940274,1268.6514467830686,1272.3987485461728,1275.1719459967715,1282.642744543796,1285.9665484431903,1289.5060727167058,1292.520082379305,1300.212854547578,1303.8038354843625,1309.2723272946464,1316.8380243439399,1322.4219359254487,1323.8711662216986,1330.2331150042294,1341.1353835200136,1346.2931365831846,1352.7533666507813,1358.4597401792983,1370.830900559127,1378.8513469310928,1391.5515409705129,1394.7141550929755,1403.7465525049874,1409.338206215824,1422.1683361723178,1430.1432944173027,1436.1543027126675,1444.5262973936626,1452.6528047983002,1461.6844709620134,1465.6461363696465,1472.9130338219875,1475.5705115306723,1484.9012178628961,1487.1990368465795,1493.4775119750973,1495.8468202953052
395059,36,"San Jose, CA",msa,CA,2611.0605188934337,2626.1676525542857,2645.5500449255755,2673.9185796861866,2698.6999410347116,2725.6290068897674,2745.1135023693705,2764.7150326445267,2773.557985973719,2793.1024157130605,2807.8247410873264,2823.868816971494,2827.138181084161,2839.545277112302,2848.500976245765,2841.96616414853,2839.6271664987075,2831.9448527310233,2833.231423975473,2819.6293186991547,2817.945159336679,2809.924440333371,2817.7288853062823,2823.257790394247,2844.811673399917,2858.231984892772,2876.3270163952216,2884.325492460792,2894.557091515028,2902.2719003905995,2907.264013653102,2915.8413458009272,2927.6860058088223,2941.054384062581,2952.6718989196697,2954.7859263512664,2961.7373419206365,2976.5463675741803,2987.599028850469,3000.0094163378003,2998.1064724757985,3005.811705267712,3012.1120577473753,3026.6318416351346,3032.506069279776,3035.706092898148,3044.2986752991587,3050.7217960665275,3057.5272347006603,3056.581029954738,3054.9929108747833,3060.3606119896026,3074.9181606913926,3084.2133589792147,3094.067566786679,3098.4121519513674,3105.4159470059585,3114.524951121066,3117.2312132766847,3126.876167021167,3131.1303934308667,3139.05768569386,3142.7213032893756,3121.223620500365,3091.672374049538,,,,2941.0564480506073,2917.631025551845,2910.249481050625,2896.291669188828,2887.7734668939547,2877.414313245844,2875.5158994069016,2890.559845467711,2913.6202789196295,2945.9091738100815,2983.1050782989364,3021.3132957919543,3056.6058578643933,3087.434602253967,3105.622940912084,3125.5525757400765,3145.3056944700093,3170.3474572292857,3190.95473384215,3216.2142474761226,3236.5326690837355,3265.453321450514,3287.4312502172147,3306.8902726555366,3316.7846006481404,3319.6674003359226,3320.225782692313,3319.2240084460973,3320.4577459694547,3320.017781581484,3324.5486362314505,3321.6210419540876,3324.5737759607127,3317.911833611397,3315.5984025493194,3315.9181599044923,3319.2567644475284,3320.4181035640604,3323.7271979150896,3336.747355663632,3355.8793587698337,3374.3753626686166,3384.5472326374847,3392.5193859160363,3404.9431629640685,3416.855135368013,3425.8976587527236,3433.93331405258,3444.6699229108044,3461.23746936306,3479.210420647467,3489.8808020137194,3494.121773208908,3498.3166647067565,3506.8987630290294,3519.044094276301,3525.3941073482033,3534.56333407022
394902,37,"Nashville, TN",msa,TN,1191.6440526867211,1193.2529680801608,1202.29062096929,1206.5876241320652,1214.9419330215542,1219.6079973144804,1225.7134463042562,1229.9891052533637,1235.0727797161874,1243.3142464669754,1247.3212283945174,1255.110027273397,1260.461214279088,1268.5272507947666,1270.7113246104973,1273.1648557952562,1276.8020976080973,1284.7488078985434,1288.6231444503776,1295.6986904805872,1299.6614988038477,1303.2715629031152,1304.6215039910844,1308.72653364533,1315.3703200083698,1322.4343564869343,1332.0684469574426,1338.8863074141618,1342.6487393843615,1340.6165057832725,1343.1925467017088,1347.7398238105905,1354.811731786821,1354.623577129036,1356.631627115589,1357.9957614004095,1365.0646628101917,1369.9515590495744,1369.4395792148243,1370.9124199869377,1371.9755028359655,1379.12813229076,1380.9750567671636,1384.099640318742,1384.870673798815,1397.6981239972472,1402.2324825876665,1408.2080874541168,1402.9027609575328,1407.1548135862104,1412.482424183761,1417.814209381231,1424.7976382770876,1429.2519312973143,1436.5431776099247,1441.3741201262965,1447.5716827181875,1448.0591759952217,1454.7840153629986,1460.2874452459457,1471.6078565185123,1476.705131045943,1478.9497345250043,1477.5306592251222,1473.4900255362013,1468.9818733486884,1466.161362896526,1468.7381452391012,1469.832790606251,1477.3198438983593,1480.5046216418248,1488.8142957976277,1493.8203106247918,1504.542876557501,1514.0323960410412,1532.3223794229814,1554.5995409952627,1581.955952362204,1612.5870605835364,1646.0196728407057,1680.0528032619281,1707.803910069921,1727.0509390952384,1746.9486732736311,1762.623423213068,1781.7454926469363,1794.601464631018,1809.1720246754364,1821.65414806231,1837.3444720302373,1848.729136919476,1851.5313409294777,1849.0256201295663,1846.8905118172713,1854.5789463660271,1857.8259929541236,1864.4063130623767,1864.2235086933451,1870.2306824298564,1870.1435094213157,1872.0244413696182,1866.8989519729082,1864.2997706951453,1860.4375406845138,1862.245946525714,1862.6530890535244,1860.0343948427865,1858.9827134273787,1860.4985122058938,1864.280453218054,1867.025556119292,1869.88531680552,1874.5351714308122,1878.197043323531,1880.216384212238,1885.6656578858879,1888.512608840936,1892.5854039466965,1895.5179316176163,1898.266775721206,1897.7139467258487,1896.9070016822884,1894.5143314103198,1893.5390253595187,1889.8305492157256,1888.6405919592944
395194,38,"Virginia Beach, VA",msa,VA,1144.450195864297,1144.3966474445979,1145.2739819010076,1146.9168148745134,1148.809473283192,1150.5947373334038,1150.8490349049457,1152.4219399906508,1153.4636879863788,1155.8781134664289,1156.7546046172563,1157.4119543468194,1157.2242403704497,1157.6343713083384,1158.738653477586,1159.3402201303484,1160.6803855206736,1161.1775269564369,1162.8920360679463,1164.2508631507637,1166.589466533362,1167.8960132259813,1167.8584923434266,1171.0615172473613,1174.1885888647669,1180.067084816247,1182.7619950020398,1184.6445764931846,1186.1957439846444,1188.9660201520853,1192.833989985692,1194.9102068130583,1197.9784591208013,1198.7800525545447,1200.3011410211163,1199.8546378932367,1202.5606947139038,1206.832142188824,1209.786566197192,1214.9380259083339,1217.1058697713202,1218.9139854144748,1221.1357121702113,1223.682326358013,1225.465639684816,1229.155356221996,1236.4244011060598,1239.365339110943,1244.3292373719478,1244.6440055243877,1247.8853648708593,1250.0902785917194,1254.7873147973608,1259.5410404291056,1263.422692185532,1268.1333750000688,1272.9154393248505,1277.6536252781002,1279.737048885471,1285.6689050017435,1288.7410754024538,1294.2580790291313,1293.7821580119469,1295.8315775718625,1294.6234273318955,1298.4741435812848,1305.8568612238435,1317.2438300373583,1328.1099899288151,1338.7182674601042,1351.8234459838302,1362.4437086735009,1375.460372294918,1387.366063636358,1403.8936749918266,1422.9310548778985,1446.7301757561818,1474.4038697387844,1501.8312778457075,1522.168445109559,1539.772277537282,1553.8762888656706,1564.6518658715213,1575.6517575267167,1581.1330804813886,1590.5490746688067,1599.718528438846,1610.3459310010878,1621.478358560545,1626.0325887267475,1632.7576108798012,1638.0446137990375,1648.5993551178672,1655.9410649830959,1661.6539239485658,1665.2035996894228,1676.383356990146,1685.5584326029455,1697.9558732430576,1703.8159063363025,1707.8137339239568,1705.3339392803089,1705.5833781316055,1708.7779636977928,1716.7537199127244,1727.4718063722737,1734.81755989957,1744.4580455882897,1746.155795141515,1755.936931017444,1765.5911629466814,1776.886086272264,1784.113641803491,1791.2816942467218,1802.014084883266,1812.3553665412335,1816.5501854905474,1820.7066396078817,1828.6661191648834,1835.6877055470698,1845.883043105034,1849.6700417550887,1851.5010559146172,1854.7517630106586,1861.5418557938779,1872.636400333379
395005,39,"Providence, RI",msa,RI,1113.489608197906,1118.3560599400487,1127.046688525782,1129.5173322315434,1135.5158086931428,1138.4992319766718,1138.8544103912648,1138.7509597280894,1146.9032717845726,1159.6230220681962,1168.2819636776153,1169.504197749494,1174.8495375777363,1179.796488891509,1180.836260381889,1183.4542385697578,1188.607985984012,1186.343304949926,1193.1823867003277,1200.3741036876938,1221.0518679967643,1225.2611930622256,1230.4487493925249,1234.4025336246495,1240.9743530673602,1245.9318253375675,1247.7131054237598,1254.0184488091136,1257.1925837458707,1260.7720557715259,1269.3032929209744,1275.052571933395,1252.70162967082,1254.219158438491,1262.6912523060025,1294.5201151368633,1301.0660109808314,1303.465084707706,1311.2590482811443,1315.5475299922448,1323.810508046263,1337.0347131769906,1341.88581463867,1345.6568355511138,1354.3067221457175,1357.8698340896485,1365.6448074667562,1363.598605095034,1373.0229763766097,1376.5916280472966,1383.9115846075124,1391.5256811732825,1396.8601398647806,1399.7385821972512,1404.6012699950827,1411.5636558173387,1425.6158405580788,1434.966135378348,1437.1286922511272,1435.3087695538475,1437.0245818007763,1445.8540706736828,1460.4509684569325,1463.9145003762308,1457.8328371991147,1461.349769105624,1470.5213912202673,1489.5401935409454,1505.5966920685844,1521.6121506555949,1537.5001273349108,1551.3604525079693,1558.6634130121538,1571.4144292377257,1585.976683605274,1608.5037474313883,1627.31984471853,1640.1291128768185,1658.8781760289185,1673.1935655622872,1697.1487375317045,1711.0138504658794,1726.1830060706172,1737.7293621112888,1757.1355003695774,1773.6096511265405,1790.876143035478,1805.9495390123814,1831.003442783134,1854.7327323480686,1869.8133935823596,1877.3362390930101,1876.6144972532345,1885.560879103436,1898.1517276259774,1914.6097821395686,1923.0571458317052,1928.4111926104913,1938.0585267223123,1950.7580355200616,1963.1028715543098,1978.0445868118354,1987.7482814935372,2002.1489337008172,2016.7983126266997,2026.903211208169,2035.6602095302512,2046.290837019209,2054.8083809497634,2069.258114015395,2082.455955287054,2097.891773582985,2099.2535037660095,2103.8378430193748,2114.537094459071,2125.95043151844,2139.074714956957,2152.8575889949543,2165.0795854168528,2174.2998640506175,2187.4320669872823,2197.720179719563,2206.2699176909846,2211.5166616785473,2225.7776430352674,2236.6793952710846
394714,40,"Jacksonville, FL",msa,FL,1046.6043326294844,1048.604314921189,1050.698996482794,1053.0919565934348,1056.888487191992,1059.9188209367492,1063.9316394918817,1068.0207827667675,1071.4391437149138,1076.002520347443,1077.930026063917,1082.7569727395833,1084.366275967975,1088.2455646344379,1089.8682147239938,1093.2108586320674,1096.1773530462826,1098.8372329716838,1099.2359714199656,1102.1066458424557,1105.5881202429975,1110.5005665041433,1112.308374871894,1111.9157537006583,1114.9159059510985,1120.5457700310728,1129.7115921915815,1135.442564100832,1139.3338936605558,1144.166476047328,1150.1040350601331,1155.0149304592053,1157.0564379863088,1158.9160355377653,1164.7560627096457,1172.4291771926994,1179.7403952980308,1183.751053156058,1187.9411547821398,1192.002633434993,1197.9937603336257,1202.712411131849,1209.1591017930568,1212.410679530179,1217.1661703802201,1221.9964666358037,1230.2104030562118,1233.9594277744643,1237.1856124012759,1239.3515626881085,1241.9438476678006,1246.1291082771556,1249.9137208483446,1254.4068558538404,1257.5128878442422,1263.1318600950692,1268.9244086950273,1274.4211699172897,1276.03185589087,1280.6596460023839,1285.3275777183694,1291.9653507546514,1299.346644675612,1299.0085106579863,1297.5000789965807,1294.3192842360525,1300.0561222558026,1308.4624805197004,1317.8598607601255,1328.8944875730517,1340.222222666693,1351.3884938006402,1367.3421960036244,1379.8468956997617,1398.8054206196018,1419.4383061615615,1448.3702100559997,1480.1595283308159,1512.389659890773,1544.7365511544133,1573.6111607075256,1598.2532359234447,1618.6653067259733,1637.6832455741835,1649.4197105126075,1666.779833460438,1674.9593381678028,1691.654006129823,1698.7409741628294,1712.2207663935721,1717.8816258275997,1721.792656512316,1720.276344956217,1725.6931410892194,1728.6316263334122,1733.965927123158,1734.6218016003966,1736.7330563633252,1742.2492892775042,1744.7557199538453,1748.9053501867518,1746.360989919389,1747.138135016093,1746.260984450037,1745.6967382248765,1740.232154512174,1738.6495044340234,1737.786875111321,1743.4955925668803,1748.6729086616172,1753.7023761569728,1755.8483525682261,1756.2251167506295,1755.354395379388,1757.0543793467,1760.017151501014,1765.3742402968282,1771.3272114137617,1775.6798248400742,1777.946044480417,1778.0242531761162,1776.154898343838,1773.8494309038747,1772.8817930078358,1773.662074978311,1776.7198768124574
394862,41,"Milwaukee, WI",msa,WI,986.1765848191675,970.8672677570888,975.2543716307707,977.1656758506854,984.396503916886,988.2927323165262,992.4859566188909,993.7900085204524,997.5913233516372,1003.2469041779951,996.8215304389416,988.5397654855177,987.443647675666,1000.8423856594092,1001.569339720896,1003.2486496568443,1004.2591209818781,1012.4416593315057,1012.1471697512596,1012.4844070306096,1012.0975713929766,1015.8377657986732,1017.7851314535958,1024.7494414494183,1027.2142567656335,1025.0238701105536,1023.3997502602073,1024.797002025903,1030.6093837419623,1031.1538913394977,1034.2538895734945,1034.0955201370923,1036.1448236600081,1033.5797852793214,1037.9909092575529,1042.5005464569417,1050.5633085329662,1051.8139242726704,1054.4436446546183,1056.2928096718076,1059.1301631254835,1060.1884589747256,1062.0111735365851,1064.2365764173046,1062.372774992307,1068.1755086731957,1068.016210782372,1071.4082023842755,1072.6970431752936,1078.834169763294,1083.6834273761297,1087.6397220275655,1088.6894231447875,1092.3475853536047,1095.9001922728476,1100.7130245190715,1107.718998635176,1110.095641641672,1114.4524644673147,1114.9623546134062,1116.0957111843402,1117.3018001590408,1121.3718000940485,1124.5094885987214,1124.4540581061374,1125.3872819678954,1129.2792996229307,1131.3601299745542,1133.9950585418817,1138.0687905709813,1143.5663443405124,1146.305088105604,1150.4961502046078,1156.4005874798338,1163.7705215866424,1171.1401178149085,1178.4307324308747,1188.5270221537714,1193.0266055375175,1201.6929145645975,1212.2063924494632,1226.0396879779232,1233.8380973959622,1239.5488181698374,1244.6835296598226,1250.3171394618453,1258.3942764677201,1265.063672765351,1274.5865531622467,1282.9798600370798,1293.0167521310882,1303.7473351093795,1308.6480005082951,1312.2582218975606,1316.24742927459,1323.9911983396794,1333.3163893572478,1338.7652972642506,1344.4278257209662,1349.653373184578,1354.496198899268,1357.8800948734668,1365.8242831602606,1371.2713908798164,1380.2227508781841,1382.9188275092404,1390.3462844668907,1396.4949883354168,1401.8408391685261,1401.475197126831,1405.9351004132047,1412.9689592243617,1422.730842963815,1430.5829406940577,1433.5956787109374,1437.292713465399,1440.7143461710762,1448.7355962787906,1454.051559355031,1458.8172718037363,1463.3080095292073,1473.8583096176528,1479.7037688357948,1483.84709772018,1485.1976403359624,1488.8030734123204
394935,42,"Oklahoma City, OK",msa,OK,943.0905860116382,941.5111249564931,943.536102606714,944.5517813708832,947.6096418319619,948.7431213253585,952.9429393484793,956.4625973286633,957.5901334615928,957.6259777043929,960.8273080434391,965.5533240352675,968.2984137122337,967.5397489463844,963.1197576332548,962.3998812389399,960.8165338276676,964.0079132653573,960.3803896297156,959.4749177681646,957.7273885557946,959.8369076748601,957.5059133688735,958.5302380323424,958.7054073637623,963.165555844628,964.9257201020471,968.465250061399,971.1694366859483,971.8241297130226,973.8988956740773,974.4482704421351,978.3885291040488,978.3331284283556,980.0611817554301,979.4866584422317,982.6812022197358,984.6361134401246,988.5015982127842,989.3798490991624,990.2865969505192,990.7487680314733,993.3886835529805,997.7516743219071,1001.5660018532244,1004.3158104732818,1006.4497670255341,1010.5511005049386,1012.1964398664509,1015.4407118217846,1017.5282184826474,1020.4154942004474,1023.8328111711025,1027.7458684696385,1030.5776005350701,1032.327170381369,1033.0650560608058,1035.8501148265525,1039.0548679906167,1041.155122805438,1043.495193850047,1044.3979234354285,1050.8998531647803,1049.9492510999546,1052.8441624164316,1052.8004853524276,1056.602491347137,1060.2698504772884,1066.4773133718045,1074.72742021869,1082.653152640206,1091.412482771801,1095.757129349302,1102.5004848673484,1107.8565823581118,1120.3493088690639,1132.3160640713545,1148.1275201314215,1163.516213669846,1179.1165758057691,1192.3893906641592,1201.8641339379078,1208.8498568901,1216.4779709138593,1225.4995286083567,1235.2344436965748,1245.2541666018928,1254.8157131808955,1263.8107494587507,1271.6520454255046,1276.0923482817782,1277.8893662030175,1277.9172437428924,1276.9656543894455,1280.6241058955763,1283.2271505997305,1288.3482142280022,1291.9678601469586,1297.2668854675142,1302.9898797510111,1305.749756500934,1307.0642840952203,1307.8363434795294,1311.7407034817797,1316.7564814040384,1321.189930918043,1326.812771051198,1331.7572736475563,1335.3928281479607,1338.015026093705,1338.7715527151374,1339.7742818527622,1343.430124790185,1349.7211115858497,1355.4822717355962,1359.9296053772418,1364.6188176798714,1370.7934817555647,1374.0888343758186,1378.0525672876709,1381.4808570619368,1386.0951759255693,1391.2670446082484,1395.848041483907,1399.9420991884356,1402.7392771617654
395012,43,"Raleigh, NC",msa,NC,1141.2975074507876,1143.5827941434845,1147.924903773147,1149.8045835100268,1156.4852479778715,1159.875318445794,1163.2511295338616,1165.5421022329112,1169.5053250851522,1174.8844087135396,1179.946073596546,1184.9322081753523,1186.9363330754063,1187.1286231999,1189.390344054657,1193.2908873110523,1196.841765732008,1200.5504507556068,1203.0482676779181,1207.0991544721073,1211.168429969224,1215.1304309217999,1218.179190642079,1218.3271680651826,1220.154816833957,1226.104458613353,1231.5765105582725,1238.8614887637034,1242.8205960185396,1247.12096511673,1250.3116864084313,1252.4696144694183,1257.1872365598047,1261.11783501586,1263.8211942512962,1266.0208189609107,1269.551324262619,1278.6542616095242,1283.2365360956496,1286.92228480398,1289.37489989425,1291.059972915607,1294.0737669073674,1298.0095455270273,1303.305034442062,1306.8175504898577,1311.3046198471047,1313.446355948795,1317.6419398351804,1319.816331268555,1322.6839074449242,1325.30511674179,1330.7236545479307,1336.8575794554247,1342.9963516999524,1348.8616888739962,1352.5596946838664,1358.2708945570037,1364.2798523206638,1373.2823408080696,1380.1037262604343,1385.2766013502085,1385.427048934312,1379.4485750630363,1373.1663559018677,1369.5933210630185,1370.6047678518046,1376.419775978045,1382.8980624345304,1393.0014876455339,1404.6868735503383,1412.7265657344167,1418.469351175284,1425.4137332842188,1437.6318449277796,1457.4977640648212,1483.5972106749139,1513.580043956159,1543.28523740144,1570.6749091531601,1593.4178991510585,1615.265023211553,1634.2578383281366,1652.159145671436,1667.1356272993773,1680.356477584724,1694.7572586833335,1709.5744002292365,1723.6465934150222,1738.9873334596596,1750.1373565287388,1758.0653965024856,1764.2343168938125,1766.1740347951272,1764.134702202518,1762.7151688019983,1766.0369358208434,1774.7881640756625,1781.6900409411064,1786.4610474525157,1788.066147716427,1782.5391686065184,1782.2946928468357,1779.4720809195087,1782.161672150137,1780.3705042879722,1779.3344708225056,1779.0306186661699,1779.213853173555,1784.9676699461224,1783.0537777118768,1785.1206778381518,1782.5933233914611,1786.7844940978823,1786.37808759817,1789.1905560557386,1788.9961439206331,1793.519067178016,1799.1389088347933,1803.52554701152,1805.2422980497001,1799.8020002917533,1800.0558166300953,1797.479314045843,1799.3775871852165,1798.7674347562618
394849,44,"Memphis, TN",msa,TN,932.4497748320885,934.5772024387321,936.4291755952008,934.9088722334951,932.9427301906785,933.313967329591,934.0794340310066,937.1217645698271,938.3625677446895,939.2914659316774,940.4843065062481,942.0629903021671,944.1006097613243,945.6818749208296,948.3217685080637,949.6825364838152,950.0500193264304,951.8943735464312,952.6047248679375,952.9374537120872,953.6081421894503,955.378237106513,957.3280332370824,959.0705680818978,960.3454632617274,962.042660400139,962.8850174801979,963.7689755242042,966.6833956046421,966.5838879018021,969.3986232206613,971.574989582174,976.0754370187682,978.643092661837,981.4599291944681,983.1132440542692,985.263677703708,986.897443133784,990.038862488051,993.3553939167189,996.5824991998625,1001.5481806694885,1002.9869959205107,1007.0245988059048,1008.0088615924851,1013.229747944365,1015.4686446251844,1020.1385176128965,1020.6947616976794,1024.5459381863761,1027.6960542530348,1031.2580591503204,1034.3143596245511,1037.3702238500503,1042.1486072778566,1045.494347613154,1050.2765019488816,1052.7903220732849,1057.7095136082787,1061.6265882587759,1068.8906352750241,1074.0540171284395,,1094.2957606486057,1101.5487928909113,1108.1643036689868,1119.337880159023,1130.231018470488,1139.6078337574168,1151.3250549771449,1164.8632610088182,1175.1250625050009,1183.6342957021825,1192.962571254356,1203.1139639837907,1217.1630447676341,1234.4239458573743,1252.1465343868813,1267.2058338035695,1283.7024856765245,1303.5713458774997,1322.6311985627804,1331.6172806278487,1341.551936758021,1345.8814386291199,1356.048620927533,1361.6909779270322,1369.691225387294,1376.4657091802333,1385.8984431639803,1392.306189373854,1393.6693488793796,1394.3310778595142,1394.4707003219537,1404.6551840796792,1406.8603060879009,1413.926130543614,1414.1916017225753,1422.342507063686,1429.150537233128,1431.6072440844794,1430.4177377335725,1429.9234029140543,1431.866819118104,1428.2402152319298,1426.4030300824436,1424.8614429835202,1439.044988700933,1452.4543445358681,1461.816697779427,1463.2163712075528,1460.3600965933947,1464.421406967348,1467.5342116314393,1474.0666097912194,1480.4012277893862,1490.3570339093658,1498.9419555358782,1504.0608251028236,1500.2513696698666,1495.6730552537126,1496.1164826839154,1499.547598894599,1506.0423073567229,1509.243941342611,1514.0413987629481
395022,45,"Richmond, VA",msa,VA,1019.8327181706694,1023.2705745592895,1023.0371594033519,1024.4240377241333,1022.0941548635063,1024.84378850866,1028.333355923322,1035.6852594041843,1040.504526011419,1046.78245145209,1046.194022162055,1049.5515028394957,1047.7987487468884,1048.3452183787708,1050.3289066916982,1055.9256221181683,1057.9960329220346,1060.4744751192325,1061.9864392880702,1065.6465328275774,1068.00785877727,1071.7480343662712,1072.7697496533399,1076.9747073934502,1079.3010506554037,1083.6978414941277,1088.5578507825592,1092.153153342147,1100.7055196572608,1103.9774800156626,1112.1491902286816,1114.1708800015017,1118.0709923586849,1120.1794190521389,1125.8628359258655,1130.5270168333648,1135.4320810948807,1141.8527358922936,1143.5004618759103,1147.4331749464366,1150.2833576068208,1158.0014079416198,1160.5071921619526,1162.144484382454,1164.6240449938784,1168.7249238334934,1179.9136647048301,1182.1501057530716,1189.5515370399141,1189.4363908978992,1195.5963967732682,1199.7553112031526,1203.161093572013,1205.2095319706596,1209.0639690028477,1216.1144572568835,1221.8910171657337,1226.9233051044528,1225.3496135812259,1230.4536983349485,1231.8973377682148,1237.8650277729075,1243.6189684280573,1243.4558924009896,1247.0853405198475,1247.0430455670523,1254.9622653089216,1259.848005310178,1270.1511870428676,1280.1275408565016,1288.1993289465,1293.093148781074,1299.0878381816212,1306.929498177435,1321.219770694798,1335.786470165375,1352.968904161185,1370.4007449578633,1386.785224041259,1402.5484302725617,1415.6606722673832,1430.1605231319384,1446.0793678754137,1466.3650738821918,1481.2919659707181,1495.3102445707614,1503.410145950501,1516.3808679693243,1528.8219543637679,1543.4030301847893,1560.63920801915,1569.2301013722188,1576.8845009207434,1579.0449467979474,1581.2885415303376,1580.6942817762551,1582.461599031845,1585.7555140628842,1590.9515682610356,1593.2706843499857,1595.9077094894983,1596.599257422599,1593.3250196676054,1595.3640163743453,1603.9783196200897,1614.8699732820796,1621.0423413261392,1621.5382036489277,1633.3031686691893,1644.4202349359055,1652.8993238195342,1661.1113996632052,1665.9454617016959,1676.21288394505,1685.0932909193998,1694.1211847821837,1698.4781615822073,1703.1087505375363,1710.7512727171975,1723.0923431924432,1726.0253727926397,1728.4685463533235,1732.6295101061962,1736.9366041048959,1743.3392818402403,1745.5008409297125
394807,46,"Louisville, KY",msa,KY,837.6022167074686,848.4260527829305,855.3538576508503,858.7443332960048,852.4360705536802,853.2322499213165,852.157090431471,857.0405881236163,857.6244736694814,858.6419343449542,862.3548718819603,867.4292178081217,868.7152735138932,867.5046178359768,867.7687387478078,872.5076043524514,878.9713686709753,885.3225976878304,890.9672283362925,894.2607429198183,896.9014352567192,899.8064240219501,901.8683845866796,905.9420872749412,911.4956022268783,916.5517108640706,921.6245027780566,923.7047094506772,929.4913198378049,931.8907804552384,935.2269253827225,935.2820003249702,938.6513581552349,938.9746255881284,942.9837835038028,946.4513696360601,952.6834152690445,953.7662929484628,955.4237795086409,956.7540776635507,958.1759885558264,958.016475467598,960.3237482420406,964.8923965976251,969.7928849342652,972.649913366799,976.9458203027577,979.5484911144258,981.3298369863454,981.5740988113857,984.8248300458264,988.955088885653,991.0753878999365,995.8742174680506,998.4697372511308,1001.183192761284,1002.2037574939906,1006.2328311517091,1007.3795751485453,1009.662467104347,1011.0253163535934,1016.3347429308425,1023.4699436253534,1025.3357985857785,1026.4263306496182,1030.7300832302537,1035.6417925802493,1041.155061948809,1045.6609458057003,1050.2025349346102,1052.7223125211453,1059.7410820496527,1060.1687124220266,1065.0748600708646,1064.5094768330384,1071.64008205535,1078.7334981735194,1084.7355437207366,1094.0147397305936,1104.6663949101846,1117.8892993593756,1126.5897603389058,1136.894730949115,1145.395750665233,1157.6678557961782,1167.5470647334687,1180.2190706319113,1191.2662910320084,1200.8951376293385,1210.3790592856692,1221.385524842454,1231.2065698145964,1237.1293772599197,1239.9966312015374,1244.2835334267309,1248.004247060325,1255.4557265809156,1258.9006461568977,1266.6994716448494,1268.9557486702292,1276.5686287818733,1279.2398239481045,1284.060415168343,1286.1746446631896,1293.0894021890706,1299.2043098704687,1311.3465292577062,1317.7131648302682,1328.0148676947642,1336.5416946473297,1344.5546277713001,1352.760015966755,1354.3895640349617,1361.739355768465,1366.5974649684756,1373.513530444453,1377.681255698027,1384.7182857325868,1385.4236353251458,1390.7961394232184,1389.9744553408318,1392.5310077356337,1392.2639095005695,1394.2067635860878,1398.1919646799126,1399.6772276219006
394910,47,"New Orleans, LA",msa,LA,1157.8143390574037,1165.5420654012123,1170.2312676103543,1187.13142996696,1186.1590660115455,1191.8323641375891,1195.272486388249,1194.6091354413004,1199.52208650107,1198.7643603638646,1205.40881766828,1197.1151915952832,1211.8598475275685,1208.7976239514946,1218.815161214156,1204.388111953976,1206.6682146367978,1202.7873198451002,1199.1279598436045,1198.6416534958305,1198.9117141215156,1205.4447948619922,1205.615510720487,1212.1464607944636,1210.1283861065708,1213.9637880470852,1208.3688596642614,1211.5941121457079,1213.2088761415687,1216.25093454992,1219.1705661585293,1222.2625992819055,1225.6476191453346,1226.575993074841,1226.536513876608,1231.530325495287,1231.8715115986845,1231.529423294371,1234.2508355858513,1240.0040757149739,1243.6921848373797,1245.550619697721,1247.5788729508317,1247.944434062963,1248.499184600194,1249.1132683236985,1253.8478804881506,1255.975142011768,1260.35771041666,1266.2491701845809,1270.7362701698116,1273.0904762996856,1275.150371938487,1278.9559365281639,1282.7737732427418,1287.3319693859899,1291.3494492380173,1295.5000024466492,1298.0342912154354,1299.3218639971417,1302.251321949376,1303.7757832165546,1309.98762509983,1310.504523617329,1311.4771761913962,1313.8365070918155,1320.156185286476,1324.1620055060264,1328.2101306098818,1332.6443018940483,1338.6750811351933,1340.7597074027299,1345.7291732333617,1346.2948262075886,1356.1290635173657,1363.6669327138552,1377.2912343418186,1389.852113166063,1404.7016430874303,1422.4078396741322,1446.5759986579103,1468.333766681242,1487.9503902297458,1504.5910612277712,1521.3172135075934,1536.8441155337302,1543.5175807561402,1554.2078917021697,1559.581637345181,1566.2558580501006,1569.3519205479772,1569.9346788831513,1567.4409880790536,1563.4996866424447,1562.1281822827034,1563.18088502128,1563.6376182896825,1569.5038167680466,1575.027179187033,1581.7905932181425,1588.4365360799345,1593.1890027803138,1598.3900421948556,1601.7868512103928,1600.946394149388,1605.280545013409,1604.2676534913883,1611.8259833360164,1614.5515549175734,1617.8495205506692,1619.3393848459436,1622.380155613882,1627.606672495504,1634.663004066286,1638.9997694933386,1644.9707044751278,1653.8273707858696,1659.520714283808,1668.078654597529,1669.14528852574,1673.748038924159,1675.2442867573977,1679.503787903744,1680.8173818101984,1681.0311755822274,1680.1154727675505
395053,48,"Salt Lake City, UT",msa,UT,1019.6522635132251,1021.4368902990876,1026.324162712572,1035.1323172295272,1040.818715669241,1043.6621483945505,1043.3894946243174,1041.9708589125357,1044.0095604119183,1049.2416754326364,1062.2134051493865,1072.8709842683302,1081.1865386076388,1080.6909018066087,1084.5051240863706,1085.050052291148,1088.0539019601704,1089.725295185442,1095.0850611864346,1107.4041362903113,1112.3519782955834,1114.9415762102951,1116.9925319186202,1117.1350087168153,1121.9316291744599,1129.1019485532295,1138.9518010547622,1146.5308211361244,1154.7183276103021,1162.8974025640907,1169.7241469523453,1173.1966706930607,1180.1900271976601,1189.0728880891459,1187.1120097411076,1189.4240782052857,1193.3536573325234,1207.1457942916047,1214.6018400431326,1221.0817084727278,1222.5373513022325,1227.607278205135,1229.483092415554,1239.1583409644938,1245.954752968659,1253.3045808537981,1259.015159735228,1266.7328975939893,1271.4122817100001,1274.9958645867719,1276.7133668553045,1280.973335510209,1288.3367185933498,1293.1683990303122,1300.3558469878744,1301.371967013629,1304.2272382401409,1305.8370367698535,1313.9042146325603,1318.407471916117,1323.2511837544796,1323.3805336979597,1328.2970116137947,1323.0889541076526,1324.2613202732766,1323.554640952917,1329.321815821037,1334.839971428084,1341.4081874539893,1350.551425204787,1359.3002325154941,1364.368071514756,1375.0561479454964,1393.792798643057,1411.3518528938455,1432.4405110656335,1451.9249347119205,1477.801353482977,1501.7610346458655,1525.5631527519135,1549.0789099585606,1573.3085669763582,1595.5799226533359,1619.2842078816868,1636.826147186903,1649.5812656064857,1665.931741572389,1681.4532949845966,1695.5732317439017,1702.5040014905946,1708.358826919915,1713.7069384485196,1718.3798630279098,1721.4408893976279,1726.2241699718265,1730.2786918687796,1727.0902429605808,1724.6017085378655,1719.9937496972195,1721.9666371965027,1722.7583806323228,1724.294128538336,1722.3251470985945,1723.7913169178814,1722.8740009056517,1728.786965546039,1731.783889475846,1735.276934258715,1739.4613212066074,1743.8438737139725,1744.8959664860827,1742.8476095918313,1744.2913590242824,1749.253745308528,1754.0540436675649,1755.994278265628,1759.640193338135,1758.1148838152847,1758.0101967939738,1757.2086919438677,1759.9201441071493,1762.3617828912145,1767.2075063440668,1770.8191908438985,1772.2590909680605,1771.4486602180539
394669,49,"Hartford, CT",msa,CT,1200.8819639480357,1200.9715797829194,1208.6159800818139,1218.2940044470072,1222.4386341995132,1214.2242029886147,1212.0089255177113,1215.1557592233482,1225.1744181736062,1231.8881444145516,1234.0449672362902,1237.8346582554643,1238.9908017476182,1242.3822710819497,1237.1828012305903,1235.2893319692303,1237.2671536790633,1241.4177749706628,1244.0263688064229,1246.84094500948,1246.7920440868354,1245.6925596257502,1251.4064704807195,1254.717206159318,1259.2249161920224,1259.3513099130587,1263.0283552146986,1271.6140068388308,1275.1613223617442,1275.4069722594313,1276.5997288761876,1276.5688358192033,1276.4717457039835,1277.2829495266378,1279.30151328142,1282.0430889164072,1287.0062901188667,1289.6795343089673,1298.7799715536628,1299.014533909766,1303.1381570452706,1304.9136084666352,1304.969764841168,1309.6301666879478,1312.7236861077279,1321.8951850972385,1324.078486282551,1324.8646995541899,1324.1930759505055,1329.0354701591582,1328.0081881609399,1330.8528769499574,1332.7406536088292,1338.0918835977448,1344.595706445341,1348.0305244024344,1353.1892439294843,1353.6010753250807,1357.7017633209005,1363.1943274078214,1368.7264996690528,1372.2710942524222,1374.1891792770132,1377.4343765304166,1378.5563754478571,1378.3676347179048,1379.0163472840263,1388.9475701486688,1401.9513695056976,1420.3487256232506,1429.142126234713,1439.2428459703597,1442.2098252993933,1452.1044418872264,1459.0469645019832,1471.2978615452946,1488.0345033266362,1508.719486508401,1531.0011618166945,1545.0918124583811,1560.388181027425,1564.5600753541219,1585.7698168522577,1599.8469463297035,1617.9898181869107,1623.125039777836,1633.261289836702,1643.8584169742712,1653.1937116104996,1657.4826776398788,1667.820051698693,1679.3967230785286,1690.565263197507,1704.3757853194606,1708.310316183546,1713.5668385864678,1719.4078231911292,1739.243735429408,1757.099962377477,1771.1465268941445,1779.8899261357365,1790.2716526624613,1797.9051523411244,1805.2385648325062,1814.643503172559,1825.139031570945,1831.1292659241549,1836.403749658825,1847.8911681148547,1856.669336692789,1871.2535814927246,1884.9260375804156,1901.4134509876774,1915.8389378917925,1927.992031396941,1940.598227196064,1950.6040296513324,1959.9163959199052,1973.6780397630885,1988.1195726229691,1995.6574314676398,1999.681287367909,1998.0842566347142,1997.9765946621915,1997.4584397929107,1997.527017086147
394425,50,"Buffalo, NY",msa,NY,808.8920332858876,818.4154969980331,829.840775614813,831.0737734408247,831.6259001034824,831.5157583046268,834.2369214102314,843.6869432994512,848.7722326856174,851.9857582324178,853.0145062374664,854.5335104267402,850.9906316846258,844.856547813886,844.4544441791535,857.4818372908196,866.9337955953167,870.7599953550772,862.5709499957568,861.0355965569189,865.2327895332517,869.9426442395935,869.4163401234022,870.9038173441105,877.0106032900026,888.082843756124,891.6872163169256,888.6580593217029,888.7716230309132,894.558179151244,904.2374331691743,907.9901561475698,906.0455008310563,909.9043398193832,914.2077409054747,920.3649000834855,920.8325098709684,922.705655683532,924.3864905877855,927.1997806002294,925.2561512707906,928.4611130460308,930.5851957568293,936.1409014458661,938.6152232960297,939.1989620545859,946.5433955425802,949.3755983619417,956.615816826031,952.0305973518416,956.1704045879889,960.1880125451748,967.3523868839465,968.9400767202837,971.9412862193357,973.7403132272884,979.9328899015172,984.724493857499,985.2871360144646,988.1370733423569,989.8222503075024,999.184761498024,1002.3913393757127,1012.1353874201621,1012.3180605140241,1020.4738226480657,1022.9834613105504,1029.4051806338462,1034.41660192886,1042.3762726201007,1045.7605191822013,1047.9698211213247,1054.640462611378,1065.6227386136054,1074.593366509518,1081.6616236248697,1091.1186428108772,1102.3054402956268,1110.7231162914413,1121.2450912316478,1135.26872810702,1144.5705443583279,1153.8174528277316,1161.5014466443722,1171.1716161210772,1179.79365142481,1188.4442818883906,1195.6778524813492,1204.3236530120166,1211.632626941284,1223.6485573397329,1231.7379393201318,1235.8833738788676,1238.0324587776697,1247.1861213627813,1254.850080649472,1267.8317815107976,1267.808733068591,1275.1027900891786,1276.3350873093198,1285.397048657979,1290.4720682859738,1298.6575417616004,1304.6143995491977,1304.3381922006604,1312.2365785776633,1313.9610716094319,1323.4214381973088,1324.8608781141713,1336.670837750233,1346.670762858748,1350.5889568319428,1355.5905072612852,1357.5539348839877,1358.9379310429604,1363.2373586345086,1373.4992502675823,1379.161331219929,1385.9731183811725,1387.6501102195762,1392.0309488365367,1394.8393685145227,1395.1350104609837,1403.4781047860226,1406.371522900705,1413.7874658013616
394388,51,"Birmingham, AL",msa,AL,935.5677147122715,937.2541350831083,942.5163663441404,944.733164161844,943.7072997523554,943.0739884516059,944.8545467789347,945.2879679491703,948.8610507404667,951.1015940693559,954.7312326614731,959.0558926501948,962.0282016551118,963.7884663935766,960.5503925388199,960.7069229651553,961.5550965204675,964.6724733730956,965.2672426163699,966.9595597847439,965.4148189814216,965.5937783562686,964.8033910024809,967.8614856665018,969.2055249214687,973.2632300896255,978.1032046010604,980.9105584382143,983.8089928402045,984.2566474362554,988.4532802397971,989.2862403969549,996.5058082995942,996.369256034112,1002.1173245785612,999.4821190637869,1001.795130516627,1003.1271778462652,1009.418271398296,1015.1092546612535,1019.7549669648562,1022.8700512587551,1023.6482443352625,1026.398764019496,1026.4721777799684,1033.6691987408126,1037.4603998837983,1045.951424999577,1047.0788459953903,1051.31828428186,1051.6724581175406,1052.9508471011986,1055.0129146714291,1059.0573407919494,1063.5187446755147,1067.9748542991679,1071.8713813976663,1073.5619992269026,1075.085839979122,1076.2764484153972,1081.0920130404668,1083.4467102882418,1094.8197194849054,1098.5669995802264,1097.422872856003,1091.8332639033517,1097.4488733311746,1105.4621028133972,1113.9937593168652,1119.276214255528,1127.0549403582236,1133.4677244939585,1140.6329967253216,1145.130746324025,1146.4329173384751,1151.9276885656573,1166.6283953780041,1185.5202029170553,1200.3936721166651,1211.0058254946953,1219.832188124913,1229.5683260304768,1236.2881012192647,1251.7133176692541,1262.334203819264,1272.7839723364743,1276.5761020701088,1282.6284421193077,1289.2502883864481,1295.4527803718183,1302.8808636409237,1308.8508809115638,1309.0924109918408,1307.8136102942908,1312.462341792026,1313.80928615997,1319.3056477837933,1324.3181111508404,1338.0734132253408,1349.0959272110579,1356.6915201325833,1360.5256587486426,1364.4457257218464,1367.291693355923,1369.333680576492,1370.6410480739048,1375.153149788821,1380.243700063717,1386.981854952467,1392.072708084952,1395.675273185123,1397.8930846970638,1396.9896359534002,1401.9113859864171,1405.833211215936,1412.0115243716689,1421.8817593100644,1432.7891817586521,1438.6171093088235,1443.6215493621364,1446.2026016651328,1450.416938846904,1453.026566434463,1457.5848730238622,1466.0220235832185,1471.8222475227212
395031,52,"Rochester, NY",msa,NY,923.7201996560023,918.0227412707371,924.8177840273235,929.5265381345115,933.1125130456181,933.8050663877488,931.1579186751959,932.0080881549397,930.4551872388233,939.4427240162705,947.3465514081539,951.0992986939126,948.5489885500637,952.0365870233562,959.542921788996,959.5921079538958,962.4145090101316,961.8546327107539,963.1358659816268,965.6109273819169,967.938562498803,971.6439938477853,972.7364928833789,973.303185621998,975.8947598085676,981.3812687463236,982.4991059396782,986.231582353892,983.058893216266,987.2623724396097,992.0461522577336,998.3771428958664,1001.2885081270845,1001.0569441172074,1005.0118348672568,1007.7386364249857,1013.8724463535486,1015.9500815646371,1021.359248197876,1022.3677490901365,1025.7066566721899,1024.746807641829,1028.0751609897277,1031.934085211015,1037.2827034908164,1039.4114025241477,1038.0733254873069,1042.8563088027045,1043.4649705124777,1048.5787973121971,1049.3770494417083,1053.844084384635,1059.4656863343318,1065.5599510517545,1067.7800877924967,1068.3600178690938,1069.6499041363957,1074.4038141684312,1080.4846168338167,1082.6646212087871,1086.2484614838036,1087.512940194263,1093.8040480498007,1090.0644168621152,1088.7739250756522,1090.8435877669183,1098.793893141647,1106.7524982109737,1120.4839158378677,1130.558590843789,1145.7670597797278,1157.3092662324175,1162.4595262299908,1165.2429632488447,1167.5948109702745,1179.6318020005751,1192.115193086104,1200.456126054697,1212.056688978411,1226.5851437749002,1234.9369573585288,1246.154224442995,1250.246715441404,1257.2762352775667,1262.9866254357519,1278.9464093779825,1299.160165086695,1314.7463242985882,1329.2662593965201,1342.50487415135,1352.2262863421984,1352.4458379295413,1351.980706379417,1350.1723134355661,1352.3289237847116,1355.7884940381336,1369.4111767045538,1372.3272495320684,1377.2609221022242,1384.4895402327074,1395.8278989835808,1404.7154235574449,1409.6766166247257,1417.026636539583,1429.4829992851578,1437.075341846659,1446.1487493065817,1450.9618275827258,1449.3637750423,1457.2242931336866,1457.2706749512975,1469.1138759918197,1468.7411950502244,1474.4222622255886,1480.874413383926,1489.4601438287061,1495.3277084965225,1504.8826377327955,1512.3693705876985,1521.6242993279316,1530.8711066536334,1535.7466178809261,1544.722798037956,1543.8130281472058,1550.6779708857323,1554.4362623479246
394640,53,"Grand Rapids, MI",msa,MI,846.9166904307614,851.8046851454035,856.4793201367338,863.2282514898686,871.1267114540374,880.9445574607035,888.5604789880423,899.2616240350211,902.992410244088,910.0595252788286,912.9770809463865,920.7080911411584,924.9169411876728,927.6198227499385,934.9393936856007,939.6635715325275,950.4013733589493,957.5087002186087,964.8648200533045,967.1114072898617,972.201286507062,973.6589032630719,985.5503074505373,994.2877971943776,1001.6618009297833,1009.3402932504149,1011.9269914993137,1020.8862631280099,1024.0051683327165,1029.5906457423455,1031.7245472152567,1030.7392651103187,1033.3325144539706,1042.1873893592,1041.8298311914355,1042.4233628910051,1043.432531531385,1052.3873896925966,1062.755062883618,1068.9887312245544,1071.399898343521,1072.6981804860006,1076.135987793743,1085.782922082018,1091.1038823824483,1095.045124927108,1098.5468483925706,1109.3428116363693,1113.824427482949,1114.5414298638455,1115.3162909157586,1116.5336366255146,1122.2512640827185,1128.1786437512465,1134.0243589079555,1137.376031310624,1141.680473342725,1144.2526067962974,1149.4512947490805,1148.7885035073512,1153.1365473051253,1156.1690161287431,1172.3540888135665,1171.3903348991557,1170.9633139149682,1174.2073786531685,1177.877840532308,1178.3977935022751,1181.9098330725292,1197.6979219014238,1211.5823866556743,1221.585160628451,1218.831623568459,1226.4018384659921,1240.1091166664864,1253.322831406167,1266.5796293764427,1277.3207688186733,1298.872547966901,1318.209141166601,1334.2194756748556,1328.6340692132262,1338.7693172452032,1356.4505480153473,1381.2748015364043,1392.534800186176,1392.7691965410734,1409.02047943886,1419.8235305714902,1430.8920367863143,1435.8711392254547,1446.8353809474527,1458.7177850244595,1470.0441128502182,1469.3861633284746,1464.7218835388944,1467.2610396933387,1472.2544030929835,1482.8123416838514,1489.7374643156575,1502.8251771006876,1511.4869353432518,1517.861819921533,1516.7658467823346,1521.8578906324087,1529.2061100273515,1543.4479517424356,1550.1913074256859,1556.3117908362758,1561.237527984406,1572.017251821884,1573.8183441851534,1575.4333234888404,1578.8053853760143,1584.6274199485229,1593.7325112391777,1598.056821743175,1605.0900100626122,1608.9949102469286,1618.8607023072395,1624.1384077962432,1631.5305286832436,1633.5633757403234,1640.7742524722305,1646.1007100255367,1652.2819706549287
395167,54,"Tucson, AZ",msa,AZ,880.6516165100061,880.8351247900044,882.6263834104801,884.3095439843702,885.3363144519385,886.3823244946695,890.2231418404147,892.3697952199918,895.4213765962678,896.3513176583496,901.2272521789978,903.5911370130125,907.35658121741,906.6042372408341,906.7858043278366,906.4738895931882,911.015007587528,915.3690569940804,918.0037713449144,921.1012076232751,922.6481238473967,924.8862742857258,924.7154892354687,930.1177600271141,934.6548046264743,944.141843793107,949.9390938362723,956.2482343604205,959.8514603592869,961.9418579949021,964.1642092131186,966.0927426797423,970.4737040897328,977.2133104827664,982.3480847265333,983.592559745081,985.4037725554044,990.5130990476304,997.8751668916066,1006.1801982688869,1010.0040775967576,1015.8944982110319,1019.9074023892604,1026.4193577067538,1033.545896776277,1038.814159281839,1045.9512166388986,1053.3792013330017,1059.5538565425366,1064.7253121104236,1068.272869997678,1071.1300508447587,1078.1202384305232,1084.4496873095538,1092.6334053954918,1099.036726523699,1104.0644420136048,1109.3260043846653,1114.4158653702737,1120.2302554549765,1127.0173865860586,1131.9971042500397,1138.0095683786585,1138.1965096667993,1139.0092544145457,1141.4867051258016,1149.8190357597955,1160.1005897282662,1174.3027708365194,1192.6352930217508,1202.60234562658,1213.1295144776818,1218.884809669407,1235.2034307331585,1250.0891448377042,1273.7787630779912,1296.015281442409,1318.200595903317,1337.6322740896878,1364.2597193766073,1391.619048131901,1413.3645888042245,1431.1754322775496,1445.5504690413854,1459.8882633066141,1470.6281410676418,1482.88406513918,1491.209392527442,1498.1159576355597,1506.0460386433801,1513.048250166337,1519.1909106897117,1518.151568210429,1512.7840390225392,1515.4011027802326,1519.3432446546497,1527.2072865004077,1531.3922375548357,1538.4122529260312,1545.5642143765615,1554.3518088385615,1560.0688444551865,1567.0190908911839,1568.6538059791208,1568.1217028691754,1569.5113752366442,1568.7691482037965,1577.235548931722,1581.5485656154133,1589.1037399268014,1588.0348477038563,1589.6386693664904,1589.540413773898,1593.645102471137,1594.3240813429873,1597.0200574922899,1603.7901473885497,1611.525942998934,1617.268653233346,1615.0855566343762,1613.505340380848,1610.8572329983488,1612.4155495206824,1611.7044504532983,1611.1588008485858,1608.0193047893265
753924,55,"Urban Honolulu, HI",msa,HI,2025.0505663253566,2043.3599163632825,2062.136613974251,2061.724241126462,2068.982518100299,2065.085328868367,2076.26030371743,2081.805011888783,2088.046003533521,2093.820321655189,2105.9729843878795,2114.915189308041,2116.313181051691,2111.9764158121807,2106.1368013044394,2109.0876396110725,2110.6937287073606,2116.069719838137,2120.4289413953397,2120.5889478612403,2119.228790272047,2115.941545830655,2120.738896268314,2118.028374799634,2126.531435328643,2136.2763173049457,2149.3011066679196,2165.8675633380767,2162.3801702952733,2161.6135450546544,2152.636593089672,2157.5925846585164,2163.324399847534,2172.839964730954,2176.652260954703,2186.7537071683014,2184.71661271298,2185.618250852849,2181.1949614292967,2178.9109571533554,2184.8557736326056,2196.2014584417193,2204.3667143561543,2204.467359475297,2204.8859887047997,2207.564094933976,2217.730311849988,2219.596528303463,2226.890660714435,2228.9543938148963,2236.5096508055353,2239.7457960803504,2246.4196907144574,2247.300465494106,2254.179042577697,2261.645402276233,2268.7754856355464,2272.937040019477,2272.3191266636773,2276.813864201625,2281.0862449156125,2288.0154803373816,2273.851485283994,2258.6546763801543,2254.366155286065,2256.6415886162204,2257.0440315264827,2248.860552906564,2250.511152675232,2254.7162021669988,2271.7949501788135,2285.679031031181,2297.390243479391,2308.209488051155,2326.776460262185,2358.3559730435395,2377.996831811617,2399.813683209734,2424.6019503480666,2461.751339624129,2486.7063127157644,2504.3945011462447,2512.2794283200706,2522.2727120644277,2525.8829568694964,2555.670437389658,2566.946805280386,2576.0724537344645,2575.8215597607923,2585.2815214866364,2597.8029556669535,2604.5506220975494,2609.081242991701,2610.3561415225445,2610.546582887621,2624.8923451854844,2644.3998771363813,2648.606400073263,2658.124652509973,2667.8865636840173,2682.176595961059,2681.0965130031764,2679.908996064244,2680.317917725021,2694.4240334753003,2703.1064008059557,2715.1167583969695,2714.3749133125116,2729.815118378541,2735.09276892436,2759.1897068406533,2764.678412313367,2776.36284717452,2781.0434000606174,2796.019101925282,2810.135841797242,2816.8910018011234,2830.9029106699318,2844.463802126817,2860.6053372149563,2862.9272792750803,2875.5917768269196,2874.606577522506,2888.34632441803,2897.5058642275153,2917.8995387484515
395169,56,"Tulsa, OK",msa,OK,905.0180226482486,910.3047875279321,912.360312507208,917.2338211087706,915.2583795540976,914.2926162776848,914.8187214978562,919.761634380648,921.1378875128419,921.7889402900206,921.6065298542389,921.0223277169475,923.1438852433542,921.8144034893344,924.5587673829317,923.0507370476585,929.3509710078578,930.0251115397056,931.9580887177659,927.3242441154943,928.3298780238517,928.401367966069,928.3496278395158,931.8848032240023,930.0628827438373,933.0222817843218,931.0222352127038,934.6906719712798,935.8580592386601,937.579475933069,938.2621559961973,936.7478247352739,936.4378314728083,937.8785552082586,943.4740018011267,944.8179161725603,947.9061475505835,947.8234886223163,949.8763923895181,950.1286779418103,951.0142904454375,954.4755819137705,956.063869821363,960.5853548929688,962.4953933307663,966.2191131058656,965.9354191156852,967.1969858084942,969.4205244303151,972.350416798141,975.5423186521041,978.2880130680759,980.6108705247946,981.8802650945527,984.9418052468416,988.1427515176222,991.8703994625225,993.7192026925693,996.7968080456807,1000.2653809992452,1003.2980354557359,1006.6754889287357,1013.5454520816148,1014.289003182359,1017.4014162586305,1020.3002179728123,1028.1018838608152,1034.8680148687613,1041.9766036540243,1051.338559370325,1059.1362991725548,1066.6074162197378,1074.5615082617617,1085.9870557623601,1093.2777107831112,1106.3164615001906,1116.8129134567414,1131.4899241366181,1146.381534531865,1163.2310830721763,1183.1443555070662,1192.7612905075155,1205.8167290465221,1219.447450275666,1232.2553722877553,1241.866208792131,1254.1430348117417,1267.8819922558205,1277.2574118700913,1280.9304027341943,1283.4305402401985,1287.2363367070827,1281.4772616215873,1281.9948260330339,1279.0326056368729,1284.5669024459266,1289.7479809487431,1293.2756195837692,1300.9010450918192,1301.8954147776035,1312.8156135841275,1319.9915996749871,1329.7125356220622,1332.3318223903339,1337.2576621887383,1340.2892294001092,1351.3320734679198,1357.370260031149,1364.9711767261126,1367.142475633182,1365.2765624562253,1365.8836335671847,1372.4692946736827,1382.6334700007817,1385.1297106050824,1391.6433773330962,1399.878661291316,1408.0508703064584,1410.3820092137498,1411.5722059952925,1411.3086070929846,1416.1139092880317,1420.9980339990116,1426.2726918185997,1422.2818660913315,1417.868245810451
394619,57,"Fresno, CA",msa,CA,1086.2512825238111,1090.7753181036758,1091.536907039305,1095.0876581435753,1097.0211545359164,1097.1604300306801,1098.7274455727343,1103.0997704671754,1110.875087090408,1117.518533833189,1123.9456647308043,1127.9010289543462,1125.7649892566415,1130.376560369015,1138.4345585414778,1141.1483909040287,1141.9256976878987,1143.519077697006,1153.1648099113092,1156.1460775104802,1162.384513738807,1163.3844134422072,1166.3334374241879,1168.87838495763,1177.5879042785684,1180.995895396066,1183.0936020526892,1190.1183105777554,1203.8519160460942,1215.9577300712656,1218.8731789544322,1223.1358745591128,1229.7722326050107,1236.8541986490413,1244.8887449042463,1248.3159476862595,1248.9783048119177,1252.750279420113,1259.258344217854,1269.8893591227304,1272.1211929170317,1276.8218465435748,1283.090575246823,1294.2782590610243,1298.9845666791819,1308.7010040911362,1316.411452561871,1326.5444810575848,1332.113097132619,1344.5725652113547,1353.278314044402,1357.4206136094451,1365.5690778622645,1372.8458874771043,1382.148093545644,1388.5137851590957,1398.2810101187874,1405.2724085018579,1413.2538040600557,1422.1111026124083,1435.0915879211539,1442.084500660415,1438.9916012406743,1428.70530673546,1426.616053310133,1434.3878942425285,1448.8492312581304,1461.721258018467,1480.9623746319642,1504.1122982260506,1524.8011292476594,1535.5679388647884,1555.9702183164181,1574.8645748435774,1605.9737808494433,1636.9242504928939,1674.0113228982236,1698.3823070721114,1725.1523630105564,1756.843056351196,1777.797148075836,1782.4358704928432,1795.60853625042,1808.9290680014403,1828.1191894960334,1830.0134265369227,1842.7414385453358,1858.3970153516723,1869.994761026601,1874.2101923509654,1868.8517204628704,1869.4405398590304,1873.5276946648114,1889.3543721096312,1892.3812191630138,1917.9736621726747,1924.2445790676363,1945.6666496602743,1942.0765425487289,1942.957683176702,1950.526979189368,1972.483698601918,1985.4351205921928,1988.8033465482927,1986.7812585281215,1997.7572635892673,2008.7586593859842,2009.983989984348,2005.965511412453,2006.0570980965454,2009.804910229544,2024.0550905277094,2029.5658253495728,2036.2219219774272,2044.3031078221434,2054.966928970072,2069.3533495582824,2070.2125573930634,2075.024687684121,2075.5288118860744,2087.592134281437,2091.8692975499907,2102.299208373101,2100.881487265884,2102.9641844723938,2098.172315677941
395238,58,"Worcester, MA",msa,MA,1088.0295740463855,1095.998670356403,1109.8471280582958,1113.8637478551348,1110.2916885083487,1110.7227755289211,1109.2889903794883,1117.4262281694769,1122.020291422535,1128.0777988132656,1134.6194496477394,1144.2731602490344,1149.223542631737,1148.7460356773242,1142.3011720387942,1143.8513644595732,1153.1798680140855,1168.7707250872832,1182.9868123562114,1187.2916809868575,1188.7596944302315,1192.222124146105,1193.3224477856336,1195.8298365520022,1197.6954410803048,1205.483323829048,1216.3347614869976,1227.68045150876,1235.5927673459485,1236.707194778693,1231.5274213365494,1230.1920420430506,1235.2096827193707,1244.7456408023556,1254.1200269464366,1263.976444737866,1269.501495887669,1277.4250142854996,1281.822278374191,1288.3054941385774,1294.4682714275857,1302.5459210371694,1311.6565600574852,1323.3988506366418,1328.3358370391322,1329.0536374595713,1336.4690544688845,1342.9645115638748,1352.661235680786,1353.4750633452188,1360.3692507934434,1364.2295133835999,1368.8885041362269,1374.2084730897582,1382.4862176387019,1388.7867204277613,1398.0631698123325,1407.9940653911472,1413.4265681282461,1419.0358878007778,1424.9868469464363,1435.8671273871148,1442.1568622808759,1441.5664941691375,1443.4533865004967,1447.6924061538691,1449.475486009357,1462.2328141152307,1468.1186241568269,1482.165722928244,1486.832581033868,1501.1361924661144,1506.1868597396551,1516.2428191153442,1521.6777977587592,1536.002989419498,1553.6424890821029,1568.2378541715332,1587.2282718265958,1606.136830062771,1631.0270830862169,1647.8765026792134,1667.1115323185577,1672.069776358548,1688.1723474744144,1699.2925880917364,1724.2716750913428,1740.6381191528362,1761.8894630720133,1782.9320984695423,1800.9518401444952,1805.5500746206103,1804.6658755131373,1801.6425047844627,1811.927531366837,1829.3527859189578,1848.7724400005504,1858.8744953513678,1868.2145075565588,1883.7288287675874,1893.0284482021527,1902.2365471859703,1907.810186113106,1919.9187173639223,1932.6501882457187,1957.7523149943177,1959.9559103176628,1971.3706344290492,1969.0302127347375,1985.3289301002005,1995.76416836452,2004.1270703241994,2018.1690387363963,2027.2876723531047,2039.6554542211265,2053.251928552099,2067.773937080927,2074.8886048715744,2092.6146557095826,2101.9312049567025,2118.582314933827,2126.0834418592776,2135.358404231443,2144.5656426053247,2151.150986250882,2161.6918365671495
394938,59,"Omaha, NE",msa,NE,881.330848599789,882.7401613252276,887.1105028216949,885.991225635079,889.825278612853,889.7930316793096,895.5342628386001,897.4075104274764,898.1424582992374,896.8909530202852,900.9106321219612,907.2856056827865,912.5338097626708,913.1298291193614,914.5304478526815,916.7350609084442,917.418191037512,918.441845291962,920.0238200632974,924.7984283156601,930.0759458205786,937.2837337112333,938.2156980637084,940.186949036262,941.0713645691902,946.3139682298985,949.9394372363145,953.2796116300543,952.3657772970015,956.489898870699,959.3021493496516,961.4624811834153,964.3362295801352,964.0185435980931,969.632039162451,968.625720052898,968.9223603864094,970.0421769619302,973.3303445937843,977.7235891985334,981.5800026101282,983.835319936949,986.8155807042797,990.5726898714422,993.9298596871073,998.198306036636,997.3631430619306,999.2665323438326,1001.6053708133427,1008.3300162472701,1010.4179302828546,1011.942962971867,1016.3216996669124,1019.6134806846869,1022.8933156898266,1025.4929201292273,1028.203531295946,1031.5683617113302,1037.3565557975708,1044.1410536213723,1050.456479110159,1052.3011563669543,1055.5310943927066,1058.367156744949,1062.2257281258894,1063.2055692013382,1067.7646769257356,1070.7782077435086,1073.9222738430246,1072.1959037631766,1074.1351237448346,1078.435322283224,1085.7912402460618,1093.7871740012447,1096.5243123150908,1102.7471727005172,1111.2666837765355,1125.7082618705292,1136.7945036686808,1146.5850262097326,1154.3501574357954,1166.273449564976,1175.627986429797,1182.9616747964346,1186.0600256738333,1191.0415974536286,1200.552059656921,1212.8043024398987,1222.6895025315855,1230.9768941625855,1240.8816658988844,1250.0127569538733,1259.7851872085464,1265.334568254571,1272.9156174663003,1280.2944421450231,1292.3840144973362,1300.4811656158456,1310.2069372724673,1314.6364527225928,1321.3950247836683,1323.02727357236,1326.0901404571607,1329.1221582715548,1334.9006003101103,1340.1632729433834,1345.8496074787286,1349.5475377673747,1351.9681172310052,1355.2038702772372,1360.12557908852,1364.70115871292,1371.1625210653629,1379.414725845763,1385.1406579871475,1391.424857125035,1395.4329583794467,1400.9735302532004,1405.3630293567044,1411.525203455887,1416.8747452712003,1422.9086943364168,1425.7283530003995,1430.5224165271588,1432.8598926332468,1436.248767196207
394415,60,"Bridgeport, CT",msa,CT,1715.8716965196227,1726.362137344573,1732.9711472874249,1734.9737944848862,1734.0144367528626,1734.0365547901736,1745.813422966575,1752.8296773830969,1756.7801537768687,1755.6014078996584,1767.1932299016817,1767.0180612478757,1779.946606785723,1771.3343945001782,1776.5620706062305,1774.9765594056128,1776.438460241715,1776.1078904455776,1772.4882848517632,1777.502786897407,1781.9233371412915,1794.0158738069035,1790.7343544454443,1792.8810305886495,1787.546377863967,1799.1912236966884,1804.1371395886272,1819.4015111440947,1833.0744459938378,1840.4446717708056,1838.5964621614166,1836.6171772369632,1833.6238045525818,1839.074658474249,1842.6334967142777,1859.8677245526396,1862.515205576772,1877.3738379729466,1880.5891783405207,1883.3596405037226,1883.8461622652558,1893.4969177871717,1902.2493047132502,1905.6473900488777,1915.4893408858316,1915.81244782054,1929.2915912815733,1931.7510987799762,1941.5521597563832,1935.8017583299309,1942.248886330694,1945.6158553564276,1951.1978466463843,1953.2305459907625,1960.8219336787952,1970.9034930983755,1976.6461411251173,1983.9906354169868,1984.901435866476,1986.7986445228796,1991.6409375811882,1999.5779584246154,2019.6900913807365,2023.099816936411,2022.9981628153885,2028.1088292175361,2038.0561899321299,2055.199353949068,2071.338163515886,2093.962460566379,2116.7405148620555,2130.6618441463584,2138.7586867056602,2139.578637755518,2158.2371250356923,2177.3691227511536,2206.5566805061767,2229.9432234642504,2252.9609069503927,2267.982243449337,2289.500287774914,2299.6303466215136,2314.949138937141,2334.046361064188,2357.901268191311,2382.730237756123,2395.998765454199,2421.2808898214575,2447.496542861633,2472.311973915272,2486.982378483656,2494.5103803350303,2498.952178253239,2504.544027501409,2504.9447016162208,2505.450850105844,2511.6073969814674,2520.024025286968,2546.8137122651906,2554.162139929431,2562.805714027579,2566.3346629071466,2573.6614027955716,2583.721210541537,2588.015088309596,2606.397363772551,2618.3111044690404,2635.551127550849,2637.3190306635856,2656.767377187449,2664.4865829584405,2687.6177831429486,2694.534981793554,2713.080570252191,2729.063557610847,2747.549768735997,2770.023149281619,2782.299128871761,2800.320075680693,2812.7173037607936,2832.954457871283,2837.3386673577775,2842.9446094965433,2843.0977947405663,2854.3778522667444,2858.8360482654602
394653,61,"Greenville, SC",msa,SC,942.9369428706651,947.5258398313707,951.1245505181769,957.5711610367292,960.9726437924584,967.8880981309875,968.9035685346171,971.8342085459788,975.4857371928247,977.9352057540243,985.2195255596865,989.4498605677277,997.3639421226951,1000.2571341955173,1005.5238432085362,1003.7147986278736,1006.9085532299453,1006.6553439259656,1013.2469704969665,1016.0687095122809,1021.0538440992584,1024.0942655817923,1023.47445755329,1024.2897127571773,1025.8144360060405,1032.8659710924162,1037.3514956665645,1043.6696312400227,1045.363418619252,1047.7750073926359,1049.2326430738206,1053.2973118725024,1051.4119860666276,1055.7503128872067,1060.300860971354,1073.9552266430069,1076.624813109076,1078.4734754625947,1078.4615190053112,1088.4105953683104,1091.018154063998,1094.6155998072502,1096.8216358182715,1106.1372756821374,1111.7606556587366,1114.5345545610262,1118.9080017327722,1121.7264104695512,1130.2274052821328,1126.4930612910316,1132.592039257895,1131.3493566662983,1137.3034805683933,1142.739717147853,1148.496457444569,1148.0417060742102,1153.0052443151078,1157.5455950187595,1161.44216194764,1161.795498329229,1163.0918285266066,1173.3488394870558,1183.027488059576,1184.7041683628565,1173.217833631124,1168.944807896459,1166.2244351552658,1175.5489666019969,1183.2309614277403,1197.4308196304232,1205.4627883860219,1217.5030345374346,1224.5519358424401,1230.4871079958514,1241.5401533356387,1254.3592955390905,1272.175499012372,1288.7236526423585,1309.356484864877,1326.124023773612,1339.110971629207,1350.3382233669986,1364.420612101198,1377.210558944818,1387.5910975539605,1393.0806836395811,1405.2596241856256,1419.707554229265,1437.8244378120455,1453.3080401677346,1469.0427535819404,1478.9934484172788,1484.0091084195792,1479.9621685263087,1474.065595986792,1475.9820235263592,1483.4337145194731,1495.8868993160659,1499.9195095347259,1504.6673011512462,1507.801618122586,1509.3364517942928,1509.7567610936892,1512.143616477279,1523.2044661804773,1532.0603103229248,1542.573376095353,1542.0905753256736,1543.3595643214014,1536.1744841429684,1540.7863360984604,1545.677812838897,1558.082139082335,1569.1158969444482,1573.0546759936014,1578.507461946711,1580.0723065614013,1587.4437476535682,1593.4747640316991,1603.6927407248559,1609.9097540753867,1620.8384219718753,1624.5528639655868,1626.6103268517738,1622.035089737098,1619.6059840005057
394312,62,"Albuquerque, NM",msa,NM,905.131945123965,902.221662652322,905.3629690646716,909.2881907250368,913.49404837011,913.9263693668748,914.6427058411249,915.8545086852582,917.413466563552,920.5405173506969,921.3773715683833,926.0309346480512,927.1891621592579,927.7988432193898,928.2103941579506,932.2770507958687,935.9184246172854,936.6995273807888,936.0342933593193,939.5864578775327,941.4418610236495,942.3525962376691,943.9467732087719,944.61552250224,950.070540755158,954.9322207898499,960.414259163389,959.2102791527171,960.8198243703927,964.0892155574439,967.6778545492506,968.0302677083406,970.7578195748188,974.6386021169808,977.5051425002518,979.0611367924879,980.1414340101135,983.3954827077259,986.4486176201739,991.7624480117026,993.9878404199453,995.1269096326153,996.66860395396,1000.6753062973211,1004.5455443198285,1008.901013784185,1012.6815926915904,1018.5100051403722,1021.5495296322407,1025.356194188121,1028.2386688217366,1032.050279716617,1037.1196070383185,1043.0812525760987,1049.0392420562584,1053.9412817330872,1058.254237627478,1061.9179944235016,1066.673745939665,1070.7476153435537,1076.561884484097,1080.9898676131636,1086.1969581546707,1085.0921293743231,1081.3491045003939,1086.553332191912,1094.5893323581515,1105.596934750396,1115.3379506436727,1125.4195398784486,1137.618214209516,1146.8569628604273,1157.8662924951252,1170.2584838742207,1184.930017486482,1204.6038260498933,1224.343651816471,1244.924941510017,1264.298683433519,1287.9226860254612,1308.4901864814778,1322.7223395520177,1329.7583717799498,1346.670664132487,1358.8342900345026,1375.3597441504585,1385.663865387334,1401.6941471476111,1420.866957443671,1433.2195415043939,1446.9139286911834,1447.8882997409662,1454.7569858076165,1462.7539274797684,1474.664533746804,1479.4893679497152,1487.3896354014712,1486.4518393116266,1497.1209831367944,1498.0522433995231,1506.7648895085051,1508.2460390960036,1513.819384604567,1517.7686004235306,1521.7947018812008,1528.48427178742,1538.7182519196676,1544.4324480036662,1546.5756806028305,1548.572182053995,1550.0619378643958,1558.699747063182,1561.033167747951,1566.433303443275,1568.1028867836915,1575.9192794567039,1581.0158478185085,1584.401554802338,1584.07744464389,1588.1351686584712,1593.8882389539472,1602.6330881958738,1606.7948942062699,1608.4054035387464,1609.9550208854384,1613.8469988952031
394357,63,"Bakersfield, CA",msa,CA,1045.2321974007639,1050.3555572588862,1055.9739511819023,1057.0959365967512,1061.2971725384234,1060.280169798344,1063.7760095057522,1061.4324606662226,1063.1166096992285,1067.8433844146464,1071.7740565862339,1071.456431742556,1072.1674910691465,1071.930590924963,1075.5283518153865,1078.0382489300375,1075.5160690077548,1080.6005527205043,1084.946215272149,1092.6456968954844,1092.0204148858893,1090.9208581496187,1091.9432947430048,1097.5425480188012,1102.6612944313335,1107.2262021529734,1107.7257905441759,1111.2273923341106,1115.8502825129908,1118.8768801890317,1120.8365067592251,1123.2746972880163,1131.2021279927108,1132.293062891023,1135.2666690215622,1138.1900259500935,1145.2037425072876,1151.503408279964,1153.851547244383,1156.2389995255628,1160.2057365774485,1164.2534380657855,1168.522751879036,1172.3317373659463,1178.5239059139592,1185.29346463055,1190.319292901873,1194.8554599459744,1198.7786262130467,1205.1720775411031,1213.2437603319179,1220.193806830573,1226.3791359397478,1231.9067985900806,1237.9197656840574,1243.5550799211962,1246.1515616288668,1251.8178126940268,1257.4947561428694,1262.7382851139598,1266.4259723331888,1268.6352635146486,1273.2806681163722,1278.3879931839856,1283.3093083132524,1295.5289297702127,1314.7081017701971,,1347.1182002369437,1360.2481177595616,1361.0564565050404,1378.340523318284,1396.681573773244,1406.450310290247,1415.9517125591512,1421.641609652764,1444.8490572274084,1465.756168152426,1475.5944394183884,1485.7974318897952,1519.9562517469801,1545.8251627822694,1582.8435915639595,1600.605704020315,1625.0496159936285,1649.7114629190878,1665.0964442480072,1684.3917427233275,1698.4540289713134,1710.275529861034,1726.793538913106,1721.2691469992376,1727.2223613778199,1729.7079976534155,1733.2834581683555,1735.006904695429,1731.5416926267205,1735.7079902441533,1747.5998732983264,1765.5381399440382,1768.885642189442,1772.0672125488334,1778.130209063555,1796.0530899154385,1801.302546041955,1806.0378160349403,1809.0306524722496,1821.9495765973254,1823.7399010897668,1829.267684808485,1827.92778010805,1839.0882702768354,1845.0142303342825,1855.2261761916193,1860.8982716979042,1867.1174540756062,1871.913559329353,1879.7681980697535,1885.5608168117549,1887.5925703783969,1898.5923781188917,1902.3462849868106,1908.8153356476034,1900.9845946529942,1904.4141864107064,1904.4128242675333
394308,64,"Albany, NY",msa,NY,1032.8147757063787,1034.3496035340652,1035.6878227293305,1035.8742527797417,1038.6565120996886,1044.7989747000097,1049.5813112010783,1052.281022041278,1052.6586014771442,1045.8251613554055,1051.7226491665842,1057.7094360351987,1067.534526762377,1066.1242310821426,1068.6062090347186,1069.8328260356318,1072.3537908336345,1074.1199527491942,1076.1287239086917,1082.5501348750847,1087.5220454765017,1094.6768981252133,1088.3984259089589,1086.4375564284967,1079.851538507585,1086.6177572374431,1086.4439213602377,1094.1342160029876,1102.3190197657354,1105.7798771599028,1106.5320377065723,1104.9550668300237,1105.3560252755046,1108.270090219172,1115.965588234467,1120.6817575999326,1129.715898007278,1133.363371507247,1136.00134431855,1141.3847716333912,1139.300752466597,1137.8454243343185,1133.507058773321,1140.1243792730088,1150.237288910528,1157.8170884545862,1156.4874481946495,1154.4697389337025,1157.7700885041402,1157.10726210314,1161.3419566968755,1160.014636835245,1163.8610207792287,1169.6889224022193,1179.1326252963747,1180.4675574498906,1178.5835619575348,1177.2519208795118,1182.814131276295,1189.655287284689,1191.3351210399303,1196.4489128678956,1204.703205866815,1205.5732062317315,1203.048986743319,1200.3568075904552,1207.2254474316721,1216.8802484209775,1223.7517580310885,1233.5935802504378,1240.768286374128,1251.2093313407242,1255.4850308003024,1258.3131096832353,1262.8679389916895,1277.9315307074435,1286.990202016254,1299.6408528855823,1302.98871932421,1314.1524791798702,1325.775963951745,1332.721401205676,1344.8929619686978,1355.0807336786527,1368.1871364724198,1375.8037721628855,1387.94975633035,1398.1508116516607,1412.7969966233604,1419.205489965583,1431.4532862913343,1440.09035791104,1447.9723412630774,1457.5174260408103,1455.7876617300988,1458.8479262730298,1454.1484912669223,1462.655371438273,1461.9834670563018,1463.2098895637876,1472.212129554068,1484.149907700859,1494.785013680517,1496.5508989722812,1505.7006418087078,1506.6702657161607,1511.2678992522376,1513.4422161682353,1533.1178843802509,1542.9515708377614,1547.6779430277895,1547.8926982202702,1554.409872727464,1559.3316285932183,1560.7557074876731,1569.0452723107528,1571.8432750578709,1581.0739058628747,1591.9315981635573,1602.383158283813,1602.1386540177175,1604.0263973067483,1613.283490491507,1625.0751072475296,1627.0735645370305,1630.460533934569
394753,65,"Knoxville, TN",msa,TN,906.7387499105516,910.1278565137802,915.8282203382947,923.4084750116003,923.1277188580743,924.4303262523074,920.8697973032794,919.406919204927,918.5776168398428,926.3757624208059,934.1197378174388,943.6065796085462,945.2287498761918,942.8536234899949,936.6703322467927,939.1403587898891,949.2398640840685,951.9724085345781,953.8614624410745,958.191620478167,963.5505024136125,964.2732277765315,962.6673717164991,963.5646715044318,968.86481201315,979.2417016038094,986.041731787819,990.7791613966701,990.4261303677538,1000.1959027792839,1005.7197126633503,1005.9178927052634,1014.9248100435136,1018.9993385979336,1026.5315885240766,1020.9955358441762,1027.5819889746842,1031.3346943379868,1032.4320985177576,1031.6865686948393,1036.642929597435,1044.3933376050047,1052.4452158573833,1058.0956140148094,1060.3527967336577,1064.24818583003,1071.3597867126439,1079.325180634698,1084.583485884172,1084.100255438967,1091.9444213845418,1100.666977466857,1106.215443252377,1106.0947811436486,1108.5105290824406,1115.2713189165722,1120.2282528744454,1127.3827448530606,1131.0326305772141,1140.321850447334,1145.0109958015073,1154.890435973836,1152.6000431809882,1153.6132354434492,1149.6834922715886,1155.695594131096,1156.0349207808028,1166.1798114102469,1178.9248380881495,1201.8748228841723,1221.832264387417,1228.869525617633,1238.208579382888,1247.0817643667403,1263.4318015177257,1277.4255386839654,1299.6597816062915,1328.8973733934233,1365.9937032052544,1393.9733754058796,1422.948405303885,1439.6305367039467,1450.7477359504899,1469.1382798277623,1487.0078222006646,1518.068752885406,1535.6725860846307,1568.473881240738,1589.3458984918748,1611.807707846872,1629.382209338171,1639.114673291797,1636.822267525899,1637.3533961961386,1647.8718680531638,1663.3866319170813,1675.4570101083207,1683.9291589385882,1699.982938853897,1706.4222620267142,1720.4980047984518,1732.4967266694366,1741.2327266161967,1749.6401871101027,1754.095314158198,1765.1776412326153,1777.8875562397402,1784.8260712849274,1790.8897421830727,1789.5594816698215,1790.73259496701,1794.074071563487,1802.0208501323611,1798.7307033832667,1799.2864940440259,1805.6603283508634,1820.2248895745138,1830.0579049086384,1834.0351780944145,1837.8708935271172,1843.4629794472582,1852.9954184001197,1859.057640673776,1864.7070997230073,1865.109445362534,1874.6415360433218
394367,66,"Baton Rouge, LA",msa,LA,1071.9536662311807,1072.650104481837,1081.1712238752527,1090.622022188048,1093.698112648464,1094.64114377458,1096.4085192022176,1101.6632656519273,1100.8118630173994,1095.2387179358295,1090.742206258761,1094.5697993857302,1097.5885210030463,1106.7929157830858,1112.7674227349535,1119.2880749613967,1120.2785224087488,1125.6391233439083,1122.2009261557837,1121.1893061821731,1129.1896978430364,1144.8323106838375,1165.7774840925345,1173.8921692791166,1177.8009412794659,1166.133722496862,1161.0228042879698,1154.7416528245092,1157.5334527823727,1152.31568453643,1153.692236578764,1155.424849998824,1158.0374525372638,1159.840646250099,1152.2545965959157,1155.9225060384479,1154.2199589026945,1160.0561350330865,1155.5432656890187,1158.886081139267,1157.2338073018882,1160.6513174666604,1159.1577859240738,1159.5336419871671,1157.3229746706945,1154.942066987873,1154.7086308475052,1151.8918580631491,1151.4572522583755,1153.7517639853213,1159.728474651022,1159.9935006822664,1160.5236738744832,1159.8566424798125,1161.072412659719,1159.9836747430131,1158.554473227064,1156.044868137279,1155.099344894294,1152.8817093879593,1151.9519669606093,1147.8041144012757,1159.3999873001471,1159.6618976166062,1162.0881912239688,1161.3741988026316,1166.3287870313998,1170.426214084114,1177.2988303783957,1178.1667235934628,1182.695904180092,1184.1252439557234,1191.809360531438,1194.2310245965914,1198.916347507198,1210.1091383538653,1217.7395727326355,1229.104173144351,1235.969837071572,1250.752809605621,1268.9885015852683,1286.8022173985685,1298.2580381492014,1308.7982688630636,1314.7621682164831,1327.8102526264581,1333.0721979012953,1336.2377765267588,1339.2965006660759,1347.270229457881,1356.2067312121044,1359.5480155484283,1351.3690339607012,1341.9950338027325,1334.8638422359325,1333.3075687305945,1335.2864046984566,1337.2872789921487,1344.372092259495,1348.8435523332203,1357.0087062642995,1358.2575555623428,1356.1902813088977,1352.4321701676731,1353.8968763818593,1361.0477356191698,1368.7928793554745,1371.3184683669845,1379.8323525717324,1376.1122730918278,1375.7996846461194,1371.836182825674,1379.5390374451124,1384.4718312326117,1388.8766345925692,1395.3160318023574,1402.0504220825546,1404.8633451090743,1406.949553296419,1410.2504792853824,1407.5798891244538,1412.6837582631117,1413.9309658944248,1419.1817509411862,1413.4141629620829,1411.6894778448286
394843,67,"McAllen, TX",msa,TX,878.8539246657083,889.4699159401191,893.6555716450627,892.7228303180704,892.7416668092935,890.7582062857886,890.3726425489893,889.1805764578729,890.1141059942231,888.0284634406113,895.7727426157735,903.9770973296797,905.1226123596601,898.4916778658129,889.0876538817455,897.650384618133,896.9630705345088,901.2607605319428,899.4509026697633,904.3326542246878,900.7126750581549,902.3447494930175,901.7649586385912,901.4693907978032,904.0102583977701,907.6042685264547,911.7361220366864,905.2830784678816,905.0044337978001,905.924260758669,909.50633323185,911.6562252141255,917.4397365353389,917.4205425673096,917.2400902329966,913.398031613669,917.9543466343345,919.0860580997994,923.302174838326,927.9424556082714,925.7151900866919,925.7423371338256,922.3356690577689,926.2886266848229,926.9105245665082,928.8501774085817,932.007906242655,935.3016954372948,937.5617325455391,939.519091695242,939.9567853638869,941.6299395652818,947.3477828429241,949.8542102135217,954.8497551294603,953.4969216987273,954.6044801881729,956.5017158074434,957.6819770927868,960.4359694516396,959.445147985237,960.3485943286514,968.6028446936302,972.5557233816369,972.6383869452188,968.7764645531868,972.1538863740489,978.3863225369151,982.8672357141128,987.9096306330545,991.2860393423719,999.7993969974611,1007.5452545713118,1016.228276723345,1021.2328503474456,1026.266695906687,1035.2993414531452,1043.6016231546566,1056.2234605654378,1061.4621406063081,1079.8281032232478,1085.6930963233017,1099.783951978496,1104.4676589397025,1112.4692025851728,1120.4732812978782,1120.851019587653,1131.3346530877363,1141.4974503937285,1152.0930937918831,1154.743210275787,1158.7067428730275,1159.6498850058267,1163.1494569060662,1165.2965794489469,1167.196508652591,1171.817370189136,1177.643065180053,1188.494340906152,1193.8560624024065,1190.9428690967536,1193.7568852730212,1192.5264997275206,1196.9556440653548,1200.7734103994846,1204.9534823649988,1205.5348001167795,1209.927037791489,1209.9652599452738,1210.478029942287,1206.7528474588553,1210.821962506694,1211.8730553138646,1210.9437743856931,1215.7974476680981,1216.904166364501,1216.9211391193924,1217.8259301341457,1220.138441249352,1221.2646748211905,1223.4759820065851,1224.5700006257684,1228.0190729158057,1225.969887761049,1229.945232289842,1232.489837962963
394908,68,"New Haven, CT",msa,CT,1258.7026966477858,1253.1416536246988,1257.6683520218749,1260.0088429165992,1262.2333753972678,1257.6749636809288,1265.248652720315,1273.5596539331734,1275.8907003864695,1274.5855472430612,1272.4840313891893,1275.671988724146,1281.5351228132893,1288.3833835676778,1293.7446543256149,1294.607396701501,1301.8221337816458,1305.2366085774001,1303.9373792318852,1298.6027064367627,1301.766311758258,1305.1198085478443,1310.4729323620345,1311.2823110172974,1317.3594482974538,1320.748089437362,1320.6020587904477,1324.604194250654,1327.3217414507442,1333.5939422534407,1338.2378131611247,1343.9474054239931,1342.778505855677,1341.1577001438066,1342.1818815368483,1348.7166239405615,1350.5298957116113,1351.8049817299393,1360.8697016485828,1366.8163425911123,1369.7596402648817,1371.3748858886495,1377.2914132189521,1383.0497421865728,1387.4155627342848,1390.159925855371,1391.2636209030115,1398.7133407282463,1405.6060232900045,1412.531331629907,1413.4500503190357,1415.7635055658275,1419.7082173005501,1423.909998562819,1426.1266763085468,1428.6308874889983,1433.840890878126,1440.3762906086565,1446.3047917599613,1445.0949699726302,1445.2618983862483,1445.9725890432492,1468.5429290994862,1477.4419553401824,1478.8294665606577,1481.635301544219,1482.2630256984157,1490.8781876038179,1498.2671680699011,1517.333325640298,1526.4800769977317,1532.5438834845525,1542.8616797582217,1557.130276676085,1568.5896130165506,1572.2368618094242,1590.3710034128355,1612.233038435517,1645.1055634910415,1661.3098947102544,1684.1958099220171,1689.9511339384958,1705.828633366183,1726.7501585006569,1741.1364359172976,1751.5874787865446,1763.5910805036592,1792.5509398448394,1815.731892626799,1824.0445194183287,1831.8848635179297,1839.0467783414538,1856.128855233688,1862.3048821272182,1876.5770779745144,1878.6248773915067,1896.91864321767,1902.6302429360492,1914.4598078591655,1918.752880493581,1928.3196452329325,1949.420433968664,1967.1296396164405,1985.7587986891267,1990.9569528358475,2002.9602145131983,2022.533266517119,2035.905659476814,2048.8534013461954,2053.446134652951,2069.73396201448,2085.2802680538807,2094.501271856084,2109.216898269832,2115.2204893161643,2124.2851710095306,2136.722531521425,2152.5720530155027,2155.192776069607,2167.3473570254796,2171.6463411565232,2189.099800022933,2192.792398624551,2196.4049635398496,2202.137248785122,2199.7558419948236
394561,69,"El Paso, TX",msa,TX,1051.304089711626,1052.9197823658258,1049.4660340524492,1047.5958229586597,1047.8698165980777,1050.3627615455407,1052.838347740356,1053.301598179703,1056.702229986971,1055.1542633454023,1055.0799877811482,1052.8001840451147,1053.8370944741848,1053.0774897827107,1054.4539988144197,1056.065733344487,1055.7239972145876,1054.1730587657205,1052.2528636227432,1053.5978132501143,1051.491147147509,1052.2489982088118,1051.8730609558575,1054.3147142364653,1054.0381463567078,1057.2407425770032,1060.85826541681,1063.0085355315757,1062.711185896377,1062.4350124972557,1063.624022628296,1064.923406147456,1066.9831498218227,1069.6748356672608,1071.965008249957,1073.05031332263,1074.0048341964166,1075.5335285543251,1077.233768942499,1079.2404016130797,1082.4863794121018,1085.0601307230909,1087.9503103048378,1090.2492623121866,1092.9094440611734,1096.4371698789548,1098.8437194723806,1101.618269054641,1103.8604801969232,1105.085850221556,1106.6785444956452,1108.8988651857837,1111.9241894623074,1115.881785350061,1119.2222708506008,1122.5945041097716,1126.19462910662,1128.62755946511,1132.608279937671,1136.6886416410666,1142.024647569486,1147.5470283749792,,1164.136749196139,1168.7769994596954,1173.6607622228453,1184.5562121231553,1196.1417951452306,1203.4277783866144,1207.7660018461454,1212.8645127859074,1222.424743436145,1227.7959985500224,1231.4557012262883,1238.5014132658016,1252.1856552747204,1268.8729395760986,1276.0711690616758,1289.0039157796195,1300.5394188048522,1322.0900957910162,1339.2117183112666,1355.5947994785854,1370.1366530519886,1385.637119698098,1409.3450267643134,1422.7257778152168,1434.1430539486307,1444.304934082218,1470.7791839081985,1484.0259323176863,1492.340687139813,1493.366463574002,1501.9325817540687,1512.0292488232983,1517.8743287794534,1527.6560194174576,1532.0108347089017,1544.1946247746594,1550.4661261574213,1554.9499162873751,1554.682435350228,1557.528587913284,1566.5884471232064,1571.8860381513653,1581.232348267527,1581.0195344942294,1584.9908325464605,1586.0576195796077,1595.1588279774833,1598.8296331951399,1602.7616151560107,1604.1193164620317,1610.272010568988,1615.555308649777,1618.2317207701556,1624.6968479867203,1624.7779994696964,1631.0455698800483,1635.9266857918024,1640.4766427699099,1639.2240806169352,1639.9592158135354,1643.1100630913277,1648.7453575901452,1649.3009924613787
394318,70,"Allentown, PA",msa,PA,1102.3138124760853,1102.3343118193309,1101.0217381153736,1104.5306295961502,1105.8703750170998,1111.3483079105056,1113.9714721466491,1119.8792893736384,1122.1895071240222,1125.3789805418826,1123.5460121863289,1122.5548774843405,1125.7151462663207,1130.9371036502705,1132.1476363457639,1132.5905833212914,1134.624184052901,1139.8510842690678,1142.7125988354444,1144.5864680768705,1146.7372559663863,1146.0985171162097,1153.1862428476345,1155.918744229161,1161.8322703956708,1166.1895181329173,1174.950736874126,1176.5764718235835,1180.7261700208737,1179.4743081438892,1183.4370995749262,1184.1818434524153,1189.1840421035786,1196.3007672243236,1203.9294127565895,1209.9024102193514,1210.8942909789575,1213.2385325128923,1217.5033614149868,1220.909162935211,1224.3451589334234,1224.0148665780453,1229.5381470489624,1234.759787694063,1239.803713175491,1242.968914877772,1242.1278083383672,1245.0757971508388,1245.7779939391878,1252.4062168130538,1253.9160720918594,1259.84050074573,1264.5151494390784,1274.2220267342122,1277.6128704001446,1283.198747059871,1287.15162444105,1292.49303927393,1299.5741181727117,1305.9158218889183,1316.132767236078,1321.778956674722,1318.6522859591196,1316.3437113455966,1317.3914688472767,1321.6731519354187,1328.6574393347278,1342.4944004321735,1358.5620358859924,1380.9630806933883,1395.208292449446,1409.194125391429,1410.3527457349742,1419.4371599679787,1434.1080136595021,1454.667713651528,1479.526717126574,1504.0530158589627,1532.6985949743205,1548.9089783948732,1563.832118508567,1576.0023918355118,1595.431958142442,1615.8239730178627,1635.4948380496453,1651.3071799602862,1659.1459898335333,1671.5006682563362,1678.7518809508042,1688.8370704173426,1686.454186920407,1690.9456440238964,1687.3875176892902,1688.8991769771524,1689.0060845192586,1697.6401700452905,1712.415935475663,1728.1123521052868,1739.552747384434,1742.877938918513,1746.7324367711742,1747.0531059397215,1753.6232406191677,1761.9726249544865,1768.0678774211121,1777.870584724991,1776.2538104335263,1776.345708177911,1773.0516176879974,1778.1752978342593,1787.722652462638,1795.398135576296,1805.5439253448558,1816.1144595404708,1825.578224132867,1832.042583365012,1843.7036458078142,1849.604476491838,1863.2104756081824,1870.4466623610786,1877.417963785429,1877.395359413602,1877.1190746508387,1880.7134926634717,1882.5194117365054,1884.5566402277811
394952,71,"Oxnard, CA",msa,CA,1798.3479329833588,1804.446394569545,1802.9574254887143,1817.9442288203159,1838.2110607417526,1846.6515807466985,1849.2503101080797,1849.9149602723232,1856.915591415636,1865.0986652543304,1871.7276454980802,1872.6527313786262,1882.1517145678383,1886.3525934921904,1901.940858927108,1907.3487994778084,1910.6438990702597,1922.7603936661258,1933.8677246937132,1946.2728129116595,1949.801046757602,1958.4596929351103,1963.3774331575628,1961.8592494827294,1965.7237478880013,1975.4975234417834,2001.0207594292824,2010.6129404893782,2022.6455436147653,2016.7821532874486,2028.7211287348769,2036.2893449398339,2053.149414303206,2056.282271685871,2060.1668142892927,2080.249283363788,2092.338802007795,2112.0746518304195,2103.600151094585,2109.7221668674842,2109.6682204433823,2120.1436187914906,2126.539730585099,2134.140773246988,2143.7332798768457,2154.061195637475,2168.1458037847046,2174.62237266851,2175.0620355475053,2168.806073978831,2177.2578064424733,2184.003494212058,2194.357492749279,2203.735938473533,2207.3523464555283,2211.6614764119595,2211.07604026947,2215.298868328805,2216.777211704118,2217.345107382156,2224.8459468673464,2232.3302550832805,2249.6547851101086,2245.197771777129,2238.2326228258567,2241.4050902823637,2245.836541057312,2262.777616936054,2285.6705299881055,2310.114369647292,2330.0868185516474,2347.306489818021,2366.177600456798,2373.454733434544,2394.2931062751218,2422.5227672243686,2465.1402521337086,2499.6741052747175,2533.099906481662,2560.131872992474,2594.144245094916,2614.4861438101852,2646.226722090352,2673.8968405329056,2695.3161089017804,2726.630340375877,2733.4145682792814,2754.808145554603,2762.309429159792,2773.3657690666596,2783.00076436122,2780.311687377824,2784.746340943364,2793.6141923205673,2799.1530601812037,2799.7940691577355,2792.732511028162,2790.4561728628605,2808.297099023572,2823.276610963552,2835.461458130487,2834.9079612764567,2845.456988243892,2855.3668595731456,2869.106210359332,2877.035355370609,2890.7338938085545,2899.6280800429336,2909.3335946207326,2913.9906880870826,2921.1299341481176,2931.8424051759916,2944.383266446721,2961.669909936618,2970.214986405824,2986.101368961198,2993.3852480281043,3005.6483884005875,3012.3400217802578,3025.865123272702,3043.594801729378,3060.8990036755026,3070.472924409246,3075.088182757696,3081.894823070063,3090.752240449609
394486,72,"Columbia, SC",msa,SC,903.5039014362334,904.4919968141288,914.4598802981918,918.5714901511265,920.0600638020962,920.9586696378594,925.2404657445015,929.4498503211407,932.0146268770644,933.4910985844764,936.228495246006,941.7422224759156,945.1595514597192,945.7292200736514,942.414390796468,942.7161482577392,945.8719057039358,948.6213655128438,949.6369772190616,950.4796793286866,954.172322106764,956.926913944225,961.5317624167234,964.187474711711,964.4303431511548,968.3576861050802,971.4411300034665,974.6854016701182,975.892631918969,979.4046833421614,986.6430895417553,991.2989593475097,992.9614036720153,995.5541850471889,994.6325808878355,999.4687913424488,1001.7724785669092,1007.4185644269429,1011.0050412307279,1014.484488063901,1018.4476809033258,1021.611948670682,1021.7319075207604,1027.5724579946216,1033.0515897496925,1040.837214558429,1042.7231920246888,1048.0019374131625,1049.464011534822,1052.5892810041012,1057.0561872911117,1060.9213201513883,1064.8930366910138,1068.4534670985465,1072.772442143732,1073.9382367049493,1076.3338108318155,1076.6547116130764,1082.8697985208385,1083.7752227302935,1089.4656638243528,1091.374558163782,1102.2413618497567,1102.4865494161816,1105.8476542639428,1109.6038098994122,1114.677882039598,1115.85732455032,1123.4786044519183,1132.982614200344,1140.1092984632035,1145.5422295402984,1154.365733997449,1165.0614206130613,1176.48897256066,1186.5732543144418,1200.4021677894843,1217.6250018170695,1232.4478004936266,1253.24186632613,1265.482498601914,1283.6295721335798,1295.6006773142192,1306.8236148048063,1313.5632077412845,1320.740774836235,1332.8482622268612,1345.6980029122135,1359.4945786187502,1369.198183542809,1381.9426535870887,1386.8311602740796,1394.4892595685292,1396.406626445115,1403.535308268236,1412.6106111856898,1415.9185882476925,1426.2235949484104,1432.2159181805794,1445.769421747422,1450.675857224954,1457.12750739212,1462.9168591765724,1471.055619135425,1480.6939475611807,1486.2442057788867,1489.5291910612298,1494.9334036469115,1501.8311979319174,1503.888636320579,1504.0354645897207,1508.5402514444427,1515.7394663661646,1526.1043997388008,1530.7147639015059,1536.2461412931002,1540.8679145202927,1550.0571625051439,1559.747274101601,1566.8009560224057,1576.437913921372,1585.9798587922442,1598.1086625104822,1602.7555677533967,1609.4966649582577,1613.863940564387
753906,73,"North Port, FL",msa,FL,1290.2129942767415,1298.2868536013832,1294.7908025597796,1295.0593734593206,1308.7198083730957,1318.8831813566067,1327.1811035560515,1326.6162064801306,1334.797994931618,1344.258175356388,1348.0018905821655,1342.7675935948782,1344.6516218599504,1357.6108285627658,1370.6882954085181,1370.5593737727622,1363.210388025389,1366.3050153365195,1372.9132305591445,1378.1557161540454,1374.7481987555984,1370.47184211832,1377.4517890871928,1391.1612686421904,1397.6973289658729,1398.9086455015347,1409.93851085251,1432.0368715806972,1436.8470263680622,1435.8101495138667,1426.2114753024048,1429.8098990068831,1438.0235512866464,1459.6226835135267,1461.213918846103,1465.3655698162968,1459.5213894921012,1469.9566982319504,1465.868261305967,1463.9713157208823,1469.0679680265227,1475.456934778759,1485.3152909848677,1488.2497623915056,1492.9985814315578,1491.222614984584,1493.961302452928,1497.0986075104552,1509.2695938929862,1512.1504562169157,1518.6272835870673,1520.6418352757096,1526.8207624108443,1532.7188359417476,1539.21743628616,1545.059543099819,1548.7174661456881,1550.8686759668562,1557.1944600083661,1560.7034625601052,1563.4287281011316,1566.0827113470004,1575.0740261333538,1574.0828228510022,1573.3068157335044,1572.038396229958,1576.332141239192,1576.944739036161,1589.9404311407761,1609.1690143192563,1632.935531365837,1657.182516060667,1655.533355717965,1672.3704963627206,1698.0913968933846,1739.208222039367,1783.2813492852722,1832.0467751864405,1897.3066363021092,1962.5904694254205,2013.8763912627835,2052.819796272136,2085.7658022330916,2115.4559735557773,2158.202840636167,2182.526915544078,2199.232911729272,2225.356478864171,2246.8645767369517,2276.183391423989,2274.484924891924,2259.0978806713388,2260.484534450795,2260.9412873811852,2288.6191001651964,2292.999300033059,2313.2942078449696,2319.1112192037413,2336.8209447733434,2338.894346974513,2337.6837195075286,2323.730949595028,2323.9838600131784,2323.7774648668437,2325.4414991418334,2321.3865480070685,2300.223003467625,2296.1658226386594,2290.4765999999763,2305.7344154096368,2307.492451703735,2308.519580020454,2314.909653873956,2322.488032660363,2327.94166325883,2338.552899995369,2340.6796914814017,2348.2425412841235,2355.0071059187007,2358.9601878911144,2353.026235749736,2339.4304156644876,2330.2249445213065,2324.8523152779344,2316.046896338223,2308.739508365703
845158,74,"Dayton, OH",msa,OH,787.5576484343153,787.806910952792,785.7994543372164,785.7124306387576,789.440734941638,793.4675507861045,794.6828264423874,795.376465679697,795.4949860089461,798.5988795735349,802.8456744433031,808.8736628722696,811.2670341188641,814.5236657443875,819.6628132712302,821.3174584853033,822.8268185531489,822.2998375471612,825.5577243265744,825.5502940582644,825.0667404853887,824.1879330209991,824.9312007614042,825.3575023307826,829.797757343615,835.4921631019057,839.7039813908582,841.4367213064526,845.0075528248391,849.5337774822649,856.8393599626972,858.1048122082401,862.3452080856571,862.7032589517559,864.6994268804817,867.1109882613293,868.2832811754662,872.3104448742222,876.5194432642683,882.8987215724419,885.0483420445626,889.2176220171845,887.8620556406943,892.0964527254092,895.648734320924,901.5897179172274,904.5513780957608,909.6570646651481,914.3735354277046,915.6381745380353,917.2230699455082,919.216803048472,923.7631337319035,926.861061836083,932.3745352259018,937.4011902270165,941.7335069527369,946.2716419192365,952.1089296616597,956.276204072558,960.8661795584526,966.6458495213546,974.0147519273761,977.8292504270458,982.0010428201979,986.0611612770541,991.6197545733996,993.9958995412751,993.7625857511687,997.6764565993532,1003.2327358651632,1016.2530066840691,1022.9155960380593,1029.0843494441517,1035.0199250680819,1045.3455610340457,1053.3226593492886,1064.6911399043659,1073.1878712286689,1086.5660537450356,1101.9293313077305,1114.3604736783095,1123.6786842117097,1128.563679941136,1134.8237407988304,1147.6054104963719,1155.9614736802896,1165.7467472615604,1171.5878435770514,1180.3743948636438,1191.2136902968236,1195.5413962076836,1202.3425759705747,1205.753552931585,1213.1623341182021,1216.5950396591727,1223.9013323012832,1228.0950936375702,1230.8695265493868,1236.5512474984457,1247.2874431830044,1256.0604959958343,1259.2841209903856,1265.4634432655864,1270.3668341213645,1279.928574464886,1286.1660193573073,1294.5089336736407,1302.5496465057415,1306.3551511540172,1317.3529361416633,1319.6922145221488,1324.8894238802393,1325.313648375238,1331.3592821763082,1337.3217142643018,1342.5564678503058,1346.267916101249,1351.0433863713474,1356.743190849478,1360.3774075751119,1367.2924825239486,1370.1450399132852,1377.6505646528008,1381.1479800076302,1388.5448513538443
394457,75,"Charleston, SC",msa,SC,1142.119431817894,1149.0265206812137,1156.7894211568453,1152.718749726838,1155.3525788765628,1159.9620850198753,1170.079075346327,1174.2595591604718,1178.1288195281936,1184.3636860059376,1190.8217275977722,1197.3836904834152,1199.3653396169761,1204.6997551506508,1209.5880000496636,1215.8842365673515,1220.7148084515163,1228.5291162006731,1233.9220677100263,1239.345459366481,1241.9470392941619,1243.8857753132438,1246.7500047105348,1248.8836534717623,1258.6186718701506,1263.6521815065407,1268.3677872291923,1274.116004116558,1281.3786072627342,1286.5509506384794,1289.2177277640408,1292.1929491585538,1299.0892287487884,1303.141851785546,1310.8750062471545,1314.911733575619,1317.236331531433,1322.188957032172,1323.7105935410168,1329.4371047142179,1327.0039420406638,1329.8577112374617,1332.5099414416868,1340.0374097779156,1342.813776271849,1347.0990074795532,1350.7555669945896,1356.953327311155,1359.4570709120146,1363.2163746813585,1369.4639968761999,1371.9682952904398,1380.1198589116711,1384.5035771210216,1390.5863359452264,1392.8235787857448,1397.4223196807336,1402.3066130477664,1405.6937705587115,1409.0927960516196,1414.8088837215691,1419.112707799987,1422.9762404166165,1414.828222385013,1406.9930067586536,1403.8075424737135,1407.5832232270986,1414.7647668599511,1420.524944930894,1424.9408180994774,1435.6062061049738,1443.9219530275677,1463.7816702982354,1478.51230511193,1495.8550126607981,1510.9538862149122,1531.214474972546,1557.6391527581095,1584.5042524576302,1615.122558893558,1639.9004168202334,1663.9591479586097,1682.8528796531955,1700.2240470390184,1709.6319606751556,1723.1451856527162,1740.1239607326,1771.6333135672296,1799.090372453549,1822.60253055321,1841.206807554076,1854.5936584355966,1870.2033502049399,1880.4967491429952,1890.7726006888013,1898.0520434654627,1903.5640957428923,1915.4818397529025,1932.9603722369432,1947.1025886673294,1959.3797265693966,1962.5395462845424,1969.3665271734014,1974.0388557199024,1976.0139281176178,1978.9409869420128,1985.0184526795465,2003.635525591353,2020.7375653180711,2030.0169155694616,2028.1471267203287,2022.515968996849,2024.6969839465937,2033.7089840289193,2038.1737038787296,2045.3566034978041,2054.3015860689197,2064.59561425219,2072.410876228309,2071.307301072083,2072.7725188441577,2075.4403899481545,2082.2392655084113,2089.7762863178114,2092.429173146353,2094.4319027805413
394648,76,"Greensboro, NC",msa,NC,847.1134903779947,848.633801447202,849.66699992473,854.3044801349811,856.6702472650622,858.6968792231863,859.521324073305,858.2382833089675,859.8972395701082,862.012179241483,868.8356394301093,871.2595648858683,875.2278292505391,876.3420257881015,875.2310074350854,873.9342716028823,876.5351523557515,879.1820172401667,881.6667736222422,884.1849332774814,889.4619373626091,891.7003815668992,893.0943862460867,894.6602756323718,898.6261234046591,901.7151678437957,907.9538363942056,909.2425005415957,912.1790065536388,913.6566772851901,919.7166748279853,922.6739614088021,923.0951181249386,925.3334725453358,923.8070808095024,927.279035374155,925.5722382576731,933.441128461605,937.5414955478584,946.7483619695867,946.5456632550803,949.8156805596358,952.5426360748535,958.7215643955012,964.2234135831137,966.609314246936,970.1282868640599,972.7602109630823,980.8367360758492,983.3225583969031,985.7041411838151,986.667447914732,993.6354875405393,998.8299008490544,1002.4128302869836,1005.0844229572725,1009.0334187258492,1015.2769919900169,1022.715886471519,1028.535727565131,1032.3012343964494,1036.0420091380017,1041.1098878590474,1042.0600737899488,1043.9701303445756,1049.4866670533818,1053.3203686566173,1065.7595221277259,1075.3468511647725,1086.1952991997173,1088.1672197151966,1091.9049614560042,1093.8962289106705,1104.7776732243697,1118.5107975583644,1135.8096573755865,1150.150449061279,1161.5083898602516,1178.3113790025625,1195.299717605428,1213.5295669405364,1231.2802734287054,1248.3170334414356,1262.5624115753621,1277.6989681017517,1289.7797201949465,1304.033305435901,1315.1318640813397,1326.893978618424,1338.7369302825307,1353.9065865796276,1362.5722196071868,1368.768322689979,1369.5174356976995,1375.4115826146844,1386.1225536179652,1394.7405772261661,1402.9200347352833,1406.0444329773902,1410.187840129471,1412.7731652267162,1418.6651879777442,1422.24896898151,1425.661237471076,1431.0946049334666,1435.628805650668,1443.8964219193242,1447.1182738911275,1455.2391793790732,1454.6182147753407,1461.1524244522222,1466.5839711464641,1480.7031021066687,1487.0579434679582,1490.9901714731297,1497.4396407250097,1502.7165368702904,1510.921046770939,1513.4075457288916,1517.3302490268384,1517.6337654335969,1524.6847872925284,1527.368605104633,1530.1962535580205,1526.1586195459915,1525.837145198789
395134,77,"Stockton, CA",msa,CA,1301.7439910295586,1305.259593393714,1316.3088388688254,1324.964809499295,1334.2106182262805,1339.139905121087,1343.159747501474,1353.108304472012,1362.572117458824,1380.401546494605,1392.2646026641557,1403.571866378267,1411.286099883918,1426.1561885220376,1436.0657935383374,1439.0546413530624,1445.207234812207,1462.2464540896642,1478.5311568954176,1482.321336863045,1492.2278551777902,1500.6406850483622,1518.2932230521888,1527.2904674243093,1538.5098131350185,1543.8347840854503,1546.6798499089075,1563.3749639313473,1573.9933273797274,1585.9495934031206,1593.9146880135818,1613.7440729176205,1625.1633510825304,1630.0813031035607,1625.0782217496155,1635.1795941962346,1647.4910894991312,1666.0524983608352,1678.4510583263475,1686.409517089104,1693.0654063965771,1695.73318376104,1701.174782840847,1707.4472580874276,1719.7217498090224,1726.2311259772662,1740.1054129836011,1743.3652811959478,1748.777676436992,1745.7472443684621,1753.8836932301892,1760.110699908231,1770.149611779796,1780.6180175141906,1791.5537603268615,1798.6923325952193,1804.4866268218323,1818.6383867092125,1830.7090818062784,1845.9136904528432,1858.6328039484156,1876.641712494974,1874.6679374375065,1874.7781120091583,1874.4550558166518,1878.991140663277,1893.4752128870248,1912.8024737512171,1937.240699058898,1966.8216615240833,1991.8867382213818,2023.5207264737912,2040.74376948039,2059.1395416534133,2081.2866971774456,2108.0474543699215,2146.4016884306566,2177.8577040616883,2208.1967392674032,2225.8241795350027,2243.3378748906807,2245.5642022871293,2246.572866169649,2257.1795745013114,2274.740870121494,2303.180662870971,2311.5926484052857,2336.511563629676,2334.110183752844,2338.9027207035465,2327.366726815437,2336.6877265038347,2339.130652834572,2346.4673726582582,2354.838014858585,2355.3915918722323,2358.645323333593,2346.689309124943,2356.8466489511716,2349.6742122754144,2363.092266077051,2368.7460362592037,2387.0748145818466,2391.019121432866,2399.346037246973,2408.183903220075,2413.7830704297485,2418.6781945783737,2427.5180706063843,2439.1133461957465,2450.3203004010716,2451.80563369207,2460.331383176943,2462.4381165378722,2466.0223070737666,2472.7319415133124,2478.8537792438815,2484.815540121997,2492.7188017150993,2502.4048738334654,2506.280217837616,2512.9016003348934,2512.564294407381,2524.5277623685993,2525.9030908943837,2534.703364281158
394440,78,"Cape Coral, FL",msa,FL,1041.8319667605754,1055.2745744716833,1062.379927173265,1077.0302851319875,1087.0882588120867,1100.986247646027,1110.9205239968323,1117.5482181916195,1129.0764619136999,1135.1102840581045,1151.4814528761933,1154.4372293440867,1165.0398594181534,1162.0015729128643,1168.8510396868298,1174.4164741697825,1181.8638461704124,1184.4881883571752,1189.9255947966296,1197.3734387481882,1202.5535448475089,1204.2305181150195,1204.8770919272172,1210.271499311793,1216.8858144503652,1225.0672842543165,1231.21130787729,1234.601003182569,1237.8142947921526,1240.9841564284006,1245.6227160350497,1248.2818713560225,1252.0129041281477,1257.929385567326,1265.5681884415098,1272.3522466225154,1277.9246788053833,1287.5593009484573,1292.0813947361924,1293.4271382905233,1293.750317449909,1295.859835124603,1301.243102948588,1312.8423759466928,1316.848852924069,1322.5605926446094,1315.3832101254177,1318.2496219402371,1321.2343263237908,1325.1930169143895,1328.2130310698194,1334.9520994621432,1342.1965701089794,1348.8131452026917,1351.4203721883205,1349.7001265010472,1353.5384803993113,1355.8005071809557,1366.9330077262332,1370.180786353747,1373.3863000614076,1373.8574873873117,1388.3715232035208,1387.153724294842,1389.4643220709654,1394.9604908196973,1408.601444010255,1418.1418945406513,1428.0423027812062,1439.770705687876,1446.2181385109573,1457.0388176087888,1467.0857164896217,1483.515255976801,1508.986611749187,1535.3826094444962,1566.681242256712,1602.4644646903578,1646.5223574675456,1706.5263673449433,1756.3495417205747,1788.3534886864172,1819.8925730155775,1856.6615879644698,1898.1632003532752,1922.6967881080855,1932.5944749949765,1968.4978558863195,2008.5621439581103,2036.8025687707839,2048.51454872112,2039.5578311869685,2047.9160569572891,2077.333064059681,2118.129839675546,2146.6402047393854,2154.048493924815,2162.3261375159996,2183.6645431239035,2184.7672294104336,2174.090305113854,2161.7218511783562,2152.642014742401,2149.130881027879,2138.6396398615143,2133.8263922904316,2124.836125230304,2120.834488593285,2116.4327107460367,2118.3696058686123,2111.8213939286843,2105.4534098532067,2100.1895303587603,2100.7813863675005,2105.6037176024197,2110.6750736021804,2113.6196897275695,2104.940694711649,2093.207278764126,2081.1950412396086,2077.0310921106657,2070.0039167527048,2064.859017067043,2061.9580118054264,2061.1886435649562,2057.7161069408608
394399,79,"Boise City, ID",msa,ID,937.4469779017786,939.4540507943391,942.1645846983403,942.3725916538282,950.467106824763,952.5359338463038,958.5550522484659,961.4931282085552,968.3372527249934,972.9669960858753,978.8514655448631,986.1120379651184,992.1732250881213,1000.4852079065214,1002.4917581157836,1008.4344494008959,1009.2452979184579,1017.767316373422,1023.6791113050257,1031.4846479323664,1035.6763183696269,1043.2088729794082,1044.887113724578,1051.0666723115319,1053.8516467584805,1060.646411773913,1071.3867645771595,1081.8341996393788,1092.4930020015815,1095.636622025585,1102.2896374308511,1110.3386068726454,1119.2568069262486,1125.0704362663478,1132.4102243092643,1136.8899941702116,1146.4152979465075,1156.5147197478655,1162.2363504861546,1168.7171358000398,1172.8428763928111,1186.8259307629517,1196.9318954515386,1205.9618837327346,1213.5769494243634,1218.9544648341969,1229.6227401839012,1238.4733887125133,1246.7049193535524,1251.7341798066484,1259.710646293289,1266.523673235504,1276.1790839338084,1280.3682017534995,1286.4023466900755,1292.274774089729,1299.5828069609802,1309.627661844858,1315.9205380638496,1324.0906389272398,1330.857249263564,1338.801516762966,1345.2242118367285,1340.0605160696664,1336.626580325687,1334.429145760945,1347.9555669136794,1365.8082561130884,1390.3301292836065,1416.5288590211255,1441.8213877735768,1474.5582269037752,1497.461089989015,1521.4976328536977,1544.6278717595212,1579.649972754202,1619.383726340143,1656.8996259060502,1683.5029070242088,1705.7189991702087,1716.7577880881022,1726.1444244297277,1739.1471855767156,1742.6036663036652,1751.877559597379,1757.6707833960395,1767.9241674837792,1783.1586576841476,1793.525651556701,1805.7048349462784,1811.7466625423792,1816.1705200988245,1816.9603281405543,1809.4166338460445,1805.2000366386487,1798.681731204686,1802.600463289854,1805.3961395245046,1814.5320129288496,1813.082201372909,1805.7999230007574,1796.008344660507,1792.111066363815,1789.670058148355,1792.224228034009,1799.6818871478636,1800.849836370623,1810.7475669244727,1812.116753780862,1825.917048978651,1826.5249908824564,1830.0527940534091,1831.6896432319359,1833.1327476006368,1839.4759149371728,1845.7634054134223,1851.5170259531062,1857.213096134091,1864.980811764368,1868.369681826448,1872.2017002466464,1867.463619030384,1868.9226640303561,1871.7866673126778,1879.7146310808762,1888.7215044019679
394484,80,"Colorado Springs, CO",msa,CO,1082.953393561825,1089.318059219821,1090.377690968406,1092.6471967653522,1096.8681980397446,1101.7269928923538,1109.9138281935082,1114.7665045329943,1120.1682385127272,1125.1946091174636,1133.3703233497806,1137.9272551155684,1141.8642685897014,1144.0133442256702,1149.0965248176494,1159.68503523265,1166.5055018581304,1177.9365106463874,1181.2070555650992,1189.922120935067,1195.2142521787544,1204.3095039520915,1207.460465946351,1210.9972280776565,1214.0139632827272,1225.5472730733256,1237.7751218551996,1248.6331996068313,1254.1909114950158,1260.3421015948186,1264.6067913447473,1273.3792520194079,1281.9992893611425,1288.4534464737767,1294.5161727853665,1302.2057020104444,1315.1538547438527,1318.361700791959,1321.9375841540284,1324.8129209394012,1333.7748171218936,1336.1907970253733,1343.466360604567,1346.3960516968837,1350.9968678062896,1351.5096553900098,1361.571936942251,1367.9615120505011,1376.4229181593294,1382.5067653196104,1388.4673635715867,1394.3689152769643,1399.002512160054,1407.3342124257588,1414.5450192466606,1421.6657962662505,1428.2365413275334,1438.229216017667,1441.961174328874,1447.750259768204,1449.2319043962652,1455.7142766225938,1468.864265295396,1468.2087699644505,1466.5266131050373,1469.1556103365056,1476.2283428050903,1488.4716325458478,1502.1037882162043,1517.639264729334,1533.2910919870617,1544.0045251066733,1552.321998099218,1564.2052461220057,1580.2517323155469,1603.5231520194916,1625.9442785126857,1651.4927026792172,1678.1688341327708,1703.2755250979062,1719.6629830742002,1726.481481504456,1738.6059035868118,1750.8498756928268,1765.0869185634388,1771.486052170272,1781.9357530407312,1793.5361891886064,1808.856256844661,1821.0472541277584,1830.6389708793793,1831.4435818333818,1829.2132818944385,1830.9374761135437,1830.0520851318868,1836.6605638881733,1841.985136004691,1853.5252543202357,1861.613400998969,1864.4118325130648,1863.1231968055774,1856.713233791284,1852.753727870958,1854.2191701689444,1861.6673390615676,1867.8131922973646,1874.7056537602873,1876.7623616350095,1880.8807375983367,1883.8946820900567,1886.5305511023757,1887.0340842158455,1890.619818976893,1892.9881061894805,1897.6532119041897,1901.9680919610307,1904.2803075994086,1906.9587738418847,1908.4593606932583,1909.5579875754288,1908.7840216018421,1906.8850465809237,1905.5011320907502,1907.3197225009253,1907.5279936307495,1911.1056000612552
394798,81,"Little Rock, AR",msa,AR,858.3095028733172,861.5217911150265,862.9453352294547,863.6298395310763,867.1773836540775,869.2503745572661,871.0913357935505,870.8617926562657,871.3016560299607,874.708086406867,876.5291158340389,877.2824917129884,875.3628694375599,877.6702872795908,875.9860106648501,879.3031964976818,877.011282941652,877.6612571860139,876.8158318438484,879.5358753113787,883.118455558723,885.9614318776025,888.363113176919,893.1726132495093,894.3932366042175,894.5347213207488,893.1701428875474,894.7316931847588,895.3791213847213,897.0113513714144,897.4461372327489,900.5814078876351,900.7722898245695,900.5344421838212,903.2846948925313,900.6947234546118,904.4302741113729,903.083592237719,907.2399732879616,909.2642436532034,909.6819892905057,909.3149655014869,908.9946470740366,911.8094221776527,917.3998827405305,921.7868536058104,922.7778015492377,923.2522474475418,925.5116742067671,928.6827672582067,930.6864643441363,931.8826892074936,935.8263513105347,939.3459323372671,943.7349398839256,943.7150270349331,942.8295426997739,943.1576209023958,944.8372597290834,949.1136112095834,949.746534042681,952.2196813502711,955.6882488621677,960.8670247363684,962.5319257788946,969.8638725721344,978.6704029492623,987.3908815565891,995.479766955865,1000.8412972444501,1007.2760208224603,1014.168781268922,1019.8881190345546,1027.8822562743396,1037.9451656884255,1051.5072601051365,1060.7135492437421,1068.8873303109006,1073.5596145120267,1088.9519460545432,1101.2330525037223,1112.6185936340976,1117.7167974722204,1123.2721988157814,1134.8273520813302,1142.219158507107,1145.669532332725,1145.7199283051475,1151.534431591963,1157.916693145728,1169.5391918443047,1170.5280974514988,1175.5730874383187,1174.2055387372986,1181.2733574108454,1182.0898245680025,1181.966452532808,1183.1367794040527,1188.324827682575,1197.1893036977929,1202.9945659423174,1208.2738493414263,1211.18110157864,1212.4512479665254,1215.3327067353057,1221.3215678310105,1229.5878945751786,1237.6606944120201,1246.039675584624,1250.4867998092066,1254.4505616165202,1253.4938656464687,1258.0614347820413,1263.0663207180087,1265.5589944654873,1272.0254296142964,1275.6064948572746,1279.9278537014181,1279.1661778851592,1281.1924449573287,1281.7508259877409,1285.110212152903,1287.1471204672248,1291.3432412423779,1291.2703506001249,1290.6249931171085
394766,82,"Lakeland, FL",msa,FL,1036.5113337955743,1037.1688060254278,1047.018475453682,1055.07249444993,1063.8792209129358,1066.547730716616,1070.1239920664846,1071.8057305131267,1075.1903366124097,1081.8095581273112,1087.749665241257,1088.2746985238423,1093.907811393654,1096.9352700315249,1101.3141933746524,1103.2659041708544,1105.4858225645262,1111.6522678924564,1114.679405738863,1122.0578412745872,1131.085017129263,1133.7144508707177,1134.9291727273626,1136.6242725109144,1143.0072261820649,1149.8208976937701,1155.3956445087485,1159.2367673427227,1167.6261146184381,1172.93308341136,1177.050356214444,1177.0196973133684,1181.0316292340497,1188.0467696470769,1197.067651179826,1202.3892786593553,1205.758534009488,1211.2107893433943,1220.5581523481396,1231.0694984548995,1239.569690193506,1245.8680151247838,1253.4799130119154,1258.5490558981983,1263.4414082603287,1267.2484771419115,1274.3113495579087,1283.6256959188477,1290.7036409801412,1297.4165675052957,1300.2299076164227,1303.8513155498424,1306.756946197131,1312.4175914330167,1318.394541273266,1327.634735863963,1334.4473127784245,1341.8158296441422,1345.8157121796096,1349.9364526609068,1355.6562087082661,1360.5718031549586,1368.7612892655438,1384.6410654373012,1385.9719609697452,1382.033842192983,1373.4736132027163,1383.2706101680767,1405.3452702358709,1417.8291189867205,1432.442111985005,1441.4041303989432,1454.027874081807,1459.5142301340193,1473.9960925532914,1489.9579547654175,1517.5231985805797,1551.502183221344,1589.3530964239194,1622.3248567690412,1650.7602859058497,1679.0882153355008,1703.7634986284736,1721.328173378431,1736.1580603415878,1754.5507298412754,1777.2720627351378,1794.8345940118845,1814.5829763647973,1829.816105362908,1846.7347880292286,1847.6393759231928,1843.1069525368878,1845.046600709385,1852.8496495886948,1861.8779924826454,1867.2643515927107,1873.637031198403,1877.6364247426764,1876.6361208564804,1875.465097991349,1880.3409985367189,1882.0506219683825,1886.5411456880147,1885.003663123268,1887.4330023654911,1885.457843839635,1889.844789349076,1894.392433835241,1899.9514448357893,1903.1918639042767,1908.1484708467774,1908.4007339939135,1904.2271493341598,1901.6126588021841,1904.4222533491213,1914.2996493841622,1917.7779088589064,1921.7281810002644,1921.1941772191947,1922.0062970074143,1920.3899628763832,1919.860566129134,1921.019768438676,1924.4983301121488,1928.7207698501497
394304,83,"Akron, OH",msa,OH,778.9372234817463,782.1965813491578,785.105921675309,786.0182557031349,787.0403426969733,789.1115686507168,793.0402843033169,794.5244327369161,796.3869024631615,798.0503836158102,796.3579791907456,801.228435619798,806.3570530078803,807.0334864020759,801.6971381755585,800.0458840993878,803.0987706748508,808.9941491690403,810.2383166779322,811.4311776640425,813.157133448728,816.1987876222636,818.5484485579385,817.0939422591337,816.6691095301322,820.6075876216155,826.997063109455,833.3841369514644,835.9838526725646,836.160046321323,837.8657370286072,838.0756876877912,839.2153200760794,838.785388454763,838.9583729024839,841.7378961678105,845.1837743268924,846.6103467761825,847.4204622629917,848.9557701693183,848.501417441169,850.45713821227,850.1032122844523,852.2837493674492,855.1792517646554,857.9817283651844,863.3367705071007,866.4199808527088,869.6378346972878,872.6990738946346,875.585700758514,877.2469802000224,881.3395615401122,884.1484439169946,888.8308869122395,892.293664314066,894.546148949838,897.302746701259,897.961234463316,899.6492321270825,900.632897445222,901.8762777039389,909.9987496994289,916.3559125004427,924.6303736868718,926.1503699548038,931.3065382460899,932.4780254095828,937.911083667868,943.7967535376916,950.8888923235307,961.9794115534247,971.7325657088229,982.6766229204493,984.416916889378,990.4459748119926,1001.7923003629639,1015.8357225575501,1025.2099666656195,1037.3402497866605,1044.9206442110894,1052.6988095260588,1061.9294606225815,1067.4292438305638,1074.1392580409874,1084.0496128954928,1099.7960110203906,1116.0093533888557,1118.7644514574902,1130.8623158655253,1136.874675535364,1146.0661858991198,1153.3436158999361,1162.644490243856,1171.9532879064404,1181.025208629188,1183.6279781270507,1182.9670683015413,1185.6137441192554,1197.1903073051046,1208.8730559275216,1211.632885436073,1214.0267991155795,1218.993557094835,1227.020341409139,1228.8752194710785,1234.472730063538,1242.9051805851705,1254.054808478644,1260.7619008809106,1264.281648490613,1263.69642557388,1270.8080441950494,1278.3658347744697,1288.1692818006081,1293.4792933776641,1297.9666689226742,1305.8919233608624,1310.0722493241221,1312.4584132618604,1315.3982447076964,1322.373207576726,1328.800629479445,1333.2540383045073,1334.0725600779963,1336.5006887791194
394531,84,"Des Moines, IA",msa,IA,983.6836477743954,980.5690512255146,981.3458048114962,982.8508237346479,991.8037489391675,994.8675004634085,998.874433839084,995.2771747173942,994.7391731384962,995.0015954367078,997.3675775906213,1002.0891549061041,1004.8995317240842,1011.2616372403194,1006.9293678748292,1006.8986988468461,1004.290530503869,1002.5050749400057,1003.954944998205,1006.0540257730275,1015.6402293879855,1021.386873866744,1025.2933833211305,1020.5584674658219,1019.8254048354408,1021.4729575505432,1030.0089690466452,1035.8002008010776,1035.1552803984573,1035.8326236876069,1036.0284643492719,1039.9865275017598,1042.930958810049,1042.391379375507,1043.390824559299,1042.796465750882,1042.5789836111956,1046.029137985443,1050.1433706899265,1052.6925504176427,1050.616619999237,1057.8030783074037,1058.334589611194,1061.0908795438309,1051.6585058059347,1054.4282491732217,1054.9720171745305,1064.6685547250029,1067.4017420817136,1067.2056587643683,1065.2241307518443,1064.9546059132153,1071.711778718803,1070.8746444254787,1074.79311304514,1075.4354052914455,1084.3131298132757,1086.518955089682,1090.139386254503,1089.3174874903261,1093.0860606319552,1096.9582341055207,1095.3315055319463,1094.455551928576,1091.9626756097994,1092.7838011836425,1095.0372113075716,1101.1391079995333,1102.9559608544791,1111.1366765260666,1114.7456221209293,1117.0706311575452,1117.800243268173,1122.276450258876,1126.8000149952604,1129.5135149112082,1132.5740753991856,1135.8287072357875,1138.4232675833507,1143.0161223984553,1154.8634951461509,1164.3664737666147,1171.2376535321812,1176.7077802552424,1182.8711611700323,1190.0110225599892,1195.7699860819282,1203.819323895076,1213.3834545184536,1222.7118570812327,1234.635640320184,1240.9090422401457,1243.5134605891353,1241.9512506724936,1245.1827844321388,1251.3487237253478,1256.1328315199419,1257.2344885816965,1260.5092361411857,1262.9534370425836,1266.592972515819,1269.3763156944915,1272.6955516731853,1277.4291262081024,1278.5689526262242,1282.7736885843353,1286.3683447057745,1293.9732852774396,1296.5840280673422,1301.830423138454,1300.9127054185144,1306.6465107718504,1307.5594459333975,1313.341095876816,1313.8590044911132,1315.2507671189421,1319.5225136530698,1323.382796790339,1325.6985488285895,1323.3555132874205,1325.0624361349026,1325.795369382429,1330.01601783082,1328.640277185087,1329.573013890908,1326.8382988128315
395115,85,"Springfield, MA",msa,MA,,1076.6059108254,1069.3159895010524,1063.0801034579335,1049.095745767548,1072.0822588061621,1069.5117738733377,1073.0490156486528,1073.2237508318174,1087.0336604273411,1097.2997340929644,1097.5209309650022,1093.798945691153,1084.9687371033694,1100.0983495444493,1105.4426459927558,1118.1121457322877,1107.8002814636861,1124.738043783724,1126.2131833966025,1134.6880349097391,1135.533172844676,1137.002030426117,1135.098015359206,1124.5702301366775,1128.951285386949,1131.4916454160457,1146.8807318195543,1152.562356538724,1158.9261335405586,1151.9798503111733,1159.8834138493623,1161.0705904335239,1169.7667774679337,1171.848164382245,1178.6983972739015,1186.380739346931,1188.2887391669883,1186.0586636144408,1182.3145359270848,1185.2867392930818,1193.7399849883088,1206.9894245904838,1215.6154353652898,1227.7147723661835,1230.8264261441734,1230.319341282328,1230.8708035420048,1236.1139507272073,1240.306973272538,1247.5974624977018,1251.8969595111928,1254.877535796955,1257.2590573044433,1257.8450762141433,1258.2443845902123,1258.4266278095017,1263.2445462983296,1274.4359793641318,1283.7240421791312,1291.2616250173724,1299.811534096443,1303.486716147402,1300.4184301222294,1307.0200401684679,1311.2396576220242,1324.9260191664032,1328.453529059828,1336.6119673199753,1354.6117408357045,1356.8535996516157,1369.6305203926588,1367.5709987909543,1389.9635953384302,1404.5261700234685,1417.5420429078952,1416.8989736115009,1416.88343411966,1425.6535230962572,1440.5220387993538,1455.8214102806237,1457.4366162677768,1467.0784903971196,1478.2371326892967,1497.8063190888934,1514.9111059557679,1523.9890783051953,1546.909390006152,1556.8673123527835,1584.69569048371,1591.071418084025,1608.9744159536301,1610.559489969896,1635.9948090635064,1650.478008481751,1674.2814965482025,1683.039102518769,1678.2285036016315,1672.6764266143705,1678.2139242592132,1701.8280517478095,1712.0246874362215,1719.515170967969,1727.6269308524115,1739.5709534905877,1740.9412743901535,1765.4081524133494,1777.61337714184,1794.1424152171012,1793.6942329404842,1803.5233412382863,1811.3629822269831,1821.7602899754452,1825.0738812774164,1838.9632794446388,1844.877437234925,1855.9562361132025,1865.5495157607754,1861.0047367099382,1860.4980334739969,1862.6509358877145,1884.365855487622,1900.2512920466454,1908.261308212232,1907.778476659407,1915.359231411863
845159,86,"Poughkeepsie, NY",msa,NY,1187.1767079325077,1182.6099186406166,1196.2866259127982,1199.8515526651947,1209.900510809865,1209.4493550522216,1211.428336767358,1222.3910552423047,1232.3402591731265,1244.1867918159342,1244.2044417321333,1257.2541443045886,1259.8000942582999,1263.480402255752,1257.8771643664006,1261.6050873046656,1270.478545422635,1268.6069668931507,1273.6379264954633,1272.5615314511494,1278.3519645784918,1280.5095224372574,1273.7281070302822,1280.259210530135,1284.8716556295653,1304.2271168106029,1310.5172088574366,1325.2013428653838,1330.1223049404095,1339.3508263196225,1338.38135221648,1332.5818807234275,1338.4736960727862,1342.5528090841583,1363.0337378602435,1361.2480136043139,1377.4651312399901,1378.6584208905163,1392.1496569945853,1384.7863862282836,1384.7611290798873,1387.2121833244748,1395.3187164273147,1410.5463486937751,1412.71599108703,1424.1176083790258,1428.755501691397,1441.1758147457015,1438.7298761496277,1437.6305830200429,1439.1717936515445,1451.0676044735792,1461.129894015805,1469.8394293869262,1477.6978045271849,1483.4246135073136,1491.9941827100422,1494.9912942657195,1497.4619144582957,1502.2006773115854,1510.523247215681,1522.4426950938266,1537.672860998908,1552.6675675551605,1550.6811559437226,1570.6121017636601,1585.7344198211076,1604.6421949697099,1609.699473883042,1639.7703491883683,1671.6757233129165,1690.5233578948653,1709.4470606537784,1699.1799136781517,1722.7011547179309,1721.0389548456412,1772.5387693997895,1775.4306634539646,1807.7171163253558,1815.1905409500566,1859.6069037133464,1873.2518998959506,1893.0185451394868,1892.6591729965596,1905.6031389984057,1930.2197116829827,1956.4718344315852,1973.4138670697707,1970.1761314344326,1989.0410560327934,2000.107792398138,2010.023440234163,2008.2205885137917,2008.09310878612,1998.913834429402,2020.9438998355854,2025.190513591098,2054.579962611962,2046.5456872573907,2082.201013993518,2090.4279415609763,2102.944680291493,2094.8528909993424,2101.157971149941,2097.8501646381806,2104.1797711315335,2120.2529541166687,2149.593631845999,2161.508302969779,2159.4085349080337,2158.7832579453607,2157.939417071785,2170.2669229947583,2188.04174554904,2208.2238460908534,2222.3206539500366,2240.8672619619665,2255.8181166112104,2265.01203359825,2251.0623474050467,2256.420442799495,2257.17279741882,2273.5805116475703,2269.602169646106,2270.716596656734,2260.8051282051288
394931,87,"Ogden, UT",msa,UT,926.3462248293766,925.470632691006,927.4452241111682,926.874291825703,933.0512380377832,932.2614053454812,936.7376694508614,937.7632268205988,942.0880499564527,949.4748415907542,951.237603801473,954.6720393247847,956.2169527280374,964.0512535711679,969.809283980704,972.1875029630149,980.7386097400419,991.5286415345327,1002.6800480798062,1006.1197276718901,1011.6919652145085,1015.8986006594693,1024.4049842823924,1027.6168253282026,1038.3862972078134,1044.1723931477338,1047.676365781466,1047.9437611704434,1043.1151743230478,1052.7068358920956,1061.3285425860186,1072.8111383324735,1077.9182597998456,1075.1037067055152,1078.4710442649744,1085.0576231752993,1096.5369542972135,1109.0990263173767,1112.5679488315159,1123.5712016642756,1126.8726917982553,1135.787075665964,1133.9599016478057,1140.0724055140863,1148.8411394451232,1158.6629644723014,1168.047067508973,1173.540723786808,1177.2647807539718,1174.6571766963264,1184.1064043016058,1190.3045854793272,1203.801246815396,1205.1176116803456,1215.4235798727711,1219.9502264251412,1225.228877348936,1234.2006768441606,1239.6619279747151,1247.9057916350591,1253.5731761336456,1264.859896748916,1260.6316820026716,1258.598181616789,1256.7313512827493,1264.2649006786212,1277.2210188393144,1288.918132922167,1296.322728981925,1309.341266977782,1329.3245995794048,1334.7037904454844,1352.5080976858335,1356.6235324747076,1378.5470692442016,1395.4031377885235,1421.0227655344497,1445.373210620752,1468.7978280730276,1490.7436280647773,1518.6934006123972,1534.1989546910772,1545.183374182219,1575.1206978803032,1596.177679017387,1623.7655001397966,1623.1162732969797,1634.3170535490326,1642.2721795878838,1658.5627382044847,1663.5592214061273,1666.8557570098217,1663.2452927820418,1673.0087153555098,1676.2180745540209,1674.3189779958595,1672.5607511390122,1683.8200096020162,1703.236933242843,1714.8777179662059,1714.5911080113015,1709.8069320467478,1707.9080995611973,1713.999359818283,1720.8041878278154,1729.6143620854311,1730.7087979005212,1731.0438560040577,1726.047861760938,1720.8827477813777,1719.6507482241445,1721.5562078313576,1735.1062209708516,1739.8703846542212,1748.2465855071232,1750.993392843571,1754.6059639221035,1751.9921293707505,1758.471398854969,1763.888137954759,1774.3077390256485,1777.2200748099224,1777.838497484861,1777.079134866356,1772.930587133754,1775.6589016466398
394816,88,"Madison, WI",msa,WI,1023.7287121402451,1034.2026211272234,1042.2134119178984,1047.306196080411,1049.7886861911497,1050.110558008367,1050.6095371815766,1056.7296331073744,1058.0905085024888,1058.7525870117158,1062.7146700189883,1065.987082157124,1070.484032171164,1071.7861813554237,1072.564026055294,1074.7843079319118,1071.2780590559523,1069.495279159166,1069.95374676474,1074.3656468202187,1075.2131148965684,1077.3455688856611,1082.1008032503566,1088.8740207944672,1093.3570580345167,1092.9232269426757,1099.822553920733,1101.777127865999,1110.0047890728297,1112.2837860747402,1116.106885020822,1115.7466513096754,1119.3188301281664,1124.7539647664294,1122.2938443572348,1121.3899736301155,1118.7333489617615,1125.2625546772354,1128.3172306014305,1132.30062269512,1135.2324046457056,1138.7593815803623,1142.5699036408712,1145.4837360608135,1146.864962599264,1149.0369849015115,1157.6775605541793,1159.4886122360735,1163.426413486769,1165.1778064174566,1166.1170483425763,1168.8209704602045,1170.7160565125303,1174.9409633360228,1177.930906929088,1182.8086871178862,1188.0381612556491,1191.6188708121124,1193.5617165495814,1199.862890019496,1206.1222360194693,1210.9110051683988,1212.15984359294,1212.0139701223827,1211.7329500566116,1210.6962336690349,1211.0690283414724,1215.0139571305435,1215.6661759312026,1217.795901163504,1222.5503032959084,1225.2072774422015,1228.1562959371456,1228.2880628126918,1241.0532502330614,1251.227729017268,1258.5507886457349,1259.5229891717843,1267.942623411553,1277.3520467858025,1292.1979801222308,1301.0131877955987,1305.0383127344273,1311.3127148987546,1315.891659587172,1323.9116167705392,1324.3146955971138,1331.9709467644554,1345.603129084039,1363.81060455231,1378.6140630983414,1389.3138177169953,1395.8092337165324,1396.7615032998247,1403.8620255255285,1414.8435879317058,1436.5081172584116,1454.8498387243944,1469.80554067072,1481.0451987669073,1492.2744082772308,1504.827247955241,1515.620927989189,1525.6692289599962,1528.665784075737,1530.840530764003,1535.9225237598273,1541.3613973570064,1549.1442672572155,1553.0299589628426,1560.8854475240857,1565.488125635872,1569.4749042322685,1574.3079678020679,1576.7358822044878,1581.2142544361386,1591.7656630036354,1606.6844433253136,1616.5251511058668,1623.009282714402,1621.8001433062516,1624.293373964792,1626.365805050086,1630.9556707427917,1634.3919393733806,1635.244730863773
395235,89,"Winston, NC",msa,NC,924.761046053977,922.1783959401048,920.7253117052071,920.425944004669,920.1906423387767,923.8071857852302,926.1414249235835,930.3364708385698,936.1170482040932,942.9468149048599,946.5004820456302,940.8502679231968,943.4499803379612,942.3011196987285,948.206138178591,949.8832381780373,951.9198811969829,955.8282798905667,959.3530115278223,962.4059529267689,962.4436983499085,962.4613671132536,966.2183429388164,971.371479483609,975.7334179912457,977.4984043733247,984.7101370884857,988.8158506651371,995.0148334726099,997.1662725492155,999.8061704417827,1002.2055074971277,1005.9034112337251,1009.3433563543056,1013.5155600002007,1016.3735682146512,1020.2884068103494,1024.199107267943,1027.2315571365284,1033.3522525987976,1034.7385787032892,1038.6912205499423,1039.3426462109474,1047.3632672964084,1052.9929986800173,1055.6569230662788,1062.4596782182891,1070.7413995049837,1078.6356941645013,1077.1749867997382,1079.9741803652557,1082.8907232627178,1088.4598222946759,1093.6511709701876,1101.4450219466273,1103.6486714440568,1107.7378486182854,1114.3000726069658,1116.6685192305993,1118.5330927032016,1120.2078372668234,1129.8603163066498,1143.1114645748464,1143.3721481390005,1140.9827307955093,1142.9399973045827,1156.63016711454,1169.1632797513898,1179.7058928770664,1189.0947598762464,1198.3003625097087,1207.38167241784,1221.3996990801256,1225.8794416716976,1235.9863685975304,1252.9566695075212,1277.3563366109,1300.5552410344953,1311.5397022022235,1328.561747099048,1341.5610064610778,1359.356831584144,1378.2756070679652,1394.7317282715196,1405.111817140581,1422.9112902041245,1431.0681808495494,1445.958195135699,1448.2672857478767,1460.6940653391464,1471.1826835968718,1481.1578700256123,1495.3269044584938,1501.5753420993974,1505.0291804747044,1505.4909907190909,1512.6921647401682,1516.1665242451124,1531.5918763430645,1536.9420174811985,1549.8126991060903,1545.6670473894717,1552.4001984969861,1556.68897615833,1561.0621608884005,1553.6394649641952,1551.6939448302567,1561.5241420823056,1579.9481585535243,1589.422451811681,1594.0224996724326,1592.7237923333828,1596.1076104146382,1607.836666956129,1614.3896406803228,1621.439670400038,1627.1229960040926,1644.787677825688,1659.1963696244582,1666.144195875941,1663.844177829056,1669.3266508352299,1674.5161531221981,1687.790742205706,1696.151622138629,1704.4566629425053
394528,90,"Deltona, FL",msa,FL,1003.8524698919036,1007.6430905570122,1009.4136655027971,1013.0487593611791,1019.7403381971677,1027.7628567865834,1034.5273691882715,1036.7373580750875,1047.5139240335961,1056.0666274345638,1062.0967739603625,1061.5354405368253,1064.1683334286863,1070.9958714069935,1079.5869644926374,1086.494378876317,1091.2333943159113,1093.417133857726,1097.4352939607406,1102.8802088899693,1106.564361160944,1110.5204245735167,1116.518494741604,1123.0520769366328,1132.9712496327834,1137.7998046380503,1134.5961428999349,1137.8265589924524,1145.0528887669375,1161.8852293498467,1169.459651191018,1176.0604573753806,1176.8371505924028,1180.8610863860938,1184.618227308121,1194.8475991576006,1200.3248689952193,1204.724882647258,1214.0286541517244,1224.1058957175765,1231.5015102105722,1236.1811116580918,1239.05397814223,1246.3207068489073,1253.2191000912308,1260.9656976193346,1269.2392457451938,1274.296770310447,1278.2150855891425,1284.5412431242669,1291.6845694604724,1295.1030971979221,1299.0046444354718,1300.4703320632145,1307.863469239938,1312.0234458518219,1319.463493508802,1324.3944499986044,1328.5471708336122,1331.7783409370843,1337.3357469840116,1342.4186255284724,1349.0466577004504,1349.513836586461,1353.676788240579,1358.2953832871272,1367.6469934191496,1372.6903560478988,1381.412068075329,1392.5758615103023,1402.9269570308884,1412.4149259676028,1423.653485628334,1439.4483091080408,1454.777459760634,1472.9282564713,1488.0237989099683,1508.603620625101,1537.510852596801,1574.3884604281643,1608.7372198974015,1640.1037877727842,1665.9546658583417,1688.0061125677653,1703.8568865570942,1723.5554406642925,1743.532893306165,1764.7042251940131,1791.4356210574483,1814.9152234888388,1829.3804860123994,1828.829400005263,1833.178332375366,1835.6595434160763,1844.9231751713603,1850.1527178152921,1857.0838915344673,1863.2059797207903,1869.031963346211,1876.6557153071822,1874.6076063630478,1875.180808557062,1867.3249784652132,1873.2266155221685,1873.3206273540645,1877.1489544751707,1872.519750151733,1879.3632825351926,1882.7966581685341,1888.432294175122,1886.1852721490234,1884.6749492834151,1891.6033462338985,1895.7644366732245,1905.2136447690348,1908.9742839036905,1914.5171447255389,1917.9474150022313,1925.0198479241494,1925.3519058436455,1928.012040706155,1927.7002668894243,1932.861110332556,1935.6242470097147,1934.884365118937,1934.8982044903687
395143,91,"Syracuse, NY",msa,NY,,,,,,,,,,,,,996.4473382784485,1005.2607679572353,1015.9760614633408,1030.7856128029212,1040.8340610659652,1047.9987684908674,1033.2190965465602,1021.0893824595621,1019.0518554737987,1029.2801447293375,1033.9015082941967,1047.0699790167143,1053.2283712821209,1070.9691115376902,1068.0464382662872,1053.7859069248782,1032.0135144353965,1037.6489479966908,1051.5522876755663,1063.2636853268066,1068.440065680384,1080.0353919489867,1084.6733622682789,1090.3090396648702,1085.823018700544,1088.3261331070855,1086.9869065621097,1092.0762488870978,1088.4283172433657,1094.5516451632857,1088.2665844094574,1097.663554893132,1097.0936957721,1102.1448261525054,1111.6025089010332,1110.7955688845307,1112.7703058514712,1104.938366198578,1112.5432896269754,1119.9197870417747,1137.964702023608,1136.0170893533111,1143.8195310221902,1139.7480713370367,1144.7609417789477,1139.6809215374258,1136.0319788057293,1138.8416530048673,1145.6652474752887,1153.8904130247095,1169.3246556368517,1170.683332477931,1175.3858225181352,1184.9119508001504,1193.0252125749355,1197.7282754376467,1201.2019782514058,1204.0786112447574,1212.1812949802195,1213.2955597027565,1228.2078310589188,1236.301438567233,1251.9720594451446,1265.9376701269787,1276.99224154242,1292.8795041605244,1300.8074498714832,1311.9880316728004,1328.463799192335,1339.0342029118426,1350.5075917509319,1376.3972061952652,1382.557236597471,1399.1327117945293,1399.7394924195758,1414.7275333946222,1436.051470491506,1438.1263014792405,1449.913522178814,1453.9794846955667,1464.9847639267884,1478.6880499172983,1487.011677593916,1476.880682333199,1474.5538131389233,1473.2690333732896,1493.1581287933393,1506.2714430054627,1516.4967549515436,1522.1040237437358,1524.9710984335024,1536.6913280219046,1539.1291923485383,1542.709408271168,1551.9534078008576,1565.649125478055,1590.1846227126641,1597.8026624914874,1610.0135004621022,1606.341043324447,1612.0982134613216,1623.79814643396,1636.4761330082151,1645.1627958312476,1656.322145302053,1666.2238170624462,1673.5872059730161,1683.4949301432039,1684.398428575304,1695.9596564121605,1695.703703943644,1708.213160579936,1713.2303166862132,1719.7986531986533
395006,92,"Provo, UT",msa,UT,1137.7945217934932,1133.858849183494,1146.2515904568245,1133.4385661134124,1133.5127450204245,1131.1302841921408,1143.6438207209192,1147.271504649595,1155.2144300044972,1171.419586192073,1189.185387454276,1198.4318103288113,1195.8126094322304,1193.483167664212,1187.8165964829966,1195.9348789115186,1204.3718246120575,1209.770717741014,1212.8015592589447,1222.3085230045615,1228.596515243767,1236.8161499708292,1235.0170874014564,1240.6999920709432,1242.1571320781866,1253.4805549738587,1265.8030134754265,1266.778703635836,1277.7205648515874,1281.4497214159735,1288.187843612402,1293.1636229680148,1303.1929308277545,1304.3568332818638,1300.6855246224754,1304.2885097107821,1318.1482916621642,1326.350923013284,1328.3831539166106,1337.955433952577,1339.6872493028545,1343.916668227101,1348.4398023745134,1353.0593367526412,1357.1975787999183,1357.5514147527767,1367.8305448791164,1371.4576094219212,1379.302700453486,1381.5987408584174,1387.2833407992812,1390.4316239183395,1393.6974427867456,1399.2020489948802,1402.626909910066,1405.414403760668,1406.2383578705385,1413.3867209906552,1416.9057786286578,1420.0660535059847,1415.646697589863,1415.638597194483,1423.872787629008,1428.278699306903,1426.5031002545072,1432.036776090281,1440.736093315831,1449.9105881346072,1453.8842443623407,1473.6239547084915,1487.349376951286,1505.4654261504645,1519.0330152209008,1529.5921370859996,1547.4714595444852,1560.1722392826944,1587.8731466702804,1605.5523821468591,1630.6163619036051,1653.742883064775,1684.5799558558592,1712.533762954145,1732.833003263362,1746.5135008270963,1757.855230343788,1778.3161629020858,1794.8496158731743,1815.2396238272788,1825.492777134262,1837.9588923393278,1837.764658616872,1844.0820096834468,1856.8513740042592,1849.5569871699659,1848.9158186091404,1848.1814193491434,1857.7008026110404,1863.7804120210978,1862.7303896303492,1863.8193462046402,1865.8627777879308,1866.9962717735368,1877.9294712810838,1873.4287444554448,1877.1927501234948,1885.7883181515865,1890.7416381543987,1895.4118011591022,1900.8459153551496,1906.7234270176903,1904.786611002254,1903.4386202848173,1905.1286278336124,1913.2670799317932,1913.2211219711153,1921.7665885131225,1918.8118689010787,1921.3684981128272,1924.7766873203714,1929.1603536701705,1928.036241563759,1925.9474571834028,1933.2700270542807,1938.0360173305558,1941.1170587056113,1939.1484301349426
395160,93,"Toledo, OH",msa,OH,771.2986387609735,778.4737339107708,776.1960187850782,779.1427220300301,779.940384490452,783.0605707434172,781.5537458050079,782.0640294975793,784.7985380178479,790.9768349000198,796.7269366267749,797.4730779191252,796.146143912721,794.4314882381443,798.1663146362365,802.6290806464473,807.8907615359238,806.1104103003252,810.1186642709525,812.4659839041707,820.1718414923884,824.4823201767987,827.4656919527414,827.735082154873,826.4829127612686,827.0512017361268,826.7741083968648,831.1786184335892,834.4711868180636,837.4083363739841,838.2433879980159,836.5297501857857,836.5450076697185,837.4343457313371,841.1148764532903,846.4249066307898,849.6253071249498,851.4945904039274,854.5998639498647,855.2181508663963,859.0277145798783,859.9153531761721,861.8787252588088,865.9885860234406,867.1858926112201,871.1791244632493,871.9510611698084,873.1300015775362,876.8715525198029,878.9585186226484,881.7883126376319,883.9587758514738,884.2174741712327,888.352482899053,891.7162863175469,895.0688029970584,898.7828345616184,900.6067343305364,903.9411426083863,907.0678540000645,909.7055995271506,914.1118428769875,918.3603675426267,919.7054030330953,919.2537516497198,923.947983751091,927.3965668022058,928.3590524149058,934.3844273768458,943.0455699549161,949.4277539897299,954.9190507302707,961.1810124361485,972.7330254152746,981.6442282676562,992.5369043469101,1004.7603858889224,1012.6716416643696,1026.4056994876548,1037.5360349210896,1057.5618242952155,1066.0195624689975,1077.830070970139,1084.5362115949179,1092.1854646007816,1097.7588783522845,1108.0186728046772,1118.9404777094003,1133.8571354769065,1152.8488121266344,1162.2932963684734,1167.5484543332589,1154.7767090042657,1152.3715115436473,1152.3332530547582,1154.1369057719442,1158.2056726894582,1163.4689962883908,1176.5133844754325,1181.6408326555163,1181.4251016384976,1177.171547184685,1185.1718884900063,1190.9044664547273,1201.243204153469,1205.4607113785921,1211.0119240804556,1217.9932165233267,1227.9355198830065,1234.5616167566504,1242.2779506380484,1246.235092170827,1250.4622980806312,1254.155277055528,1254.9922170151679,1260.1627752308173,1268.2042182638097,1278.1628607782143,1284.8172671611048,1290.1724287003046,1291.3971423893624,1294.6743562450085,1291.8904988158895,1295.7786718505101,1301.104294560427,1308.0320021510715
395224,94,"Wichita, KS",msa,KS,758.9977642414835,762.3385419305932,764.2474308753685,763.1733438413451,765.3130401859357,765.2320714098094,767.2575818298436,768.1081077160737,769.6513547062116,767.9737593059823,769.7302300513129,771.8318780469153,773.6524706137528,775.3695447335456,775.2088992165843,775.5401041906147,770.6265335853998,771.1065326076433,772.0992097533187,775.670323964308,776.1766738490601,778.7599482799538,782.0868912324088,782.4635486039989,781.7134155833746,781.4497415495666,784.6319528498603,789.123523605801,792.3836431434027,792.3743861132701,790.9892955463046,790.0266555328204,791.3446838688902,792.0165422795484,791.164015451675,794.7309747212441,799.0308132664114,801.0599643979239,800.1852412884539,798.6283413336951,801.2975735598252,802.0821922080228,804.3110885854147,805.0819746671374,806.4817445217451,809.0707017001263,809.8085345882533,809.4226291296817,808.7557336803737,813.6624851115919,816.5803225975164,819.5246853592057,820.8667209630603,824.3238380896328,827.2581907413713,830.755539106732,833.3541854311472,835.1984986297769,839.1268729157056,842.5599614899322,846.2683427062402,846.8415601844268,848.0675339360321,848.0275498636246,851.4597502174162,857.1038655307779,862.2490790580441,865.7572369154923,870.0995389977903,873.8935535634322,878.2445779715499,880.0258572075813,883.6639359808536,888.2615417440368,893.010876397689,901.9676968984766,909.6788112276683,921.1705358743089,926.1462312639376,934.4671425535901,938.4573889742439,947.2795691544501,954.5715573959533,962.5611336899378,966.141904508878,972.9190346462041,981.3743965349481,988.6218616525623,991.2911122057611,993.8628700558044,1002.9148022712569,1011.4690885250081,1017.0912095241843,1021.5796418702154,1030.1652575947612,1035.2683077210863,1041.8871024736115,1042.5666150146233,1050.1750099995797,1054.543035811955,1064.0465606424527,1064.3692523751301,1067.7346891734642,1068.1579081201003,1076.2688512505258,1081.8033820614057,1082.336248965507,1089.9383745850432,1093.29500633718,1104.120813957037,1104.277180248915,1110.9985920190597,1113.7218511162898,1116.0163129663358,1119.3367131017353,1124.2655474814744,1125.385844879016,1127.80924693832,1132.1156655942737,1132.3186434853676,1135.6969955324714,1135.207982629751,1138.8277182425463,1138.854326975816,1140.121258101855,1145.8770396521854
394549,95,"Durham, NC",msa,NC,1070.355899569439,1084.4244197309163,1092.336343587746,1089.7008890215207,1095.5222083559945,1095.853662080475,1097.026772790319,1095.9623886989727,1095.8960843833743,1099.5084384985366,1112.967658850192,1125.9770795813668,1126.9331779874262,1129.5332118341346,1124.2810880378865,1131.7312558275664,1128.3469662586135,1135.8199072286088,1138.1030268207614,1146.8161831142113,1153.0370869395454,1162.4240089105417,1168.805514692949,1171.6283906370484,1169.3633088230984,1170.3765999307332,1172.6304021819863,1180.3900583281697,1183.3132397513223,1186.3134859538234,1192.2610281402356,1198.6086331037493,1206.9791387877058,1209.287887421685,1209.133061353869,1213.7334301857622,1220.2373139553079,1225.3254860340176,1225.989813215653,1230.4983752736116,1234.91291563643,1238.380814428893,1240.002196246338,1244.1800267126691,1247.3089393813184,1257.282970393944,1267.5293537018792,1269.860090849312,1272.760514774315,1274.0673211376297,1284.5438971970607,1286.6953675906732,1293.4820863447758,1298.803821160137,1305.2230514335388,1308.1585012827086,1311.5463987074502,1311.9457128132349,1313.9320998870428,1320.604505311529,1327.3852581197157,1335.4192494953118,1342.5995800888554,1337.8735335623453,1336.5251511144468,1323.6453793226378,1326.5304267721715,1326.1025932067416,1333.451906651616,1343.5719268248163,1354.3751407149318,1368.291838172849,1373.80522399587,1378.6860715799687,1374.0392600178102,1391.3263628914954,1409.7236120534883,1444.7292110560838,1468.327327903324,1496.7930995817248,1524.463029602467,1540.9357777455782,1551.7388136115069,1560.9784636226984,1575.8230595266953,1593.5129648950913,1609.6116362403209,1624.3037464659133,1642.5020653416852,1656.018634786183,1674.4824570190153,1681.090274761208,1683.8928908200983,1680.6512104013862,1687.6964913125653,1691.7375755692744,1699.1905229286858,1703.9932038143154,1711.5430041394904,1714.1744025937257,1713.2643498529192,1710.7994131866242,1704.870682896564,1701.5087459892159,1695.5555196977045,1709.7253586212648,1711.2994229886344,1724.9657737878888,1722.5453829864152,1731.1535841325615,1725.897453888895,1730.2637320325905,1727.4221427838918,1729.4406173441012,1732.153960006539,1737.2160339918246,1745.5691014770453,1743.1107492254139,1745.984969582747,1740.7473943170319,1744.712765205504,1740.5661489373574,1745.783526577966,1745.2638668840257,1750.7772360237477,1753.3591739551482
394352,96,"Augusta, GA",msa,GA,840.6178155907425,840.8189359620712,845.5721053511115,847.4689606909363,854.4169346936026,855.7379867254743,859.3877691076127,860.5107931808507,862.5839527718321,862.152434985114,864.6430198302986,868.3704660914807,870.5077986517092,874.5729871197341,875.1969666080962,876.5105015604503,874.156016837012,878.7972112613891,884.5055220138313,888.7630298110575,889.5702537895927,890.1476690212835,889.6724911059634,890.308622345098,892.2631687476843,897.5446690134015,901.533681296507,902.6632034997649,903.9047596723718,904.1524857602384,907.7164508536304,910.61470017219,915.423739029689,920.0302085264068,928.6176315252166,932.3784374653447,935.8469272934,931.7555154391856,934.5372505171221,937.4598629732134,944.9289365002888,947.2318367166075,948.8033281334891,949.0350826771925,951.7418087934982,954.9278932397542,957.395749861204,961.0928922143813,963.3765253901856,971.6744226653406,975.1819501589043,979.9935685963229,981.8639262329209,987.073116367565,991.0099441766974,996.8363720461185,1000.6062033538625,1004.3766932954613,1006.9906611871577,1010.9353824230614,1016.0237981235026,1019.4874517541095,1030.6797410524555,1032.9555990784252,1039.5062892477326,1044.9405006571085,1057.1200014100043,1071.8109889402806,1084.184730020199,1092.058458049636,1096.3247019519315,1104.427872843982,1112.044818367663,1117.636720448245,1123.8524246412496,1139.1771344673632,1155.8653859270123,1173.892575218277,1187.4588119302512,1203.826380016428,1215.586228198251,1233.8444938819644,1246.567703311917,1255.1460769597365,1258.3657092615463,1274.7246278916812,1289.148121933314,1297.5638602123363,1301.2647737512025,1308.8296497379604,1316.873344682651,1318.4078587455651,1317.6153468499413,1315.093634596132,1322.4379033353466,1332.9643010024574,1349.4848368866378,1355.1618181460904,1364.520609789333,1367.4578251951507,1376.9149005848783,1378.2562612215393,1385.2342868570606,1390.5269580759393,1397.6478364225047,1398.0593695583914,1397.5417184294022,1401.2347396401233,1399.1520824538734,1400.7587890743612,1400.8022047739814,1408.839701784234,1416.8757872576134,1426.9330520477274,1430.881838767793,1438.5044678870527,1446.7562344488858,1459.6060445727883,1469.4214795746855,1475.059459051327,1483.4103140167522,1491.6220607990547,1499.775243631267,1505.9299909698009,1509.9218164644724,1515.660111484205
394957,97,"Palm Bay, FL",msa,FL,1005.0836583209311,1015.8204279620678,1023.8073850527636,1033.7502165974124,1041.1874289837665,1050.211019938851,1055.2250760669417,1063.6831210327557,1068.6469962238568,1074.722479056874,1080.6317430997306,1088.611838794964,1094.88881180773,1097.6709956828727,1100.5549865362839,1103.2897750368727,1106.8728395144747,1114.3125495724898,1123.918880044415,1137.8879326395904,1144.5057336585066,1149.2221799040385,1153.6925603238233,1161.882111068071,1171.3969976263575,1179.6819221179023,1189.6781158115386,1198.2768456412994,1204.2467972959582,1208.6911910019803,1216.1824295616298,1220.4432539346828,1228.9796270112843,1238.6362630294645,1245.53213785828,1252.2220077393547,1257.1324580720664,1264.6086170409728,1270.5537160873973,1278.2997757612002,1288.390571856468,1297.4091129527783,1301.913833858066,1308.354487920251,1311.5033260536602,1319.559700411783,1324.7603204974173,1332.66661444814,1335.349865247084,1337.0625485909945,1341.7542013798454,1345.6129846378408,1348.8335275327497,1352.7301968855468,1358.1439506537333,1362.4761611744293,1368.9003521251723,1371.1753231107016,1377.1380650354351,1380.0769943119328,1387.6892420801935,1395.1323947174556,1402.7841471063853,1403.0363222579522,1395.4177750571516,1399.209649487621,1406.0313863293882,1419.7645081545481,1427.5706159909264,1441.0292758979863,1454.6680726280183,1467.084224866884,1480.48570100966,1497.9908049244386,1513.9542865909339,1535.295921382268,1566.622802598245,1596.5285997517735,1630.0458478069556,1661.1503014784475,1703.8041948881232,1730.709879108036,1755.9723268404114,1775.8696015233097,1798.354486530142,1812.1185760493065,1833.6626031045669,1859.911937164975,1881.9530011500333,1903.914707214803,1922.4404428388425,1929.6215712544697,1925.2132990129342,1926.9726713843975,1934.7314591294773,1944.3525217441074,1948.9156707308732,1954.4227938505858,1963.9556225431638,1964.121614867085,1968.623922583965,1967.7417670076172,1966.1219224789334,1966.4460700155437,1962.2939298732044,1959.3040345455559,1955.8315903591558,1956.1859833665949,1966.4158053726205,1971.4960479270512,1971.8984032682533,1973.6273328780333,1971.8913584141362,1979.7950419745027,1982.2422292539936,1987.9905041130442,1999.273215131406,2009.0691345125867,2015.6637588672834,2018.5471890032975,2014.6708871582653,2015.1399342567374,2014.8401354536518,2016.104723489374,2017.7664232681936,2014.0032296975762
394711,98,"Jackson, MS",msa,MS,,,,,,,,,,,,,,,,,1020.9227589597299,1014.524016112711,1019.0740466462861,1027.0573081093753,1028.5659493703,1031.0512250236368,1029.939741899394,1034.1564427508097,1035.8594472421578,1033.46607902106,1036.5992698104812,1039.7067414956432,1051.1700780604451,1050.9088082987928,1050.229988955015,1046.474887611178,1046.2911315566037,1051.7428512065394,1055.4053792647637,1055.1242476014454,1056.3023088129162,1063.5261474822137,1072.0730424743706,1071.6975629432266,1068.054847416145,1066.6254663144753,1070.5006675799134,1071.4689997591734,1071.2380017573516,1069.1718549962404,1070.9555907615393,1076.984577551496,1079.0763798769885,1081.7532935514907,1078.380796826217,1082.181080868072,1085.6116094256638,1092.5909597655923,1094.4700331203776,1099.1038409817418,1104.0575732362277,1107.7485539786626,1109.8375149094143,1109.4787754830784,1111.9751863163467,1112.419122294637,1131.2264819975667,1127.8958898835504,1131.1971798930858,1122.050222983271,1119.3173967377518,1129.5885377818065,1140.8405140592827,1152.519137910083,1152.1140405830736,1155.9747437749252,1158.2377434576224,1164.3246783722507,1169.7197689818402,1181.7138263902891,1192.6730473764,1210.9492806769667,1223.858929479445,1228.5652217924423,1229.4477679820511,1232.1549072025746,1244.5231537347868,1253.046510614166,1262.1078837796395,1268.5608980503396,1274.6165216533889,1282.8156867741025,1289.2349584916171,1301.3493231595266,1316.1322501603493,1327.4715362631018,1329.833055329871,1332.0451613734572,1332.4762820806266,1334.1066522873734,1333.8141020589107,1338.7148934957809,1350.983323031692,1361.6686526497297,1369.0146050265319,1370.2170571627903,1365.1404507665816,1361.5162883502937,1367.238364855214,1375.9555890604597,1385.0735046055293,1389.566741776801,1397.7416986079497,1403.9267738733965,1410.7830566017433,1413.708352489515,1425.5219384624395,1430.9807751644562,1441.151124501951,1453.0883785415836,1462.5679324217608,1468.826460475785,1473.323846411249,1481.0313639965161,1486.2251912281677,1490.3038643676518,1489.781993802049,1491.9951933229665,1488.828490525611,1491.6264971976518
394666,99,"Harrisburg, PA",msa,PA,892.8502102773963,897.0924314934817,904.014984946383,910.2222554634852,909.9701395688614,904.4167734650824,904.4352098097374,905.5091757317251,910.9896566841162,908.4179372689359,912.9556909493298,914.6547886121483,922.1140057723428,921.1601904041571,919.5218673998237,921.9528114197763,924.3483082027592,932.5449688708904,934.4347140974925,935.7435853536824,938.6477721084674,940.213973898586,940.1323219868522,936.3433746976557,938.4072438161268,943.2872118867522,950.621109472532,951.6293430210512,953.027869038808,957.4989817414187,959.0867077188425,961.4677868889446,956.0730460936554,960.0151369051807,964.6199687275348,971.1460904732635,972.6612834626266,971.3837434916097,973.7750872862946,980.391936440577,985.9533991632912,988.4681738349051,991.1900350003586,995.8300231228731,999.8083060197367,1007.4711596682714,1014.9396933672034,1024.237672304302,1023.0526439028615,1021.8815481724284,1023.9399030889376,1025.2109466531222,1027.5948659786425,1029.9692612641613,1034.9749567040337,1038.3319658284272,1045.7980564497602,1046.3404905870584,1047.0402455585859,1046.3754706224054,1055.11109957999,1065.2057483606927,1074.4807522706312,1074.1450974383483,1073.3824431099613,1077.9453953806242,1083.9559060545685,1091.5666942700516,1092.7907791114221,1101.8526773639746,1113.2515863423178,1127.7289126822877,1133.7325449634204,1139.1949611676089,1144.063620968236,1154.17764871484,1168.1266660466795,1186.4080272807016,1204.0817930259961,1221.7449725574043,1238.5797417626095,1251.4722628926024,1261.58341990668,1273.344561706006,1282.2989192937057,1289.3541094183463,1295.8194718787895,1311.4216264077297,1321.4827905020252,1326.9443029322063,1326.795530797794,1329.7957883403687,1333.7301957737377,1337.863060571919,1342.2007527756118,1339.3880635865305,1343.5467632783236,1352.4423906314244,1370.3374148294959,1375.3091835926014,1381.907008580408,1382.6064782848493,1392.4549400197345,1396.548673298339,1401.6481704272787,1402.5659929551828,1403.8902082080835,1406.5394656290925,1408.6501279455742,1411.5436295080062,1411.202968688245,1416.3388166657737,1423.548654120243,1431.5554500747926,1434.8615437358983,1440.6484675911638,1445.2026339157296,1453.0376555766798,1460.5460316095425,1469.7326320879313,1476.4179591460772,1480.1867057318273,1481.771068290045,1483.1818989692747,1482.978038122575,1485.721737572074
395113,100,"Spokane, WA",msa,WA,766.1037806167133,770.2054448016481,776.4804931671842,780.1689710042373,780.6904410050312,780.945440619789,783.272094631035,790.5897609299292,794.5567485656684,796.6314635863943,803.0428944222502,807.7395124360196,816.2340283685894,816.4452724838928,818.8374939767057,821.3642074113527,826.6301333479074,834.185643417538,841.0141732239367,847.0700790571118,852.385694714876,860.4264786916904,864.3956620706172,871.5878236337206,875.667822443827,882.9347748940341,882.9903490204141,886.5806846058578,893.2654919423455,901.6184310377165,908.2699108308799,914.7168821639788,921.318330228569,928.2541858404016,932.2266443242747,936.7974243489293,936.6554296431259,953.3581307837032,966.1083147635118,980.8724157217526,980.2160341974695,985.0759781927434,988.0682173104053,994.1400147449893,994.1554211392229,999.1398224489839,1005.1891350932704,1014.4735192695438,1025.4362468784373,1025.506902480737,1029.4887055785453,1030.0235394602703,1040.509789418958,1045.1594941096719,1052.2561708914443,1056.953599724398,1066.5574716991277,1071.312259355093,1077.384759896312,1079.6956777488108,1083.661096580608,1086.710448771673,1103.823049584902,1103.0918921896562,1101.5992493020347,1094.3666870634684,1103.6635636394396,1121.6398190595503,1139.3843243156755,1156.5704221688577,1166.7775055722072,1183.2031456743005,1199.3164202674968,1221.5962399549594,1234.8564720246402,1267.374651963813,1304.2983895722512,1352.81452420329,1381.2273757910898,1397.5773013045127,1405.0390034836498,1406.6976936085782,1412.260856887333,1419.7831093691013,1430.2018830972982,1440.3462374459923,1452.3254163452677,1464.5259354409095,1471.68986028218,1472.587933048816,1470.0763941190996,1474.5711230844258,1481.1005668690168,1485.349682603388,1489.444368087583,1489.6540612570232,1493.8774607219732,1489.212370404119,1490.6590456577994,1486.7343544954042,1487.9032031372642,1480.2567012280979,1480.1262970296648,1479.1072400623477,1486.5489659204197,1492.771356314674,1497.9207594978573,1506.9158466850217,1510.4739438300176,1514.3676158863802,1514.6225195692834,1511.3992146753903,1512.539168149346,1522.7999964586284,1528.8811337678658,1534.3236873377284,1533.8894693561826,1536.3590937769593,1538.9021075901085,1539.437785756756,1541.5069205922862,1547.3547769629743,1552.9824385357124,1563.1681023294905,1568.4013916888002,1571.7479322006275
395075,101,"Scranton, PA",msa,PA,732.9596315711805,729.3427187354764,730.0759210912305,727.6472543069426,730.7369287262453,729.3085321688203,729.233111413475,727.0442666716202,732.5571994149847,733.4739648043626,739.3585563009849,746.9091974563701,747.2159351398136,751.016590686067,745.0245608525084,755.9203326122506,750.8044078863333,757.3799145060472,753.8629306989947,765.1902752476914,761.5079499290765,761.695862089992,755.6091383366102,753.0204998852619,760.068558937311,763.6416551675428,773.1461563065968,769.1847146088453,771.9622164530388,772.1244566468358,777.253355145046,778.4105336843706,781.0649921745726,787.455052283228,788.6095834865017,800.0746168226262,794.2399223510962,799.9329827838936,797.7082469888311,805.6724841296729,810.1704961299051,811.8060758771003,819.5579329539726,817.1654329776782,822.2929010546479,822.1258175230479,827.4049567183348,830.5294958813191,835.7998275173611,839.9547109744616,845.5172553273227,846.405850923036,849.7955676152166,854.360101884264,853.521946559989,859.5534511278659,861.763146726179,865.4730414450312,868.6251654162824,867.2489582123023,870.8905608839339,870.0379016374249,877.9849992068657,880.9935649667871,895.7288682645725,898.7241316603216,909.553893895576,911.1279326249675,921.2559474676541,934.4257239030738,940.6528835514152,958.9465159899054,968.239780977064,980.1015899698613,989.8593667533186,1000.5791159861716,1008.7215316019305,1024.2913691616086,1040.3905532157273,1054.3543159754133,1059.2307911607138,1067.5028749629048,1079.9826418016776,1085.8591600136426,1095.3465356801275,1108.2681548360556,1125.3348815494412,1135.6177758437661,1137.6187712824308,1137.4828853274755,1137.9883966347747,1152.7369487789852,1166.567003149861,1168.2058915246807,1165.6870779193716,1166.3194881943077,1173.2655935923306,1176.888634737705,1172.460610554242,1176.915442278432,1183.9187601271399,1194.5793254493246,1192.7979818960148,1196.4739449911997,1200.3582098112922,1212.9812337359415,1217.4418123084872,1223.768480681114,1226.5227813845513,1237.6647899314555,1242.2055160656282,1248.8184334568023,1247.9521545146602,1257.1253066990903,1269.1640915920138,1270.2089428017184,1273.0293048652004,1273.890373623665,1282.2429534950868,1288.1986534392286,1292.8966750185741,1291.399810162357,1298.0224498700861,1299.516893384534,1307.0305557660563,1304.5080667926086
394460,102,"Chattanooga, TN",msa,TN,851.8001472711554,857.7836400601974,857.9008251821521,850.6483148767229,847.9580861201136,851.7725090112231,864.1458723157295,863.9519480550376,873.0722217414543,880.0865800693516,888.7979454118374,881.2902237953382,887.1285059414051,885.7533872133927,903.8848851494906,902.6112088393198,910.5538915350533,901.129180371608,902.8475181898995,900.8428425781883,900.8210963390482,905.3852264350787,904.5360845668476,905.5695186997203,903.934473179626,914.4709904167535,916.7062019306903,922.0825542078009,920.2173080474902,929.2131295647711,935.5185379202712,942.8557147353413,947.2370684255005,947.40452798166,946.5551105985912,956.7952866614054,963.1626239929236,970.3738790381587,969.3081993257871,973.4082792003834,977.6691266024742,982.4835766221703,984.5069619406548,987.5533371212682,989.854282638574,998.4519859454412,1011.8819057760236,1017.3139233385209,1020.4175488656738,1017.8729545186801,1023.9855739135585,1028.878571386411,1035.119712479784,1038.7191704605405,1043.150618642699,1047.3061310022208,1052.7299295930156,1054.179399002815,1053.3295064729152,1052.9919205017802,1056.506534700242,1061.330495158531,1071.6819852421663,1080.5169718539385,1082.2642477694656,1082.8212096346072,1089.9382939249226,1101.6440168263007,1118.1896735116443,1126.9816490451071,1134.3187243738505,1140.409633928892,1146.5566325736881,1153.4346536785454,1158.3849332006941,1175.9297130876491,1200.4371269542,1224.7801358052425,1241.037227446832,1255.0504041483496,1274.3071792316455,1295.0628443566313,1315.3505373135258,1336.3337813634678,1344.7485055941365,1361.6244532399692,1376.0282530994464,1389.1883171603022,1395.9719600526437,1401.646637405286,1404.679976554696,1406.4013718277834,1408.2179257618511,1414.148195294706,1422.8484199578404,1420.7205778381024,1435.6800809164777,1438.236837022951,1452.6087331544009,1451.3535506017927,1451.1770754796253,1455.22270821001,1466.3059205385428,1476.8114122876252,1477.4585707615424,1482.9690495326827,1485.94838500667,1494.676547626074,1493.7629331148282,1493.3738492514676,1491.3099275947045,1498.3019362154791,1509.2588592564816,1513.0542226393,1513.6499851421345,1515.0189920664384,1521.830304058463,1522.0378443163752,1522.2599281616858,1522.7464425949986,1524.1725070925918,1528.8306351830126,1528.7649337646153,1528.5591814383388,1525.0782623105151,1524.4571306658866
394871,103,"Modesto, CA",msa,CA,1023.3698503609952,1019.5448740832511,1021.6453148850987,1019.5385981739494,1037.7635351209829,1050.173485766206,1060.8881595388123,1061.9313917923678,1072.0863558086621,1080.514940761682,1089.5768002635764,1094.0978006115213,1093.345173792098,1105.5337594635637,1124.4462682077817,1146.611990978128,1150.2246231241947,1149.6944584645382,1151.1713551659238,1166.3048403287764,1171.3644401389479,1189.0107131593631,1197.4842809377233,1211.1981080591152,1216.488846674343,1226.8410139002635,1235.3743119919181,1243.3242855136587,1249.4149175785508,1262.5651437528968,1274.9352180291967,1278.576757581883,1287.7156020490283,1279.9026760806332,1288.118604075074,1287.557357978237,1306.9109139943046,1312.4243758625128,1325.4401850529207,1324.7324816307496,1335.8017554086427,1338.8242894356724,1351.227306957163,1358.3898389804922,1371.373601875296,1382.6341368409508,1390.3671297043875,1396.0939398098956,1393.6645995380165,1397.5832910431272,1396.4871140297994,1406.1173156761745,1411.293825884151,1420.4534482024708,1422.3213411815111,1430.0374008179238,1432.3251584433815,1441.9847981820146,1448.3341939924342,1459.9820108566041,1469.9543506367036,1480.9100438764112,1491.4696582160543,1497.99196477061,1505.89924619323,1512.4681388172153,1528.829665512122,1539.4729240403833,1552.8498419874643,1574.2893898837667,1592.9863809752505,1608.4899068438094,1623.0358296397217,1632.4146251211598,1649.377040484151,1656.116227493795,1681.1188481329668,1702.8842321799002,1731.5563044380808,1748.709193902721,1763.455822708916,1767.4905812296684,1789.3820245309407,1812.3344971249105,1833.4148615772685,1849.2176298257655,1865.334505251842,1886.9177164054393,1891.4153541231067,1898.5951316405856,1895.0077983385042,1904.480569268762,1906.044591171048,1914.978811643008,1913.1330273148408,1909.1643850353569,1922.8309447502686,1927.7891876632634,1937.028943780034,1934.8123055313738,1942.608655718624,1949.3042414538015,1957.2496133943891,1964.97911573763,1978.163057527622,1983.9900563755248,1986.8435500696123,1997.5887334583228,2001.5514736547275,2008.8773178109477,2009.3823744619751,2015.0234718786835,2024.362097252074,2036.4161694840511,2045.343172843898,2050.2623201579845,2054.633109813597,2062.5821119538673,2073.8298444395587,2079.4775803685975,2081.5442646847,2086.238069820281,2093.318529158443,2100.737442984418,2102.810731578958,2102.2986034255605
394768,104,"Lancaster, PA",msa,PA,816.2822354545364,818.7333373809661,826.6365475434177,829.5643513535448,833.4838280416373,831.0160978657659,832.6328360322376,831.9919795390217,837.0615260051528,842.3077491842214,847.1769753634861,850.3983979356394,848.9888745290268,849.0143787838903,845.2610922764242,851.8281176001647,859.3875949755083,865.745045054687,864.7571682137066,864.7350560334042,864.7513433767697,867.2461371805879,870.2988539053018,876.7128484613696,885.603920191543,890.0957011869584,890.4991225717594,893.445794372891,891.7032327176396,896.7477727190139,902.2951689222587,910.5570035347376,914.2535666302327,915.0268330714878,918.0662297957955,921.761758586927,920.8218231312528,926.9387850984813,933.7235780395547,939.5651607072742,941.4158175922265,943.6080307199405,947.6027759738561,952.7846171731912,957.7869417673959,962.8291167188765,965.7001779873974,967.6377699806944,971.7787702878416,973.4270137560851,977.0794213138078,978.1039525101487,984.432484028899,987.5262742711484,990.3892807425766,990.801204651825,993.452716826816,997.0225159214109,1000.9589718539467,1004.6270988845293,1008.4930999396615,1011.6255977524128,1015.1065066032469,1016.3152767465724,1019.9909746908813,1028.3403599833039,1035.0661354457504,1042.8227694990435,1052.086536498324,1059.702574216246,1068.3761442228176,1076.929029274221,1087.931447275737,1100.9625933203931,1110.85295166202,1121.0970067704086,1130.117521684084,1138.3960968311746,1152.611445926408,1161.2216043278415,1171.901909291467,1183.376858523484,1195.6051872554253,1207.839725962444,1212.6128524353528,1218.7188436661827,1228.7694944541115,1241.6832363563526,1249.0487203366615,1260.794108982501,1267.4213653093523,1283.6410072819763,1284.8486563733952,1295.62969742631,1298.741578103503,1307.4823671921085,1311.3317414890769,1321.5615137186346,1331.8740822790571,1341.1282532642451,1347.5168561171188,1352.3248680090135,1354.0338518983267,1359.6513615153888,1367.490347250368,1373.663821973513,1378.4575415899799,1386.6614644296071,1390.9656220694465,1393.0180928095235,1391.641283569244,1399.7559483318014,1409.6266161908331,1420.3104687001883,1430.7143184652768,1434.0479754997602,1442.6172784005369,1447.084458941543,1456.1189384742245,1459.2356195183627,1469.3072337717497,1477.225293932611,1486.7504876416046,1488.3172403508447,1490.9416553454746,1492.506426322216
394997,105,"Portland, ME",msa,ME,1287.28596926065,1292.4892169698912,1286.7936939284161,1302.3316600421504,1307.282117811039,1325.0430664314547,1322.4004384172003,1330.1337448140416,1319.6791249060875,1330.2438159290878,1341.688031191974,1353.0509276925616,1355.6416678964904,1364.9410706266494,1382.0115229186763,1396.410386841221,1387.5267276084423,1391.077169017567,1389.3071897595648,1413.7239678915118,1421.6492140484506,1429.0569135316134,1405.9235593460737,1414.7478221228216,1422.9612985047438,1432.3018161378081,1436.9368241273191,1428.801367200891,1447.799573398819,1448.0903895009872,1467.4170591626712,1462.5302218036284,1466.4253123461015,1470.5190485135943,1484.23413322343,1485.6361621740812,1481.9108293570832,1487.3582411724947,1488.8307751367634,1494.2099135030867,1492.3309756301298,1503.4333410675333,1502.676929465516,1516.7933302735644,1527.633421614491,1543.087296654501,1548.7779843835383,1547.931369373349,1555.1233403322171,1554.6780452053645,1561.4063405021689,1571.5785712832999,1579.338848981304,1583.616385689284,1589.8543021865542,1590.7926424511277,1594.5066882025094,1594.2182417881163,1603.6386133237984,1617.923688437646,1629.3505553081895,1641.992062879133,1658.2574568615644,1659.4431396621262,1659.1118883344493,1663.6923112391717,1679.822293194829,1693.8502357668126,1708.090429154915,1727.9497154209928,1746.9265343977374,1756.3983632832942,1770.3765053937366,1783.1088698778563,1796.868932284238,1804.359413385876,1822.5473199989478,1851.357253932423,1880.9644638925909,1904.3698766464156,1922.9878974138242,1938.257900473036,1964.1650866036357,1995.1565129162934,2016.9187440010369,2018.0415775551241,2029.310324834272,2044.0607062737722,2076.765743852671,2086.6289234451724,2100.6636449530347,2111.89842595212,2119.3806710658855,2144.001147671146,2142.172438043567,2153.3401413216934,2145.0102864058495,2163.3834687156104,2172.3404340729094,2196.439286761507,2201.8519598696007,2212.5730048035,2219.021391093745,2222.8932868959378,2227.8586606992976,2228.2416291475465,2228.8549621250445,2233.1300786092797,2247.1705185256537,2264.806099631136,2283.5825408481946,2285.4004544052214,2291.734434389084,2292.9192855875126,2300.8720337209534,2313.161113220059,2327.218587403004,2336.2654516902867,2355.738210951029,2364.435388408022,2376.639196121042,2376.5580256658614,2377.7578341726717,2383.6176130186795,2390.9858901301122,2404.1647172492185
395245,106,"Youngstown, OH",msa,OH,,,622.5612287093409,628.30102313392,632.1866499838266,635.5094589152294,636.3564404109284,631.3178458345584,625.6175823010615,621.3378418530222,625.4175016716026,636.801019800323,643.6293579144701,638.0269735091528,634.409353523274,,639.1557604558958,637.8083199692522,642.7747744108465,648.9435244571853,653.706585599252,653.799163941653,651.991331401712,647.8201872992972,649.1458519787267,653.2583587447549,653.8448313394579,655.4787793317074,655.4920629888394,658.5292373930134,659.6186207838339,662.1776423038273,657.6074637022259,659.3155670045387,660.8088226743137,667.6117928364853,667.3897094219415,666.9376548821493,670.5875779516657,671.5110479362565,676.1983164199977,678.101417155228,682.530986799662,682.8905344660528,691.1274469619453,692.8407223062665,692.153713314054,692.433838676534,694.1759413192214,698.8495384926601,700.9101121283667,703.1847297982436,703.0464585604169,704.5770745425548,703.8486527735354,705.5086351861682,704.9128902881658,707.1234404166163,711.2952337661468,712.391607249399,714.6456520253156,714.4837012720442,719.7121815238442,729.9812357839515,736.647357575075,743.7402797522343,749.2219966254655,749.713135531878,759.2831717706382,757.136822596592,766.279390387112,768.3780106486327,782.8435927013028,790.8742504317304,803.4400184168408,809.9625628835992,818.1029270240609,829.6549163182236,838.0123815542584,856.6788832602552,861.9584940022029,871.3423509551392,869.0196668686127,880.0344283260329,885.4030045946052,888.4869137471424,890.6810674023358,895.5054525279205,899.7275166233555,900.2199283594643,899.6317908141917,901.2295188781982,906.0575372274723,910.4695491227318,916.9640433714625,926.8187247920353,932.3383544914036,943.6015147804295,939.4020162281004,944.5492033265908,944.515311015709,948.6036354365164,952.8344990573007,950.3585356542607,963.69487891188,966.6351529991745,975.4635290076703,983.4977285652932,990.0561324671339,990.7364221585274,991.8278303250751,1004.9105431453034,1009.2642409065446,1018.668559166554,1027.264439749979,1037.8831447961081,1036.6207754344266,1043.5445493700804,1046.9329621360293,1046.5071304286942,1050.5027314120002,1056.9149921660155,1071.0718135879686,1070.3062978959292,1079.1809794708042,1082.3928153717627
394770,107,"Lansing, MI",msa,MI,754.1741388593624,771.430960164816,765.5400292545007,766.2988518557299,759.2764621114324,763.5776307295791,767.2228397797812,770.2759604927205,772.6926776648912,774.3973050229541,783.4607340221219,787.4661995892344,792.8642890387808,783.5297164792144,790.1286171477807,793.0360947834166,799.1614480827127,797.6840401817992,799.1039441858957,807.4241966870358,804.029661009059,804.4792830607502,803.8165084591438,808.9678245867128,813.1091927683051,819.4553078758097,822.3514250280946,822.8375653646933,827.1653890300088,829.2529723872423,829.2722490454928,829.888523307033,838.1723632016366,847.3949881554119,850.7850295553088,852.4438792647491,854.5908903399006,856.2477881518483,858.0117063164654,860.9014046700961,866.660548991284,871.60278025088,878.1302877305119,875.2641664130159,878.406145373434,881.1178235851935,893.3455458958584,899.2866938568119,897.0580974752379,895.4980909132471,899.3771271168121,904.0445861102354,904.2077506666639,907.5548446152309,910.3071719676368,918.6424767269015,921.0568595046398,922.6905518899044,920.0022610038044,922.3590201450959,931.049765612314,939.7453710019879,941.8194719618183,946.8850336063691,951.9137258813167,954.5611433342258,958.6021445732971,961.5146531633685,969.8194377808281,974.2700175524434,977.5416225820782,988.6795221243085,994.2857584425255,1012.7241080315251,1011.2421345279187,1017.5170953829951,1017.4663323834108,1028.1935897983067,1037.3482375096366,1051.6302804891989,1062.6153096296553,1071.9008657125935,1078.0906828832115,1084.4852456065544,1099.668619256898,1104.5063909974606,1120.8893733364423,1126.4497201177737,1144.480606311146,1151.2760472280595,1156.5346423400958,1163.8697225556,1161.1572757377296,1167.0575979408409,1167.1370378060037,1183.3595954934135,1184.3886825897619,1187.566166542008,1184.0709007161595,1191.3677663239603,1189.7261328120667,1190.8159269238583,1197.612369686869,1205.8875454709992,1211.5938207096883,1212.7972384536279,1230.0488528428664,1232.2287027352875,1233.3681525757277,1237.1048931169132,1249.16505422461,1256.0223065341697,1258.2300684071581,1270.887203455373,1276.504275317035,1278.8464939313367,1288.9554787608324,1298.8384447354515,1299.6784170601436,1304.0797747671486,1315.5163846063845,1325.8409028932024,1331.1103749799252,1337.2100619380267,1349.190359766338,1353.6805798915311
394590,108,"Fayetteville, AR",msa,AR,909.8037594869677,916.569093963114,923.5676429007358,930.6726970726505,930.0791976990964,936.824776749639,933.7149293058486,936.7096574148478,940.7229909497022,943.8903555656648,952.3861032995713,955.9092677575592,962.8451471658389,960.9567851919367,963.5894876423648,969.7986067435342,978.7205003256659,978.8619074871872,982.4057655540305,987.1209246045828,990.5361766457794,994.1568978410588,995.0571205950604,1001.1874049035359,1003.1816380764931,1012.9611130067013,1018.9848242304496,1025.0177538053451,1022.9742819437726,1026.8068648625272,1028.2506308569632,1036.3234312903137,1042.679161772605,1049.2683965686392,1049.5424524140049,1048.6098436378775,1051.1984271838069,1053.4328764696854,1058.6165258039869,1057.3585317676132,1060.8086891395565,1064.1356792435847,1071.96148230748,1074.1530425069282,1077.1998409141743,1076.037646047017,1080.1344509447365,1087.4471058855863,1091.9542137367855,1094.128201044765,1094.9748237684616,1099.9963579098082,1104.9504411619796,1108.6321568627156,1109.5403552410353,1111.0238677170485,1112.9542443506896,1117.882836110984,1122.179336855691,1123.4394898337753,1125.8837444859125,1128.8351499564324,1142.671762007044,1144.0726185496885,1146.316273116425,1146.819150814974,1149.5613100059918,1150.2354018319443,1158.3849173263482,1168.5084511324471,1179.513894133076,1185.552910646796,1194.412820654326,1207.5220747742972,1216.6767261049376,1229.2665610162944,1236.1224346078543,1248.4311879746576,1259.3699445296577,1277.9804858499426,1296.9236346502626,1310.9964315815776,1325.3374242172117,1338.956696525844,1348.8723664321717,1356.0957394214527,1363.9683812726494,1383.050359751202,1405.7265868891802,1428.6958485130071,1453.6619806457368,1476.5556707057642,1482.6107295513175,1485.5704338642458,1491.17155644409,1508.1346255188676,1520.737639676103,1527.4649838398475,1532.9305377142136,1533.7925202202975,1536.5781229145177,1539.0705767898805,1540.634854884376,1541.4359710215238,1545.1420951006953,1553.909054190739,1550.3667947492725,1546.7000031662321,1548.0832294921913,1563.817244000921,1575.1831790344202,1582.00246923487,1588.3087098612941,1599.9124824161504,1604.4645023958449,1608.575023071145,1618.2073649994973,1626.0748168072512,1641.653415163778,1651.4270814097285,1659.6597976264684,1659.2438245920255,1662.4309321247235,1668.2622965391497,1672.4491564006473,1671.932684592732
394589,109,"Fayetteville, NC",msa,NC,840.0885273872957,841.8887582919123,842.3585479492149,842.9723968504404,842.7953332228102,844.8303334844061,846.2230745305675,849.0286837745377,849.2564110134899,850.219702509623,849.3357935195277,850.7095361054813,851.9106655116514,853.2360684981296,855.275427492302,854.0632124030798,854.5930434498214,853.3244396631671,855.3425460711048,858.1951126791625,860.6947265826958,861.2578107868312,862.470856030386,862.9427747598321,865.7796426763628,867.4375916686096,868.9581860014816,870.3778580065571,871.9426192251759,875.1211124094189,877.7275074003921,878.3410769107799,881.5996452757029,884.5981069369657,887.2758574921769,889.285728002763,888.4365789328218,889.5573174246272,893.3694750560361,899.0467737623009,902.0059751542782,902.5696342645571,905.176868668346,908.2195877157385,909.7378328499179,912.4236857552343,918.5810115507559,922.9659652911783,929.8632825137943,931.3819047894374,933.8948326376693,935.7551392169461,939.4508140848453,944.6511284340233,948.0260857951455,951.9792985905359,956.0911924739823,959.9192691801086,961.1917451705569,964.382422972645,966.6576625038107,972.4962526234206,985.428853025397,986.4089242029738,988.8372568528861,995.8017595223852,1007.1448621360015,1016.9951487472111,1029.8293568108943,1047.945943974574,1061.0148365706943,1071.8373394807327,1076.501819441542,1086.4809404689415,1096.2971567563327,1118.0616783068367,1142.8289213714418,1164.587144789705,1184.3591184680324,1197.260609619662,1214.558115902332,1221.8033826590893,1238.8855426938678,1257.4787031184565,1281.8586504610641,1296.616376775958,1308.8766128472455,1322.1252975007033,1330.4280145363593,1340.7089020431172,1343.0674389144851,1355.7155018039853,1358.7325097494845,1368.257201629628,1368.305808102369,1374.1110625272229,1380.6310647280375,1391.2016398178764,1404.028027083024,1404.9387045750893,1409.9834222112581,1407.71219902469,1412.0868997278787,1411.8859932467528,1415.9330054217905,1421.2540160188905,1427.594301294762,1427.2573399399623,1431.0899661443916,1429.9209350020374,1435.5861684084373,1444.427526619297,1449.8557904953386,1459.0363351129606,1467.3335245072235,1474.932739733241,1482.231263877691,1486.656255192256,1492.3227909397265,1499.5234203273526,1501.5369405450774,1507.008167490561,1506.0666251267007,1507.4332617785105,1509.8356717226536,1512.0012685418358
394792,110,"Lexington, KY",msa,KY,856.7024666538431,859.021257745926,862.7339922926868,863.8722907835327,866.9192074432945,865.442874976939,866.0878865038044,863.5493323230138,867.5759517733226,870.3754085917362,877.0951161954334,879.5225320691509,884.4288594226493,883.2386360394587,888.8002776411256,897.7780143437304,902.5600374442145,904.8527482059881,904.1004308379142,911.2018685720307,917.8602858135715,918.5812375403926,916.9078610777575,917.9933584532889,922.0763162221931,929.5111993342606,931.8042263488765,931.571736495286,927.8611558564581,930.6070408941348,934.9109529089209,937.2178579179833,938.2727660761022,942.9170362330833,948.3374045851665,948.6450153446485,950.5275795997002,952.1925819760943,956.5949616199351,957.6911801303307,962.9488524304959,964.4814464113801,966.2663206091124,963.8721396587258,963.9727942601021,965.4908149629618,970.3076756503388,978.0722348410152,980.0945802543799,982.2340880193892,983.0958809280365,986.9294191457047,990.0321154025463,993.3624326890888,996.2267279955191,1001.6736315675437,1005.6220030138448,1007.8431301033262,1007.3814757707573,1006.5833027033415,1008.6752795008422,1010.165576986925,1019.4659249196463,1018.8283187786643,1017.7474406850675,1017.9692226924724,1022.0190825582471,1028.0040642633871,1034.4559521064402,1038.8482484328542,1046.574400915272,1054.240614095461,1060.8508821900239,1069.577480825402,1074.1132928818104,1086.6013237137995,1099.3969792695746,1113.1988633585506,1127.7733066471249,1144.2990699680095,1158.1587084332814,1169.555555808168,1179.0228596160937,1189.2959751145245,1194.6101322470568,1202.3545981002542,1215.1717609985467,1228.8043683698543,1240.701432148004,1255.7536822294398,1270.0249441052674,1271.5137996222174,1270.8853644619103,1272.7174701834363,1278.9912333762752,1293.7868452677915,1308.0361310667518,1320.7643898322963,1323.9481333958051,1329.1073374654882,1336.5401658221335,1339.7402687749163,1339.403361614994,1346.5517572128695,1353.5676694658325,1359.614554528674,1367.2218796929155,1372.8942657525517,1384.1278446141446,1385.2378056482899,1396.5122758798989,1401.6843906559186,1407.4514660823895,1413.6330321258706,1422.7663809574237,1431.789641340233,1442.2925967268563,1452.6079895349626,1459.3284985960431,1462.6129674916565,1462.7606479153292,1470.9233000132178,1474.7618369862878,1481.742714269271,1487.2175934660074,1493.4968560952038
394971,111,"Pensacola, FL",msa,FL,970.280858739792,972.4884694029569,976.1193863395572,979.8094738939641,983.7363702887315,984.1230111727542,987.685447199956,989.9101686942541,993.6702094191404,1000.2166095040591,1003.0003916502852,1006.5296497298548,1007.914067633109,1013.2757626073002,1017.6735535119421,1021.6427750232829,1024.5272330267624,1028.1683890324102,1032.4787105705132,1033.86780334103,1036.2590347730415,1035.4056160006146,1040.552769091192,1043.6560907837925,1049.772382912239,1053.5778448425112,1056.2392297268943,1060.372467202649,1063.7619243492422,1070.497326796214,1074.325468343564,1080.9844459387175,1086.5704160737566,1093.4476440561607,1098.6769899243006,1107.853447403546,1114.0646633150338,1117.925491455678,1118.5429179466898,1120.9718522577598,1126.2005369972471,1132.6103392479183,1140.8956988055406,1148.2039471317607,1152.4380871583985,1154.155765872643,1161.069466838894,1168.104307031874,1175.292334452989,1177.972137404931,1188.2499997998366,1196.4896641444282,1203.2023860958686,1207.231272869818,1211.0976444271635,1215.0556600981747,1221.8519756045696,1230.7292782937845,1235.2200582276298,1238.0880407432153,1241.794803670183,1250.6885068936144,1268.859861621586,1268.1451586760961,1271.0788545824096,1277.5540986004544,1290.7332126413644,1299.7579966247208,1313.3759568778817,1327.6479432104363,1343.9604644128522,1364.4305043309296,1377.873269553889,1403.065925202815,1418.397173109016,1464.8344776571773,1498.7469193558968,1532.645124130314,1557.7287672200673,1592.283401846199,1624.2683637029809,1646.322191714618,1656.4145064808738,1673.5966855379882,1687.2366670697108,1700.6253718441096,1713.8965055163067,1711.1848715454246,1721.1203662488954,1729.2275933540311,1737.0203035046977,1738.8729494568572,1746.115448090847,1752.050519770369,1755.822126249777,1748.394959271913,1758.226154368155,1759.5304758191794,1767.1470041678572,1767.9310819492378,1769.1875961540475,1767.2426431878664,1766.4836982446664,1765.706863951918,1765.146122159529,1765.2631166887672,1772.4882181416413,1784.5051046074475,1794.8222767852815,1802.1469659140937,1805.4719309847528,1806.7090674273306,1808.1307677325647,1812.6718905284554,1818.6791182540437,1825.0253887138783,1828.4780655964896,1833.5411092513696,1835.8516669822702,1837.5560752443394,1832.6155368712195,1833.2779221332073,1833.7591554897472,1840.7788748521357,1844.7959058163963,1847.8210814451074
395068,112,"Santa Rosa, CA",msa,CA,1701.7794838524505,1714.4274873949055,1734.7951591872697,1749.9559383201151,1762.8804330823716,1773.4754423990878,1780.161433789539,1790.826773419117,1802.8072364110114,1818.3115873660681,1833.517275586776,1856.728341542374,1875.5970713316078,1891.1995306230256,1920.0722758374675,1928.2072713880452,1945.135097350839,1945.3428601938792,1957.0880484110705,1963.6224009591808,1959.3228992480963,1963.127979823044,1962.3303121147392,1956.8595548872859,1961.0106984118397,1984.0200463289889,1992.5870426790543,2015.2939525451325,2017.8969720181879,2043.4205082615094,2047.4892706532546,2057.031568140059,2073.732826089278,2095.3462404942643,2133.2575686904634,2156.7183952065598,2177.0370767772297,2174.9841197436135,2190.8506560280257,2187.1594133633344,2190.8901949239716,2189.2135854547587,2200.2997863012065,2202.5531727348216,2204.1650580353885,2213.527350942967,2211.3730915839533,2215.535328005422,2192.768971834481,2192.4746372008585,2185.6181619197378,2190.5130394021503,2198.050281381905,2201.1896389989533,2202.844347606571,2208.930091243153,2213.815033074104,2208.4951893721804,2204.9195451872984,2204.7829962266455,2224.8159456709864,2235.2419590977997,2237.7337341180732,2228.1777724268786,2219.373681646147,2222.7749930498076,2218.894692885797,2229.836002823814,2235.2573439184976,2260.9105786710415,2266.8885665129956,2276.1730020808145,2269.8895593202055,2283.3558368967865,2284.4242110131863,2294.915788060712,2312.257725102611,2338.140014020115,2374.864937882009,2395.645198600531,2425.3881137711824,2430.0665067857244,2452.9862131244136,2459.8601005336136,2488.2091943378764,2503.5911924476904,2535.9522698752094,2560.330170844055,2577.0986906731105,2580.379122875808,2582.0414211713087,2577.881151452119,2576.2849969172257,2574.6495983375585,2572.3358657138538,2582.6873259106947,2584.4074532655386,2592.777824857318,2597.3346385112486,2609.143480428547,2624.0637881549483,2632.892616055464,2639.9627448622055,2652.927459060001,2666.753750094538,2664.3969849522973,2666.660351283728,2663.6248131235934,2672.983975140321,2673.1888635671035,2671.7927749179157,2678.6545931770156,2682.1319935418555,2692.1227546314426,2697.664505506794,2703.9859346622325,2705.9415729118205,2724.021165292172,2734.9502319906132,2746.1751696128276,2747.5108375439095,2753.9988558397827,2759.955900112111,2756.8260053217286,2755.760556809979,2754.7479177742334
395019,113,"Reno, NV",msa,NV,1048.3417602408892,1060.8713356531614,1069.6593119471074,1073.0843199006197,1075.5935024652183,1079.5578312202656,1082.573115756805,1087.2812189854978,1095.0377108835278,1106.2884470232927,1122.7747482978762,1130.9231090153664,1136.9068063428062,1140.9043948771478,1148.3160637736835,1163.233782108573,1170.144592817447,1175.299663071315,1179.947420568514,1188.6472844746788,1196.3042084018855,1202.5311565386514,1205.7081431723348,1218.0160247669917,1226.4194067623584,1236.081511101256,1243.7235012060187,1255.8495194909517,1275.0438509871256,1289.1309395850772,1305.5248288183157,1315.2369618614148,1330.4208270625957,1337.4802058574307,1350.8868831738253,1356.980893220911,1373.6522043460052,1382.539194747996,1397.1182565694821,1405.4242454264386,1414.4179400797989,1427.7451820252859,1444.3764929897252,1459.4555997676396,1462.9065062614695,1467.303801683473,1475.1543925356332,1483.5196772709457,1492.4910667682589,1497.8055013162038,1502.8779944505704,1508.828336489403,1512.2029890240328,1515.2864841792782,1514.5151674974827,1517.4574975818907,1526.389551488582,1538.9072949336332,1545.5005614422023,1553.3666038738875,1555.7649999192595,1564.655289110998,1564.3178789906758,1564.1548011611744,1559.6268564635566,1551.6568447203147,1552.81217927071,1571.9949058119482,1597.593628284583,1628.0142684471884,1650.7083612550623,1670.562259470412,1687.4992744129913,1704.0393103571564,1719.364598854518,1736.125753915754,1761.4163421757792,1790.4788651936465,1828.466154149435,1849.252005738381,1866.9456045434001,1865.3813608474811,1871.4794349330173,1866.385109729482,1878.7900643766613,1879.1394563735726,1893.8574191824987,1900.9536771551855,1909.380899567539,1914.5068105480327,1914.8589648039808,1910.2561491561032,1897.7761670186198,1896.8767795216736,1899.0900942835456,1912.4359628886955,1909.3124070940346,1920.4299088922482,1915.3875432270147,1920.3713455343839,1914.5217112676771,1914.3555607209116,1912.7381296719686,1908.0460132645278,1906.968777813924,1910.653771067675,1916.4643523171155,1923.52674723689,1930.0838745772055,1928.3562894078586,1934.7147144248606,1942.2853400281783,1951.6992305514768,1955.891543320807,1961.6599326390055,1974.5978118953958,1988.5421039375162,1996.483606153857,1999.457646559905,1997.9494620960932,2001.0690669285677,2005.8996238702323,2009.1667459673597,2007.7984176797925,2009.3951096749772,2012.358680781995
394698,114,"Huntsville, AL",msa,AL,808.482711821407,810.9238866394131,814.5825432768005,818.6093268509766,817.010626888225,812.6328075088957,808.9734155926625,810.0235196769622,813.4095742811339,819.3860723021188,821.0833327286784,822.2076890274892,826.3068637619037,828.8607628184283,832.665855150331,830.8422724107521,831.9125431393009,832.3072465181802,834.44838726285,835.5187274965274,839.6569745203512,838.810571949562,842.401356933043,844.8574798544942,847.2552992400674,850.6243796663731,852.6339710021738,857.7535713560595,860.7564115328818,863.8448747476046,869.6271081905165,871.5523197424457,871.1416143763179,872.2378356899562,876.549526775361,881.6378059280318,886.8215193479436,891.7173961587952,897.169361707095,897.6070048808023,903.227556365074,911.9073015353932,919.3012814339095,922.3411777129696,925.53890115784,932.2115000115858,943.0115009925145,949.4200969894405,948.3274036216749,952.0154153738453,957.1537470191512,966.4881721986497,973.0708299209318,978.0072868680338,982.8168732267201,993.8022308074244,1005.8490177882779,1016.0908354837031,1021.1838820725512,1030.5519686066812,1046.7870225936251,1060.1667813509196,1068.360482159894,1069.4510529445504,1078.3804749892197,1087.1743980277724,1104.345920629221,1117.124888745213,1134.4419992876144,1143.844283909863,1157.1134431024054,1162.6247827214647,1176.672008700787,1186.7638909699297,1206.3312018424772,1223.7212161625177,1244.9559377169737,1265.0861641426204,1282.3499906981185,1294.3972145124792,1308.3446143459878,1324.2931587152757,1337.2162370105582,1351.5606196646759,1358.3525734574823,1369.1371565188008,1367.6925505755562,1373.4371603280897,1378.7579430892276,1392.2938730555713,1398.1949255737745,1406.8771734119305,1396.3788534971047,1394.620023073028,1393.8933370577975,1403.393324405671,1411.8438567946416,1420.4247139755728,1437.488725138198,1449.0894191062177,1449.8180571793987,1439.9967184164864,1433.666204583707,1433.8641141135013,1439.5769339784779,1447.3188184749963,1452.0810977503595,1454.857646709128,1456.4029306981017,1448.52932388412,1447.7258524447543,1445.8747339405493,1457.5081145076927,1459.099129584872,1467.15264082284,1469.415474044629,1475.3060226983714,1474.3994119058527,1474.97292365906,1471.381762051221,1470.0433542325063,1474.5446414063515,1471.273650085788,1469.4555626680915,1461.9015880123518,1464.5737044170035
394995,115,"Port St. Lucie, FL",msa,FL,1198.9774481396535,1205.1301235549392,1211.0465847697635,1215.1616503267994,1219.4596037137258,1220.0032909283254,1228.6977294738238,1235.9340412226773,1248.156053796824,1262.2353287414235,1273.217846004619,1280.464097874292,1282.3651164789192,1286.8805856497943,1291.1029907543627,1295.9382735041993,1307.2594543912944,1314.8152341638336,1320.8165827190292,1321.789803460514,1323.757532917608,1324.844014800435,1326.4795763402365,1327.9862264785397,1343.5083547632587,1357.4261437490986,1370.2663866721784,1378.6595583974504,1385.794935731495,1400.4137813674756,1407.5150073418001,1417.166893957831,1416.9954204073483,1423.6003229052776,1429.6527313520776,1446.0262496830314,1448.3487222150627,1453.834713728752,1456.2972840917216,1463.5225158186795,1470.1572635329687,1475.5965212537978,1485.1977577549044,1490.4925962004986,1491.4106716719675,1487.872028275635,1495.8582073824832,1506.6822431686487,1520.0506541563884,1524.0913256881893,1530.7448429866524,1535.6544406219878,1539.9626752665913,1542.00828332105,1544.425171189586,1549.6062058430646,1562.3788162559727,1574.7871683325754,1577.9545363993757,1573.23380716212,1570.2622649160667,1572.730737454949,1583.51458586307,1599.1037497677762,1612.6147014499313,1610.5753377008646,1619.0323573249843,1621.852141339271,1644.5970269760103,1663.4593131339032,1683.7878191299644,1702.326609233739,1728.5956961413024,1770.7210834488,1797.350055278123,1816.61038919396,1834.6261853186359,1886.38107055971,1932.1191228641471,1988.139606513075,2016.1606733787628,2064.972836669482,2118.8733863510056,2167.8825481253457,2205.0874149111487,2203.0214124781473,2214.8246335086706,2226.364226899151,2255.982173317083,2275.698265079891,2297.554833192585,2304.7400602879475,2315.4700071771676,2312.9987505665044,2307.1604236898056,2304.81822601313,2312.5767786914957,2328.331375610157,2343.3794996684137,2359.3062297545725,2374.6653588504723,2376.3092170136915,2379.680793358765,2388.3693461364123,2396.5045310594837,2398.116654914689,2386.086346063433,2386.736868709556,2379.1287716487213,2387.501631555468,2390.047204622255,2401.795139009961,2409.58580531985,2412.770778012505,2413.8321131196967,2414.764714795519,2419.0152907884217,2428.8331049704866,2448.3017388580415,2456.517898470053,2467.17433709793,2468.089607728892,2470.3683355001576,2464.3897294235403,2457.207735019318,2460.2678910318227
394761,116,"Lafayette, LA",msa,LA,,,,,,,,,,,,,,,,,1024.6314184560374,1015.8507999716785,1011.9389437505408,1006.8674318698788,1010.9890716869951,1003.8542092601251,1011.8063171735649,1008.900781192578,1019.5629878488295,1020.4757636083768,1032.2373906540934,1025.2798298259238,1028.4861026396998,1026.9504737921532,1029.229237577416,1033.6166411021163,1034.1743199109994,1037.9098004452317,1033.1275705809908,1036.6335208592407,1030.3633188744018,1035.3747371466677,1030.0550024709753,1030.591358473162,1024.2734853994075,1032.0082166213351,1036.6447815517772,1043.3318174007916,1040.5696386618702,1037.7917002037836,1035.1309743603204,1038.9899758729873,1040.3583508469335,1040.2797219260876,1042.105287954024,1045.020064323508,1050.3549112056833,1048.506655947563,1046.3721096179527,1041.2322478002513,1042.7625794575572,1045.0446071114518,1048.5263417066972,1045.0954416944023,1045.4382998486446,1043.4210417957593,1058.4831068406727,1060.6848394441352,1063.7598185837542,1062.5751590758584,1064.16839961718,1070.7343552593304,1086.6343993627077,1097.9622730206338,1106.906456838362,1109.650034682336,1113.646628217027,1109.7121083156956,1112.181528263073,1116.9026538705539,1133.780402146542,1148.850695382338,1169.3756687766795,1184.0030966288814,1197.2795405011188,1207.1463899133673,1219.396713808218,1227.4806640951192,1238.7921877444,1246.1016837795926,1251.5598909420678,1255.836937550234,1255.2214154554197,1256.5446293875611,1253.6258614136693,1250.0707417064225,1241.9566002557892,1236.1341292071647,1231.0545284476705,1239.0318821530632,1246.0696876055088,1261.8335251167812,1269.0557499533013,1274.8819698746759,1272.2361128201403,1275.5250628274143,1281.487269338736,1289.7014534408354,1299.7555680862886,1303.0479505729018,1305.6869440307298,1309.9757244882053,1312.1227858642987,1311.2766468850862,1298.8625488812995,1298.3155890097783,1306.2053644982684,1316.977352045025,1318.7193789341459,1320.1216350486397,1322.3035806670246,1329.3020760520105,1336.0224248563998,1335.989377102451,1337.513199214548,1338.1717029272922,1352.2757250657226,1358.270573038562,1362.583757243212,1361.4791340636411
394898,117,"Myrtle Beach, SC",msa,SC,1012.1370035770608,1014.566173505256,1011.9659616269337,1018.9559585030005,1028.8525251041665,1031.6983447133307,1038.1498046421154,1042.4348942524218,1044.0644195286454,1050.280309607202,1050.997848971821,1056.3414123209068,1061.0147672439232,1063.4518381542885,1069.3502212559667,1068.6930162625179,1067.452731717117,1072.9092237997165,1075.6839025904185,1081.9645539052703,1087.6589018936806,1092.7364797536852,1097.7103630256697,1096.7456832127348,1103.8300840561842,1112.9511546922702,1116.3019721774726,1120.7069733270098,1125.3972222589653,1135.5031954258538,1142.499137022981,1145.1401235568628,1149.5559924014694,1154.2213056698108,1158.4202587720567,1161.9070056928492,1170.2458682753816,1169.8145911073732,1170.8282732656953,1174.621186026191,1186.5627226155154,1192.1321473210521,1194.015289683188,1193.7720345292853,1200.83965460676,1204.0841775087315,1214.7003929586278,1216.5155057193786,1220.8998938424634,1223.2607405023646,1231.1732989435739,1237.7056176774306,1237.9284121485389,1239.4805804032692,1246.109725100434,1256.210087955449,1260.1437711827987,1267.2457620101454,1269.2238394227224,1279.9647074114016,1284.6658106975901,1295.3774746744075,1303.8172337189624,1301.5154356944558,1286.157022062068,1281.8574936669902,1282.5428434722376,1287.563020152971,1296.800784078512,1302.8896479856703,1324.7805837101307,1338.1725634900936,1357.6837727682564,1356.3915742006536,1361.704854679159,1377.563313445265,1401.8896336015891,1429.659508952296,1468.5452015726437,1508.468074066273,1543.3680211548374,1571.8178049386565,1581.3730075375674,1601.5909833549374,1608.1587869556552,1635.5620273363957,1663.1146096398024,1692.4769230060085,1724.1022382820768,1738.5579151747543,1744.4125840954828,1748.1321890515987,1745.944160487271,1750.6931257398899,1748.4638042637696,1762.6155799164512,1766.3069707297986,1774.2274031794936,1769.6465353869157,1779.5522936146963,1785.5823493695962,1790.38272306008,1791.0368867838088,1784.9795514074863,1787.2816847014342,1784.4261402798554,1789.2755220509382,1793.2298585634207,1806.5088021443157,1814.4264569709133,1817.7035650738985,1822.6234468284163,1819.5799862290596,1824.9398530221822,1832.0150070763455,1843.8772525316533,1852.0943087263627,1861.3536675042874,1870.342013885864,1868.5686844839604,1866.1221016723625,1860.8143390155724,1863.8240790048249,1856.7724779874195,1855.8958429844404,1851.5001355492693
395116,118,"Springfield, MO",msa,MO,750.9564766100552,750.7925636809169,752.8348077240373,752.5045913550018,756.7440750676079,754.7250643873989,757.3510257452635,757.2740141093687,761.9804541677897,763.9573903417661,762.8656333785826,763.9701987585619,765.4656066574189,770.0880888662008,769.2075274013661,772.8010287059128,773.6728081637973,778.7297234555382,779.6934105486998,782.0068538504438,780.8914934708799,785.6258402868165,787.4384178339985,797.97391440573,799.9278955878056,803.831981697594,802.1130864902257,800.5019007598446,800.8329379347532,801.5287948975064,806.1337160883988,810.2121418428019,813.7463733499021,811.9694636178181,816.5435751954152,807.3735054307492,808.3646510843461,810.1444084339416,820.6442315374813,828.897232352511,828.5610730774008,835.2849890178935,837.2072598777298,843.8079231280013,847.1631945966237,855.1425945556479,857.853510003958,859.8647382054961,863.1130856731249,869.5611678777111,870.0521005439018,871.8081549589263,880.2081057164959,882.5225242931881,887.7764561568778,889.7625902988826,895.5903886369837,899.6456628042815,905.6964889121908,917.7925125240689,925.9996393491593,931.1664488030492,925.156099914223,926.5893923835439,928.3518612395056,934.4462464636808,940.5927817395423,951.9411956170127,953.128085380482,959.960614005764,965.0857546797428,977.385334413002,991.2703541549344,1007.8445686853328,1021.720049484706,1028.7958127763948,1045.504806583744,1064.518453576569,1088.4735857033897,1093.5801394922132,1099.3053753103707,1106.0043880047879,1122.2998940452956,1137.597145697208,1146.1583405710016,1149.2890061185515,1156.8484450864469,1176.8817930593611,1189.3595116263637,1193.7759010234663,1187.7298244821698,1194.7744151564848,1204.92926161633,1213.6725530127794,1219.9846975477058,1225.6308626698446,1228.5971185461383,1227.8930844145098,1225.1203520670786,1226.9593598587442,1227.993453080671,1232.9978810128162,1243.0119555330946,1246.2410629767821,1253.6803808264854,1257.23251668639,1261.6202219121571,1263.1138130328543,1266.7261048904138,1275.4188885982853,1280.4972360783524,1283.3848625135008,1282.3414611813198,1289.5650390868154,1292.8210009255208,1298.862358828558,1300.2874735973799,1305.041673233685,1308.3648700241351,1314.310885613364,1321.3631220836273,1327.3587586082892,1336.4193667421619,1342.5236267643363,1353.6274513498379,1358.1498659091462
395195,119,"Visalia, CA",msa,CA,1050.7685158552001,1053.2554550605832,1056.1052412305305,1061.3964636929982,1065.1400570485687,1062.4547349431023,1065.5172401276245,1069.2244328073116,1083.456399838548,1082.8123531340416,1087.1521952299795,1090.898243943082,1092.5894818293295,1091.1479751943614,1090.877029021608,1098.8755638707787,1107.3119795507587,1114.0604433772428,1109.1699821985912,1110.0960746510361,1104.2357400618073,1116.4251556990287,1121.8733893748486,1130.500275367735,1133.941393850234,1138.8558651564172,1146.093619487436,1147.4892439251335,1154.0570083347443,1159.6536690865719,1168.0684285838925,1167.7167663276052,1170.6840107847356,1173.2441731117685,1180.2807502880326,1184.7125324231106,1189.2698426119714,1194.5095944412496,1194.205292821324,1197.51759142296,1193.6003881505403,1199.8862563598218,1199.265544745991,1206.6596218055302,1209.345064787189,1212.9275691621654,1213.8522364972932,1218.615262760595,1225.5763230653515,1225.6780087229542,1232.2903165438415,1237.3314993947786,1245.3729812096406,1246.6858132400369,1254.2703092366182,1258.8021312984731,1266.5362704842742,1270.5276541377386,1275.9033777415013,1279.0960990848007,1281.8657482976112,1289.6011587548137,1297.3733808113932,1304.7552529248744,1297.2788068330328,1297.9960627956539,1305.2450032098263,1325.1373438026114,1338.8411269064202,1344.022934766231,1347.843701563937,1364.0179390982491,1390.1652499129584,1410.2253985301618,1435.1811158238543,1468.5514487158343,1496.145190054873,1516.442634780983,1526.0645143203358,1536.0155966612108,1552.3562777207671,1586.6031646683798,1632.7683059693666,1671.7979439595174,1682.1072152764132,1679.1594297656145,1669.1023180672255,1659.9145638368368,1691.7096759736617,1716.8017523960755,1740.4776960956665,1739.6745367202866,1753.1471196093064,1751.315518781582,1732.6237518793985,1720.769626775479,1722.8355083748165,1740.0541942624675,1755.3084349412388,1767.8596127462627,1754.5356633738932,1738.4788934853073,1737.7053596081807,1747.1537065993728,1766.293733666481,1772.5734339830137,1791.493037209807,1786.4971670225898,1798.9844904722456,1802.483549070114,1809.820380256289,1807.083624465155,1815.781469020701,1846.4048672447811,1853.3270629976378,1863.2860960122625,1856.7690655279441,1863.793863901245,1866.2769648189371,1885.07298072202,1888.6383598543068,1894.1496411551946,1898.384298725345,1910.8145558521633,1917.780277592643,1910.0092352092352
394746,120,"Killeen, TX",msa,TX,858.5938511208623,859.2406157026895,861.8905683490456,861.6403833917883,862.4990852890702,862.4380628635237,862.6285709586077,863.0416524817329,862.4360856026383,862.1336174262922,863.571327613033,865.2161943981544,868.0271180872732,868.2923293718698,868.184577011183,865.8648768872958,865.9343433663763,866.94865597437,870.8507789968816,873.0511061859503,875.1247124671888,875.5781002045087,876.0261908512736,878.0447272095067,878.1335929633244,879.9965081717089,881.2026915874745,884.1737513540255,884.5960960650522,884.8806057557163,883.9922555048319,885.3957075267659,887.3521340083366,890.756260059348,892.3338717150247,894.2586116807987,895.2197527476974,896.3332536885171,898.0162677331416,900.5435485464354,902.3211021139441,903.7607528439214,903.9378719413537,906.5199641415686,911.2499954924765,916.6030382473505,921.2095416012362,924.1698713261375,928.0644780500719,932.5842050562425,937.145843304432,940.7713785604313,945.8116770302897,951.1245480135738,957.5437198577926,961.3644852805039,963.3835711051928,964.6225111015644,967.4705170797256,971.2025282146104,975.1626587246523,978.2905557080737,984.2839190407518,984.7557262390928,987.4787517787107,993.571647371557,1002.5755635232639,1013.9414461006234,1027.2428425155697,1041.3800005752921,1052.701394054695,1061.8398313516166,1067.4416811145886,1081.1967851749719,1093.8442467012303,1118.4254016186965,1138.7833217198577,1164.728947596888,1186.7411179636786,1206.8773309116862,1226.6652028942917,1246.9537223852926,1266.5293876988515,1283.2732990958082,1293.1206522604928,1300.2161144042593,1312.1346732542038,1322.9982607918323,1332.433797289472,1334.4389743411334,1337.5817098673476,1342.2286243221251,1344.1141364486916,1339.4633547138087,1336.3879858073362,1338.174645913617,1344.3516896661763,1350.6526010191212,1353.1152541234965,1353.7164337890758,1354.8354120214472,1357.3614122641593,1356.9338291023391,1358.1775949586015,1358.3352927527396,1361.4684025105769,1358.2481333898345,1358.2458665687043,1355.6491463399016,1359.160036073244,1359.7123776015374,1360.8236690173285,1357.9036582071544,1358.9631283174476,1361.2745589999677,1361.5080749886038,1363.419858637964,1365.6086812931978,1371.6953577697805,1373.3511494330428,1376.042152856165,1374.0299108859733,1374.9235880245155,1375.9632289659974,1380.1090265300406,1381.7909330606851
394338,121,"Asheville, NC",msa,NC,1009.3956293661779,1011.9103921561572,1033.666698160456,1040.369888333752,1043.9911995655386,1032.9450847751182,1036.0092171662784,1044.896415527113,1053.9104228577733,1056.9258103999032,1057.94523897875,1071.0661890544802,1081.7962482485398,1082.2376788837244,1068.9110452496755,1071.1329397399195,1081.0237294290139,1102.443793548651,1110.5678789732888,1113.4265764128006,1117.5907395232714,1120.004683125049,1126.734771843259,1120.159203629442,1126.6383768986307,1134.5546270334753,1156.2552662042287,1158.877465284728,1166.5829997883295,1163.3977275335462,1168.86882320919,1175.3785103566508,1179.4638736525003,1186.5132887918553,1187.6479477963874,1200.015269190337,1203.9198999434427,1213.0247095200034,1218.98556793368,1227.2947908417018,1227.296839110863,1225.9638525770854,1228.4423473375814,1230.6345801776,1238.2606460733211,1246.912933529069,1259.4800071085253,1259.6858514023277,1271.854123410131,1269.4156699901112,1269.0640637034398,1273.6531193975882,1280.2219480468252,1291.0290279350545,1296.6293915826975,1302.5747823934064,1304.7410799232432,1304.802983751603,1303.4848207279163,1308.266715635043,1304.987474300092,1310.060346527457,1313.4428015408323,1322.6847728909954,1319.3627695100226,1325.1720746122069,1333.6304133963006,1343.9843777171109,1354.8235919335903,1366.424518307191,1371.3661272859256,1379.3774441894745,1392.0050352569183,1416.8175353650245,1436.2249073293187,1456.0671044119715,1466.0771005691804,1489.596250299123,1515.156387793247,1544.1378848668219,1561.334593722454,1586.3277237601965,1612.9480347431058,1641.8011375636831,1663.3700382160998,1675.8640399310398,1684.5703896448651,1699.3514836630634,1730.7165076174629,1750.5326831268123,1760.8070309868804,1760.6994549023404,1773.8556785013848,1785.3660847747342,1796.6921643301705,1801.6781163371595,1813.4199622572635,1812.165057643661,1831.0585550840535,1828.471073571988,1837.3518553358447,1829.4259476151465,1830.4546525200485,1835.7350485209506,1839.8456765478431,1841.0796085394513,1849.4068831608429,1860.387216228716,1870.4806599782635,1875.1587524873357,1878.678779275501,1888.8555621707153,1893.6032532689724,1898.4154740990775,1906.363890365675,1914.0169730191922,1917.3831444272437,1920.73306462434,1917.29898420203,1913.2465037858042,1906.7407283463945,1911.1405978215919,1906.1677320733118,1903.925170572306,1895.4876121384618,1895.5872603800954
395244,122,"York, PA",msa,PA,785.8242716714676,789.1485133221124,787.5406974316587,788.6450333624696,790.9004247635656,789.8933443412701,790.9756495461218,794.3155539119679,796.9557894063106,802.7187644059038,801.2698032039219,800.8019998614375,794.6509822363356,796.1444919325734,799.9513394710335,807.6211800789526,809.5416926717709,811.5776563370531,812.7056365568028,809.46071722835,810.8043169086171,809.023875991648,816.6426928627651,819.3284231544533,826.5385376570335,824.2806488798159,826.2623950916555,825.0466816370015,828.8232489150884,832.3660435284911,835.733468304953,840.9166726485142,847.27622046775,850.4501449081314,846.3742514582509,841.8410088609071,843.3321877967525,849.8300397199865,856.9683783166582,861.696380092027,863.811122296807,864.1774019181709,864.9036786357767,871.2355354482992,878.3421127866432,885.8254891466854,891.7063822955926,896.3926038788994,898.6948665010856,900.525658519694,900.3927579520139,902.8914136303297,906.2402005270686,911.2149776288322,916.2455234391705,916.7914298787309,915.1681993365153,915.4290491896273,918.7189203513171,924.1770601086581,927.5510313880202,930.5058656360602,941.1794844806755,944.0438825117662,942.6853141116594,943.1069520399722,949.4019707675873,948.9674256241304,950.9389808921533,957.2222277543156,975.0545056719211,982.6461984687417,990.7735273290195,988.3639182356154,989.8246773816246,995.1932728829889,1010.7970286442795,1028.7993106529852,1039.6493642273276,1050.7116314058874,1062.6604179971305,1076.1019459565277,1080.723024972163,1084.1924767647013,1085.8994262419724,1093.6313034294635,1103.0992373404245,1112.1794214946483,1120.9214886546695,1128.2510462517926,1131.7068380091846,1133.2306460993127,1132.9193274605188,1127.086593362756,1130.519202001428,1138.1431846426983,1155.4249374675628,1158.9642373362854,1163.8628135957786,1168.770023928419,1178.1796962287613,1184.36328681803,1186.029718230049,1195.6619059081308,1197.0289495629975,1208.4482746391936,1211.1071579491559,1219.2673899774547,1220.9423803217526,1231.0642021966949,1236.0011632307662,1243.9142094085478,1236.874770284793,1238.9719084342642,1247.7495388251764,1251.4190369257929,1262.2855137081997,1267.6803849714015,1276.856498655084,1280.2039703832208,1284.1053488120228,1287.695317331274,1294.4185400052238,1299.0843121326302,1313.2270132483814,1322.5282071729441
395183,123,"Vallejo, CA",msa,CA,1438.6632644111176,1446.0450545992853,1458.3653687798103,1470.2129462505427,1477.7702885703081,1492.4376987325622,1499.8452609913338,1510.3037242663406,1519.4943401840972,1537.8200555347757,1545.3447082542114,1558.673537742527,1565.5534640761919,1568.4777462966283,1581.468916442222,1592.0331473851577,1607.1929946184505,1610.8633289811844,1615.6876954808463,1626.2459154013466,1632.5166280606545,1637.227385494884,1647.8963067033483,1661.6629441809207,1682.1517362389604,1695.5754892057591,1704.4430620243895,1708.1997577447962,1723.0391257241006,1738.210753596491,1757.8727857474769,1767.4326741682733,1779.9481318316032,1783.1302905560397,1789.294483148641,1792.017477639726,1797.662735334937,1808.7755917786121,1822.3684564476637,1835.3048574386917,1839.8483735947011,1852.3679984074868,1860.4248177021655,1866.974865882509,1875.54456746003,1878.9056807082145,1893.9813052518132,1904.3093931571532,1915.9305592021633,1923.5791085880169,1928.4358625953432,1937.0371022526267,1945.3940680051835,1949.6090148933913,1954.9356541894867,1965.125611984563,1972.877081760592,1989.253502849425,1993.4996868673243,2001.9949731896954,2006.4296863854738,2012.5836787285432,2017.314915822686,2013.317973474393,2002.2922084079569,1998.9723630676283,2008.450112867868,2034.1709202145764,2060.803581795168,2081.6381028700457,2096.8221898933652,2112.895661689747,2131.5690513237237,2131.176208345086,2136.1961008827616,2141.0505780822123,2168.100949659581,2187.303586885788,2217.261320481694,2229.6110572529033,2245.326974864539,2257.738546823137,2279.24418170861,2299.307575881484,2310.796153931084,2318.350047513082,2318.7919613235704,2342.067208030457,2357.6946551390943,2376.739220081481,2373.255826848505,2366.5095976983152,2364.5305965544,2355.218042928225,2356.790039834309,2348.5517058535033,2350.4624955092427,2361.3470267807656,2378.354361569093,2383.985107173222,2375.741089574422,2374.4136823947283,2370.812551185085,2380.1868694879854,2375.653407475307,2388.8961205675096,2382.347066888438,2395.0184852489606,2396.6064832594716,2408.631216120264,2420.136851079146,2428.3764908938588,2436.3859628765827,2436.99123950253,2451.6376922072886,2460.351656363303,2476.2034670536423,2482.1458656012032,2495.8457969339506,2499.115332172992,2507.2627871624572,2503.819137369513,2498.706349894693,2496.6866490807483,2502.0400882636277,2508.759434203789
753917,124,"Santa Maria, CA",msa,CA,1789.9587049459933,1798.287341612703,1814.6990614131564,1822.8596397467354,1847.6466044644806,1854.8857794204364,1859.4496882939038,1866.9283990684862,1869.49134484491,1879.734692809567,1897.6016340227548,1924.280368314754,1940.344008593568,1951.5057293623393,1983.635309893726,1988.3320324638005,1984.6755254367938,1968.875572858016,1970.6459772500282,1975.892665050424,1979.1669727707113,1985.9017398784058,2000.218940005367,2015.0208703302446,2033.5854388454827,2039.0026070116958,2051.1727813159987,2057.17987590411,2058.8984824441145,2051.5755398149918,2052.326604649917,2055.831552185696,2083.084295461595,2103.9017091084283,2112.9053444499873,2098.6736108626287,2091.7998771682596,2112.0740033657517,2126.1091631018626,2137.79127097312,2137.5735062806884,2149.7910397894825,2173.903704148426,2174.1143927050343,2183.476039593159,2184.455513224182,2192.422677314708,2200.424910525989,2216.3123063318044,2222.032609121539,2219.6149861233666,2228.7129487034354,2250.5119967371697,2270.411272795127,2273.0455492946503,2292.4848040203924,2293.4656256253156,2303.931469797428,2313.40524805947,2334.5448418853766,2346.147423505956,2355.4242145886083,2361.7692697679254,2341.6592259422573,2336.7800062182887,2351.905019476463,2387.902146682862,2394.5728718979835,2396.7260614584834,2409.9096707836397,2433.906471540161,2467.2634868296527,2479.8709718096343,2508.4098883827482,2545.6915231490766,2594.4148580346355,2643.869394358697,2670.4045062687837,2730.2540951409865,2781.9227197332466,2858.1428061131533,2897.282691401898,2963.996873858772,3011.283825594807,3035.594913418268,3049.5627765086674,3084.6443845055915,3164.0292422732914,3194.2071711555377,3221.745882111195,3185.936129745235,3214.8182619009795,3209.3222715419206,3227.471915506921,3214.573544021281,3206.9322042716403,3255.009763028612,3270.570049849406,3278.990728457424,3234.6126414871874,3234.105004517797,3242.2282345513363,3273.9292700268174,3284.017299384209,3301.4638448595792,3322.8068834551054,3317.228474100454,3314.380680896119,3266.9412178059574,3285.95298584061,3292.8511067303516,3351.4209824395307,3371.4497448625284,3391.3297285475305,3407.260303435928,3409.893549446134,3416.3026928456243,3414.6394633565865,3440.888110468847,3465.193671652041,3500.551947723438,3499.683132640511,3504.9902669267144,3483.215818737517,3479.1992826668547,3470.4465453757853
395050,125,"Salinas, CA",msa,CA,1524.5781644119154,1525.967596373324,1540.0484841397893,1550.0872642522047,1551.8294153608713,1545.7566671506734,1539.7630560254336,1557.0784447200897,1557.7140014888316,1588.839283546779,1601.8479566988156,1642.7532246760863,1660.076670116387,1670.1460429049196,1665.688262794007,1676.8444676562222,1691.7846526681603,1711.4118044432423,1732.1037380086257,1726.392835176375,1745.173508270988,1744.271963056562,1750.2808230710498,1744.3023822590037,1764.763387757686,1783.3652712015548,1816.3849005837462,1823.2049445306905,1841.511959911879,1841.2758604168396,1833.3807660908994,1844.5489786414498,1853.2426657190376,1877.404874408134,1891.619791900766,1897.6169285372139,1897.447381469579,1912.2101169316481,1925.7690017865857,1939.1818325802508,1941.996077760122,1952.053536351847,1962.329464385647,1978.81553323075,1984.7583904638789,1993.7544579308787,1993.2547482355635,1993.3528830168075,1998.0117819216591,2014.1685902043769,2010.628803812989,2018.0633727231912,2027.5358913223408,2040.056492385387,2056.0559617344784,2062.3790765707927,2073.536210731056,2077.637747761355,2093.965885416484,2116.1543740893107,2133.348774177851,2134.7912488109646,2103.8288243826123,2107.9536651994226,2104.268782970275,2104.9576126399934,2108.338148356704,2117.5651035443198,2128.80621668561,2151.9808105762445,2176.880717859569,2193.136592723212,2191.6854574862446,2205.264927602484,2224.708391799453,2239.2941862640632,2253.3437511402935,2257.4923108170133,2278.765507714255,2304.7727370635753,2340.410326393269,2358.945601856604,2376.482309451354,2383.0724053865147,2417.2042899959724,2416.1678029135965,2433.3202564352423,2450.2205699056576,2488.0177696803403,2520.488378557172,2517.457581758167,2521.9486430535585,2524.34353895173,2541.1147021903575,2546.015717325018,2575.9817407466558,2583.195379418516,2605.352342044487,2583.0126301477403,2587.4645245033566,2587.276678570465,2617.1216573562024,2645.7940344271074,2661.5976285262723,2661.7581758304295,2655.9584512589836,2650.3228639895365,2650.114815454435,2643.4892188158606,2670.0135822797074,2689.5986285406407,2716.9165318624932,2724.1698622995646,2731.627337570533,2738.042679684204,2749.046280617459,2770.694925696308,2792.8985136676383,2821.181053862512,2834.8971612429896,2859.390141086397,2856.225371941752,2876.657752182294,2877.284617851901,2891.5547505415097,2891.5695726495724
395048,126,"Salem, OR",msa,OR,872.6532852061799,870.3032841436905,880.0759530004543,884.5230149558804,900.9614239249956,905.1229668523588,917.2298894333919,927.568971514132,942.618096405187,951.1231810507933,961.1142394561731,968.6908866831023,969.8876898177324,987.4199025067616,993.5526916823322,1009.6365848470127,1008.9232226254871,1022.46019163786,1027.7226522003232,1040.0261294097982,1047.0676175827857,1062.315901243096,1065.01278246974,1068.6450913947078,1075.5079759595387,1082.906621690594,1099.2366975192938,1106.720085623963,1117.4814591372058,1120.2275360546935,1125.4483421195446,1125.5905558506724,1127.6727742885455,1119.8349545610643,1129.8357122101215,1143.3301286665876,1160.089032244016,1162.241015675683,1160.6989550019132,1163.5236988886656,1163.471338569012,1168.2516552979757,1174.435921269775,1186.2572713016675,1186.5690867164801,1190.5344976376973,1193.0199911375878,1200.1443130079201,1203.2845202420897,1203.7157089766029,1208.7998482384148,1212.7595768405552,1220.4912985003862,1225.4738826202358,1229.4673406594372,1229.691583469592,1238.5614911268074,1247.7615878619993,1251.5239381355345,1249.5787561571408,1248.5274611065697,1256.129858809009,1271.5727463588157,1274.1460241830016,1270.1390129763781,1270.241216325701,1274.5718071156987,1282.2481601934799,1283.53581822941,1293.320156874451,1308.865700475684,1327.7776574801424,1340.6959597199466,1352.067555368478,1363.8181501103688,1371.7148132240832,1388.3305241502972,1403.4185044485973,1425.9940370030204,1445.2396514004622,1460.1170636740344,1472.104368606887,1487.2918467292063,1497.6485907724182,1503.18581113637,1508.2598603025885,1523.1378337303993,1546.5479347749183,1568.2459709138739,1588.2247018515518,1606.524124366951,1613.4097683698042,1630.509172163249,1639.8909177654755,1641.7756390849338,1639.8166307179413,1646.120318635026,1660.388407973323,1665.6047532958996,1668.2145675675072,1661.874896885615,1661.934528274275,1659.4345758572556,1663.2202575195984,1666.2337830883266,1670.692442943333,1670.6762112355095,1684.6275770965985,1681.6321978124333,1688.045311363599,1683.7207633856913,1691.2532017602512,1694.9324390876984,1700.0510145986066,1702.8165385264397,1706.7452369811347,1707.176571941881,1710.2021745323302,1718.8958876404624,1719.1466954701368,1729.2218700214694,1728.003998974439,1736.9301365748086,1735.9517865439911,1742.0892598989649,1744.3126094244737
394870,127,"Mobile, AL",msa,AL,793.6269359262942,797.0305426566225,796.4478727067519,797.0398484536611,799.5699910141992,805.317651416038,804.3484698367021,808.6732075089171,808.7220829976999,812.3311823737945,811.9389423914033,814.4279143285347,814.27121530842,818.2620975556523,819.9800502913325,823.9294128043884,823.9037773739641,825.605288404069,828.5873105266137,837.1131997200788,838.1114157932102,838.2905556181394,838.5827568492168,840.9014880433695,843.3626607831661,843.603848239204,850.064874483108,855.863704560449,857.1855651309137,854.9421559157416,855.6042090531427,853.7652217158839,857.5651582867648,859.938319314729,862.2412656847829,863.2984317149001,867.9748071918713,875.380512748162,875.5187811211018,874.4484148744268,875.5591173724441,881.9318239609856,881.1742775650221,880.1329222888378,882.8587444182143,887.5154130818984,896.5399484642954,898.3917870157023,904.3904843888927,903.8733653438292,907.0914298819932,910.9039006212805,915.8278328605353,917.7738805386172,923.6146918372776,929.4556799251666,930.9592325499385,931.4447656255579,928.3503346483524,930.7737421586484,928.0220116205741,929.028512849589,938.6231034332658,939.393148260468,941.7952134219569,939.3650010208372,945.8489268746985,947.4636766021591,950.6658220231094,951.4277274931779,967.01274892493,977.5280774432531,990.1795529099646,1001.7701172609139,1014.3075772937052,1034.4349482483062,1048.0029691268435,1065.045525535897,1075.4928293214891,1096.8706103963377,1115.556855502858,1132.8996614415598,1127.494536216964,1131.8404787540383,1136.5900053373068,1142.7695284433362,1154.0383701144256,1158.2513779276867,1174.6747664563898,1177.4565050041508,1191.2879492679797,1199.155020720788,1211.0656495553283,1219.377768177768,1233.9983387540888,1237.9963330399894,1241.902498036959,1254.223356467122,1264.16371673087,1275.4651662215124,1271.3661231602362,1287.7918983379514,1289.621511051335,1304.1144041618286,1316.142852705235,1332.8505992397886,1339.6645185394386,1339.3428818220789,1345.6367623325789,1345.0937663503498,1347.3984434438262,1346.257140901153,1352.7510608637288,1361.3820449649706,1367.0792138741026,1363.5615378983657,1360.4469326351718,1355.9070052468946,1360.1139239186887,1372.9445693911416,1380.2308938069116,1387.811576796314,1392.8967070629792,1400.9720332141824,1408.2000105645934,1406.1090153325367
395015,128,"Reading, PA",msa,PA,817.4726351126805,807.6413096377436,800.7606331708939,802.9132134652651,811.3593669505412,816.2108243659876,816.0639987980305,823.3246714329053,835.1488493109914,838.1044128430452,830.1132248703997,821.8253608041152,820.392022168999,830.6342477799366,838.776705363983,840.9948829724485,837.8795275414965,848.4129914028989,850.2571546401417,853.0205941838789,847.3685729348314,847.7869737742908,854.4449744873145,861.7509273563784,868.8206148503867,870.7543981073791,868.5298171630985,872.4467186934952,867.165200082935,861.8396741300388,859.1157985644655,866.7861388323008,877.4193087697539,884.5398223119064,884.623651376125,885.5602004016454,890.3665604513803,897.5734640824296,903.9380912487026,904.5460608559158,908.6349855771156,909.5097595734118,914.2511625923516,915.6818379810873,917.9538480423201,916.5376227637801,918.8310952015712,921.474569500477,924.4007092822327,927.5440830377205,929.5734085892293,933.8171333234562,940.8465256494349,947.5393088531653,951.8443813608233,952.8172619300176,953.1795970237014,957.2396341813862,960.8954357351446,963.7113609156605,964.1815784535677,963.8774487986133,964.8743397744589,970.2243573418468,977.9260248570098,989.6431496567803,997.2560542587537,1009.9593290969476,1018.7427378454479,1031.9013945774147,1037.1168671954333,1045.72302749348,1064.6749473050631,1071.8522249022642,1081.7698448449846,1090.804315378135,1104.5130205821958,1125.1331843345508,1139.5054909636565,1152.2522752639309,1156.6796361963177,1157.4941344552672,1167.3132176812294,1188.0479457792155,1194.7895017402327,1210.3477011975317,1211.6249092695982,1221.8334236425853,1221.0968518986965,1225.3182684561352,1236.5013356149536,1255.996046077256,1280.0379129889914,1302.6926977625585,1305.244318212213,1294.5643565146813,1309.1873363465616,1316.834945801629,1344.2872690579836,1349.3387177959917,1370.4906589419768,1370.7599013008921,1371.530530193616,1375.2164557098263,1374.1651995869702,1381.716990742423,1391.051140120768,1396.587580065895,1383.8073491515445,1398.8560706350552,1413.7924627333366,1440.2231398105937,1449.2300627872787,1456.2586992278464,1469.4187614470327,1474.7345958683852,1482.4392971011202,1483.609363766067,1490.9679785443727,1504.2982710542658,1520.504170656851,1514.6933039486914,1500.3086426661018,1485.266581088926,1476.6764558323744,1477.170582010582
394502,129,"Corpus Christi, TX",msa,TX,1045.8141816802759,1049.002636510502,1055.1163730087385,1053.9484458530565,1058.4118226777844,1057.0060084439717,1062.7160480928203,1061.2347764214865,1059.2263820975318,1061.1218154306505,1063.6227594982336,1068.4064327215322,1073.296572418648,1079.1276254361937,1074.392376354523,1072.0182668140253,1066.1847018359592,1065.3537913334953,1067.768062637298,1069.3413407370967,1076.308509900084,1071.5092891403872,1070.5050455243756,1066.4215204685222,1066.5419100706927,1069.2665567740328,1072.7514910637508,1079.5430452986625,1079.4295393432105,1081.9632097244785,1076.6024757500008,1078.844849986144,1085.9817119375286,1095.505241783836,1100.2844745037726,1102.219538921177,1104.644692895456,1104.7956026552229,1106.857264180468,1106.2365823497394,1114.689685049093,1119.6602454041538,1125.0325699754674,1121.0944366898543,1117.9409523062552,1118.948332274241,1122.792337506036,1122.1801200616455,1119.422630521685,1120.5615885170403,1122.0516884859396,1124.1080991155438,1123.606387660784,1123.9007972744027,1127.268235905305,1134.7162942691064,1138.7353985752468,1141.2377742181825,1143.67776181572,1152.0264951720226,1161.5850951348484,1169.4657984570583,1171.3198506711883,1166.578569258412,1155.3913242466065,1158.2023247769148,1165.1248020412793,1180.6029770632467,1191.6646278387082,1199.2956722835359,1204.3834454980615,1208.37091772609,1210.7896451334905,1211.0484420439818,1226.91075633035,1243.5607528005498,1264.65364946615,1277.643450920569,1298.5588530056607,1319.1542560329733,1325.8052176829462,1326.0324911355892,1331.4427794744422,1340.6476073258377,1347.7569356153801,1349.939250304118,1350.014241493436,1354.82279560892,1360.4453549159628,1367.9248293798273,1366.1914022204812,1363.4356023646562,1361.6938047228139,1365.5750325583404,1362.9094403205547,1363.5944200216436,1365.9493271007268,1372.213708099683,1373.8904094675408,1382.0704265217237,1390.9326320560156,1395.848960550619,1392.9987264181777,1385.9633306716892,1385.7227707826758,1394.0867228627192,1391.8771691413126,1392.6288079801056,1388.4587780164634,1393.2859211851599,1388.5075194158153,1385.2839590896417,1386.8473273195914,1392.416468119601,1397.8892907107115,1406.470988972571,1411.8533517779374,1408.7323688176305,1415.1815376379764,1416.4834170351244,1420.6317510741333,1416.5296947765307,1421.456118482992,1420.7258703723876,1415.2875165882326,1408.1240285975173
394421,130,"Brownsville, TX",msa,TX,,,,,,898.4336386555092,907.7320955716546,920.7467405042339,923.8285159588906,928.7705521886983,933.9902452429434,945.0787384129651,948.9051961842017,943.2963942476947,933.0544762097936,924.8024144147969,932.7581373945605,940.4165852220249,940.0024081530638,936.0237116275042,938.2781289360399,938.888726106138,945.2585594777955,940.0104334300509,945.4173428271085,944.6107308215633,948.6939505536476,938.6841905470347,948.5850915284136,938.7251805073325,940.6882138397352,941.2350025001043,955.9174511557277,963.5090826392819,959.1914666330324,961.1490450427945,960.6945718230229,969.2760630139143,972.3527252837298,974.9384072279693,965.8872344055769,966.9550680928678,967.856710241675,974.8491642846101,967.7212417090693,965.3419136238556,966.0031502242167,970.1133177797639,976.9223535487779,979.482803967384,982.4338833821656,992.5198483046977,997.7062996861946,1004.4494871574663,1006.6776036765629,1005.2596207925084,1006.848290425521,1008.5389720045068,1012.4503239685304,1012.646571573231,1009.8609088881199,1006.949101501992,1021.4364366789061,1020.3317263298507,1024.2558508276045,1034.6955923796727,1042.0173709588669,1054.660915406652,1049.555207788098,1059.1067441237751,1058.1511804125014,1072.8538494531026,1069.1258630151015,1081.1915293868808,1087.9907619591677,1102.1049533349815,1106.6701854829712,1114.8762071348845,1133.3165817166941,1143.307364599617,1153.8072301388565,1159.5620937001302,1176.0506511846181,1184.3707326504823,1193.2288673691974,1193.893288932284,1204.9257541610996,1216.4105015232014,1234.04717540977,1249.1285868106434,1251.031329802361,1257.628893426639,1266.6232567145933,1274.3778174945332,1288.5006921628406,1301.8847372644368,1321.701810860115,1327.567737414118,1317.1673114355312,1317.8008814034736,1312.922716650778,1312.801732423124,1321.4207121884763,1340.5205366089451,1357.3015570201794,1351.7844807853028,1350.8945560450911,1345.148275494602,1355.114928593077,1353.2183413620194,1370.7839007459565,1377.0028017734796,1392.0875062284947,1389.6131122930979,1391.8267572768154,1384.737881720269,1378.6962697982406,1390.7489622412995,1393.8475809995355,1402.1582185464652,1395.2161329069083,1405.237409671767,1405.506610058451,1408.3132308023326,1405.5669000659245,1414.023148148148
394820,131,"Manchester, NH",msa,NH,1124.9410527624918,1123.821758536694,1135.9526074705982,1134.0938860367032,1145.2328334590093,1143.7752521360503,1146.9941707161565,1147.0332761711766,1153.3792413595731,1155.6874825724112,1162.1856180783846,1174.354570753717,1181.885266600341,1192.2005117409979,1183.91220627435,1181.7235105461787,1176.2536457808633,1181.086901419513,1192.0358028107792,1206.820494267555,1217.1883565589367,1226.85565466796,1223.3981702910314,1227.9654549345626,1220.455544142238,1229.5780354457784,1237.2237913906172,1253.2475395013694,1252.300127335758,1256.9039523835972,1256.5121348334767,1261.3417467027443,1262.8053865059637,1265.7524715350446,1270.928885105506,1270.9585803852806,1287.49302577074,1286.8167879167902,1304.4859194440494,1305.365932649832,1329.9659710386663,1333.0850130237304,1343.4420531373935,1332.1633548941059,1338.9369177517694,1348.4915545679776,1362.5384487632075,1366.641685711776,1366.7169530813796,1378.0418946460215,1376.160612819825,1382.8916306411365,1380.2836478152922,1390.3928181036733,1396.388245356496,1416.2021043968202,1424.8862651119316,1431.2225407308988,1435.9833823123092,1449.8276005736855,1461.6146327644287,1470.3624278995178,1459.4359338382985,1462.0574391763803,1459.3666502189365,1457.4351476103923,1463.7154942085192,1466.0702163023807,1482.7451193861375,1503.152951442298,1529.1257955303463,1549.1823595074225,1564.4893067229525,1568.4002465072388,1570.707056199789,1586.083066384198,1617.6016300124081,1653.0800354758453,1683.662164323146,1719.490780538791,1745.5762380116619,1768.3326323756273,1771.59015068714,1781.8708800447937,1797.1329381516,1830.0651332491254,1858.2794285830882,1875.928480768462,1880.6445737997403,1884.6138631239196,1890.7139259247492,1898.1687221316956,1900.234652549837,1904.3207217358918,1908.313875486232,1916.956400258351,1943.0806935472417,1961.923365082017,1982.1485617823753,1986.0783094509993,1995.7089546538193,2000.2182448157282,2001.6739490737646,2000.209549613751,2014.0659817354042,2020.2818108933702,2039.036942379228,2035.3212200305761,2049.0734428965548,2044.633861284845,2049.3799539079523,2050.4285115187226,2063.599140005137,2074.203470083286,2088.0712895855945,2101.8991542657727,2107.3111272454357,2117.4932140242568,2121.3179555283173,2138.445825425908,2131.474456876094,2138.6362814650493,2138.8280003394634,2151.535868720596,2153.622614915902,2159.65298868015
394612,132,"Fort Wayne, IN",msa,IN,721.8495517374915,722.644234312991,727.7743952934311,731.9043978294357,733.6390111685315,736.4907080456742,734.1831956390615,735.2571714397767,733.2446516136711,733.8673574187458,740.8197829894035,747.4796127817597,750.54728272524,754.777349791514,753.1735191845727,757.2555171604236,753.1811855774579,755.7862422112098,756.3985396629525,758.8808222297837,762.5797814682333,764.5450002167765,764.4314386973599,764.7129310157679,766.048255662422,768.9922320248943,774.1334177077455,777.395099683523,782.4924698387373,782.0856274988399,787.1678833065041,787.7379474805705,791.304109624936,792.3476912733788,795.1797416955047,801.9269992660272,807.4391308112943,814.6525201962946,815.7124240093493,816.5384820444798,814.9699618442673,819.1300100627765,821.8935434660284,824.5665614033119,824.3728691471896,828.4595478623573,834.3947320368812,839.6102163436484,841.0736225456263,838.8149801707428,843.0075511537473,847.1883163227834,854.1043985965172,857.9062520439061,860.5428850924338,865.0427632193625,870.0943581731174,873.3751271098724,874.5859779123283,874.3531159426586,877.7238426969031,882.8529443033917,888.9190192941091,887.559139588847,884.8593587926384,881.0411741533973,890.4745002951046,904.1600419250801,917.2323345157887,922.996439805526,923.791734837421,927.3247508559374,934.2042323974837,938.8783673478775,943.5201508868174,954.1277970457672,972.730461944428,993.5052402354839,1006.5293062376402,1017.8550598960634,1029.5537204777497,1042.4746159386814,1061.1668392976921,1076.4895192636188,1089.554033900392,1103.078825140609,1119.0629725211954,1133.3166510129038,1141.8977815658793,1146.8711019844172,1149.1804004739424,1148.110348314144,1147.7382112400232,1150.4967973862613,1154.1337385895083,1159.4162556523088,1165.336893992231,1171.7293899240883,1176.3846792292259,1181.5805625927258,1185.9931390636184,1187.9433540885955,1186.7020375948143,1183.8107573914288,1193.4208315487672,1205.5162168233496,1212.2100258395076,1209.677184725952,1212.6446302314864,1218.9777383288538,1229.3151932828791,1234.482251321586,1240.544579701121,1242.7192203619438,1254.9147040057899,1269.8466279037277,1273.8929488623262,1273.7978845815794,1275.9283196097367,1284.7685174036635,1289.0146238347304,1289.9897661709624,1287.7799653387056,1289.1351987140176,1290.6152608529108,1296.4164544509092
394658,133,"Gulfport, MS",msa,MS,853.3441936367258,861.1578103313236,861.7815604047056,861.1761071964684,856.2237795383924,852.9962805277229,850.7704449561224,858.2543090136345,857.612915797596,868.3307667244293,858.7951922804606,868.4292177080833,868.4080986427495,875.7728829971552,875.2903449806913,876.0639420563548,879.3184487189981,883.1677562648815,883.7223807913825,884.4194679593247,890.7815972153988,894.4890953706564,899.0490809695103,888.948319298383,887.9019096701215,885.1055071558391,891.4269899506864,893.8668659932038,899.1019163447495,906.9475875546135,915.3081343816928,913.8423072173666,915.9248843728462,911.2242853941916,918.7550278050329,921.0982966548694,926.9603746973186,929.7216058626008,929.9306339812895,932.4961829570229,930.8085739041785,938.2812443889094,940.1578945695304,945.6787363929286,944.4076640346983,951.0100451994058,956.5161620515994,963.7168794571043,963.029528458012,963.0412382687343,966.5609976047389,970.2255514815944,975.7093342584742,972.8798310655919,975.1609691754223,979.4812190021438,986.6660126948352,991.5995732930278,991.9293732800446,996.3263952585919,1003.8409405444863,1012.9155410268751,1017.5659279717852,1031.3695169829325,1028.968818179435,1040.4874535562626,1047.5546396306715,1056.9580963089227,1062.2644276177587,1069.9256507755072,1060.7106465289291,1059.6617722922313,1065.8100936562773,1086.1676492693496,1094.2182769492904,1104.777865879167,1122.2823476370143,1142.9955720370824,1157.0175088498127,1169.567370055955,1188.249812775028,1202.6975886043197,1234.4502026554958,1253.5521851305261,1267.6593036098825,1266.4208261625238,1266.051782131672,1266.3245038478747,1270.4423264730306,1280.6252710932904,1285.9334964032803,1305.3500220757085,1310.8581438917968,1322.712986956351,1321.5259743595284,1334.8949787564554,1345.0496615452312,1350.0052042097254,1356.0117125883166,1367.7337038100236,1382.7204547528627,1386.101017273668,1383.4183262877564,1387.5176511503,1390.8560201327543,1399.4461055851987,1396.748763623558,1388.6625107755294,1395.0517494031888,1405.1362047779137,1429.4896311957955,1425.5759456814817,1434.4591484527473,1430.9019886467206,1444.204591711091,1444.7792704810531,1451.6502583990211,1451.8018503706996,1463.8295757329065,1475.0949067533322,1477.217883629738,1481.5884622351284,1474.0014352132157,1485.2153693479222,1483.423519955808,1495.5427492836216
395051,134,"Salisbury, MD",msa,DE,1175.4288895338836,1180.3408677455975,1183.4070269759543,1169.610499945824,1180.4269397835535,1177.621377512443,1179.8843580457449,1172.1860580862356,1172.1272294545422,1175.1625506670055,1176.3964659657386,1182.5373209023592,1183.655631421425,1184.8974766968436,1188.3002081409195,1194.9664177784307,1194.2675526931127,1196.1063750234187,1204.1475683917877,1218.0745037346883,1218.6418227804813,1209.3276170782278,1203.3957385758686,1201.7234008265723,1208.1316979944904,1206.635972869473,1209.9511044463354,1214.3813565421624,1222.9744941572455,1222.2359953145108,1213.802260273514,1219.0467851009482,1224.6392001274985,1236.7797388821766,1234.301788181489,1241.131743807477,1238.846735537766,1241.518598991077,1242.5827229466538,1247.0649100525054,1250.3533073420629,1254.186671156205,1250.0446266670942,1254.11383202517,1256.0389695229514,1268.872756982772,1269.5249962253388,1265.414548620685,1273.1786045168433,1277.968614582703,1282.3371284080192,1283.871908048362,1285.3552633956144,1291.4061694996417,1306.4208340443993,1307.970110689234,1314.0114717718789,1310.725428049866,1324.1153272508695,1336.1824030443354,1342.6428577568547,1351.1658131954152,1349.4795396509896,1334.5681315259073,1333.2596718151026,1333.7887728825829,1355.1861995010008,1371.7572711750875,1384.3316190724986,1396.8005922887796,1388.2604617715824,1404.089919193893,1409.2038974965067,1435.8951876912124,1459.5349029927374,1502.3472596197487,1522.807108653846,1554.306672049062,1558.917002942331,1584.015828943425,1583.5478152715455,1602.8855951092257,1610.2046794954629,1624.4948820862146,1647.7782020563586,1672.1797770435855,1676.1591887515972,1678.0849936361728,1701.4618559560388,1721.273890463561,1729.5831339273539,1724.564654880557,1729.9885809109203,1742.7849902146977,1763.80929039117,1766.2809255192567,1770.3082510615168,1760.1058692015806,1788.834766262565,1806.3639910703419,1811.5776910014622,1797.1270437183234,1797.337850208628,1799.7870490465918,1807.6325477303408,1799.3773641423993,1799.2072636621094,1798.4068160183538,1804.9423975816264,1822.3800876879238,1826.4130171021768,1838.4471353112137,1835.4960366425748,1852.3727114503904,1868.7666116625337,1884.4931434284365,1895.7044808536612,1910.3015677042779,1917.1087441108778,1930.5385024496786,1934.8911047761708,1936.1532598471117,1932.4919611953026,1927.4968269376764,1935.938779812538,1938.0663580246912
394596,135,"Flint, MI",msa,MI,572.3350604956759,577.1163181691084,585.305850005882,583.116135873247,580.0968447868529,583.4559484945861,583.6673211832939,594.397171110042,596.582138051917,594.6579658499102,596.9585185716165,597.3504843805198,604.3633607007343,605.1281260913495,602.2120282199054,605.4105990575626,610.6879996281322,618.2234219715662,618.3546043669182,618.0253625141097,614.7841325271504,617.3900332201221,618.6794075706679,628.9441834746414,631.1619732375173,633.2869117789503,630.2066562787592,633.3682042633804,631.355510831878,629.4195469475991,628.7249321252272,628.544003181337,634.3939540318689,641.8106374036345,650.4800382309043,651.1529586691663,652.2427923507157,652.8394719414773,658.8112593989383,658.9032255493123,659.9814455087044,661.5913908440263,665.7958353771235,669.0367911044372,667.6754461724339,667.8983068960824,669.9706479962854,673.3372700538409,673.8775543494871,678.4686350280249,681.758095908212,685.378271344248,690.3262326880858,693.9603870986554,696.4747770910684,699.1697265736999,703.1864105650177,704.0449600665569,702.968070923255,703.0783521500491,706.7293507541094,707.5509441136459,711.0206400123523,716.5580281477863,724.1085912188069,728.0813182426066,722.2385593318556,725.13643051978,728.092521746654,739.2223816895784,753.0601186984281,763.7978088917997,769.3176418090663,777.6580070161474,782.1587890577727,793.5038382791221,798.6515909073471,803.0773690406105,816.1590758231806,823.9451049476585,842.0902278223488,850.9311328168739,859.9123297731913,855.9002089690016,860.9968742605994,866.7102644924134,888.5904261857269,895.0089356325709,901.5328090068172,908.4670583963151,914.2892517240335,919.9610745545278,907.4737384250827,903.9964230173374,901.366208243136,908.2755369330033,910.358745652566,910.2487031081902,902.7203265411487,895.634033618326,896.3158534075791,902.2636127950641,908.3724885647161,914.2423715640919,918.3302253382374,926.0704392393177,930.1898734100664,939.5860174560481,945.5865889111898,959.0817512103995,973.3788995559726,974.6786166310732,984.1432823722229,987.4208238760853,989.5569024353504,992.7174039786395,1003.9568534132624,1009.4359685067454,1017.1431298034612,1018.3324995964281,1022.7379130345522,1021.6307587858059,1020.1060354604796,1031.6188512572303,1032.5108146828866,1035.0654413812308
394972,136,"Peoria, IL",msa,IL,,,,,751.0377353009211,745.4936377914447,744.0304415138958,745.9873268077515,750.4074348985877,757.1642799890001,746.636144834491,754.2864744907295,750.9935441111523,751.8360677150246,,757.6553926088994,760.2495510421594,755.1243559578545,753.0259501363246,752.9408054837547,759.2392714750617,754.8879456251627,757.5538891749321,746.253039283433,751.7163578580421,752.3387998438498,753.5080332772828,752.1148899998625,754.4991043003611,761.7282972139102,763.7125700218323,763.532853838501,754.9711744040777,755.7904405565313,757.0311696687872,763.1395929949663,765.4234784122057,764.4820520470068,760.545500895827,757.7600280946159,760.6431556429166,763.3692307952241,766.0946108693778,764.6847263447223,764.0060130075394,763.4512198132173,766.9914363782916,774.2396567180014,775.6349038067444,776.6295270696563,780.8892923572943,786.456402328357,785.8656183723929,784.6003896110859,785.238930219954,789.5961849306138,796.245800991398,800.222280204747,799.7484108599264,796.243711232572,796.2527285990489,799.1397423610867,809.8576123715836,813.3123875450949,817.6749473631219,816.3373542290535,816.227193653546,822.3762822425143,826.4517887872696,833.7613373518816,836.0715078550295,845.3573286066771,850.9640157154752,846.646558755887,846.4263335658189,847.7908297145018,857.470791594954,864.2080118672593,869.4325474404824,876.4365275118346,884.5888442452775,901.6227996245631,907.8856574087536,908.6605727829188,902.3453087505427,917.6879396229958,929.0748469930243,937.006519943698,938.5219522366451,951.5496573915758,971.9227782557474,980.5515015180359,973.1425504624532,962.0365018021989,966.9973740897653,982.4792770860375,1000.4815418530959,999.06441499721,1003.2717815338996,1009.170898211229,1027.7291298356843,1033.8390683897371,1039.9079343141807,1049.1093615860798,1062.5285588341603,1072.530144325181,1075.4378353917136,1084.2403252941897,1096.814042302416,1111.4303705610382,1106.6795753400424,1108.6279976108406,1103.3898853179182,1114.1638618234829,1113.7382443556965,1116.8824548257567,1125.1361079058747,1136.112364442177,1146.8970652626863,1148.3293521994096,1147.405334397249,1150.703680467736,1167.1355476471138,1178.5834437534054,1190.5765016412258,1194.2610887096773
394439,137,"Canton, OH",msa,OH,655.2292544957115,658.0079968959625,659.7499287620207,663.0954710104697,661.6485921598456,654.0509117951906,653.4402200371973,660.519966912784,666.8924044998367,669.5520692967306,671.297423841765,672.7373916939531,675.7169339867394,675.1489234228882,674.1696340669249,670.009019820122,671.5557275300087,672.2236320780316,669.564943109222,666.2124123031009,668.091697199037,677.3011850432193,676.0805083867256,674.9428685761477,673.1732432161996,678.6700249993727,683.6437461610822,688.944290572064,693.8756999223875,699.4317624733837,702.3176682354277,703.0860760045194,704.4623083148138,701.9099512447717,704.3951582614687,705.6471576169852,705.7274919269831,705.1947012415233,704.5992214353095,706.8077799861942,707.4805805418036,711.9753036304727,715.9295865575261,719.2792250688512,720.4162864029412,721.6070169521548,725.0571117269851,726.995211065547,732.8049446905061,735.0233796883525,738.055438050209,739.3933965108295,741.2491500005788,740.2417586747973,741.6010645394446,744.5082871689177,747.8472375968769,751.6884582053899,753.5213052908816,757.1964765093569,758.5146141725385,761.5304587472876,767.6956484652546,774.3434035998987,777.4674146167482,781.5295449863205,786.4145891035104,791.3531360161071,800.9823603942843,804.6626209472482,804.556625745643,809.0717142696989,815.4255725490054,828.1504608737549,832.8298431616096,835.1410068158128,840.5700254782275,844.0408831631395,850.015148676404,858.5309981605989,865.1562933425798,876.7044882848343,885.8704445121422,893.1406453466542,896.4463464542423,895.3515707064364,910.8725414512153,922.5833763830077,937.9986844254563,946.9874105937201,960.7353436044086,967.897388214468,975.9890377394064,974.911839412114,980.4125794957149,980.2181591191767,989.0017402333293,993.8027905226959,995.576412746659,1000.8041155822982,1002.0031323156586,1012.7929969684361,1013.6319798528351,1022.3127194263888,1026.2302039918804,1037.343466668004,1039.3119021107402,1055.5904254970312,1058.6518940341139,1073.2764607603638,1066.9116684783528,1074.211369251192,1078.7166345339417,1081.9792972369069,1087.6510219899765,1089.9680123372382,1095.9031518583054,1099.7931431714924,1108.096189344373,1108.0808662826728,1114.5242567208004,1114.5736812526775,1128.8593330629571,1131.5800798180644,1137.5721093831028,1141.0051909529107
395070,138,"Savannah, GA",msa,GA,1014.877853113086,1016.5114847776704,1019.4767009413664,1030.6011710915234,1034.3232538350953,1034.7597391635998,1034.0248021483121,1038.6351732194066,1046.2528887012036,1047.783240690993,1052.2133888134022,1050.0693521085059,1057.317159550108,1059.93933788855,1062.628669523503,1061.9491203661623,1063.1264464278172,1070.533193638866,1072.332472791869,1069.1541859687125,1068.2603573017634,1069.8216261058985,1074.1813306347585,1080.766040801678,1085.763126332261,1090.7056568143294,1094.33782826913,1100.213140689469,1108.2344876723566,1106.858410685138,1115.9597744148332,1118.8842338389666,1128.9502609270555,1128.7699219066076,1132.202005707418,1134.6193004388228,1135.4029804280108,1144.8522106546015,1149.8947635405232,1156.7438726966911,1153.0173396666949,1160.7966187047803,1164.203617046952,1175.5021519966613,1174.2640965871235,1180.844006371927,1183.4776269339095,1189.5966149275525,1192.3217962864933,1192.9109493194646,1196.5251165063155,1198.3046545838529,1207.3022874781627,1211.113188794583,1214.4979383976283,1215.95340607173,1223.1529287783305,1229.3025157862378,1236.254722952363,1240.9862820066312,1249.53541867518,1255.8705271170402,1267.506751498236,1261.8833156706814,1252.7829352492254,1239.5918839661329,1242.8095946129247,1247.7800282164103,1256.804358180555,1265.4082295114401,1283.711723767487,1288.4229165098234,1293.3344808628308,1300.030563197153,1315.5019442838047,1339.328085271782,1368.4483767605047,1405.5995141099083,1434.725553846256,1469.5430051382448,1497.896227250736,1527.5509230053162,1536.2488464077867,1558.364977676239,1580.2146880470618,1610.5784939278758,1625.7127641622649,1646.2995635214277,1665.4080500905732,1688.3883404088278,1711.1934161627576,1724.3081469880053,1726.6983236577432,1730.9653553570936,1736.7903290614768,1752.1192706907736,1757.7733516369328,1764.8588356781768,1773.0332342436407,1782.5724254810766,1789.6520485755552,1791.2231075266602,1789.5220173236,1792.2033325353418,1800.1740854815075,1801.9683349599327,1819.0913784870975,1829.4328616924959,1846.7207087797872,1844.0269990972477,1846.4274897185926,1846.0479077657799,1858.0250030574127,1858.7690008679276,1864.8330500220607,1870.2922042952598,1877.7538796055317,1887.9081923640426,1888.8694073701063,1886.7727296511416,1883.3853093908424,1891.8015545781038,1898.1143193557343,1903.5364958878506,1900.0084691079826,1905.9896192158114
394327,139,"Anchorage, AK",msa,AK,1266.4224656563908,1266.471379716849,1268.2353734093201,1264.732709185274,1264.2983469007133,1264.7318064264998,1263.431735858556,1259.0768420637235,1257.2343673915548,1256.4760798089408,1259.3027963008967,1265.495570948729,1265.8111676167846,1266.4259197540725,1259.2766725079368,1259.9546030362253,1255.8692094640633,1248.9925962686789,1240.0127998026194,1238.4636352520845,1236.5563209868546,1237.2261474851919,1236.1755106618227,1233.0528758848818,1231.7360538103953,1228.138611503119,1235.2167333216294,1235.6191656837289,1236.6985601727945,1232.99920064015,1232.5098142200752,1229.9467528093905,1227.3942264522573,1227.6666683221902,1223.6586740027506,1227.0789226219904,1225.5645671357827,1229.6952151535027,1228.7973447091078,1229.3746383835169,1233.9290621493008,1240.7051775878776,1244.274386847096,1244.4458552470014,1242.5475007897817,1243.2460498236292,1245.7356222467222,1248.1713726925757,1247.233526489477,1247.1865430335367,1246.6364410131268,1247.1929878766346,1245.6025901144176,1245.466798387273,1246.925676518299,1250.7766257462952,1256.446610891298,1258.5516205269216,1261.8979129444754,1262.3237801433652,1267.8887076871822,1270.8996495437852,1270.670964563199,1267.5195866370573,1268.3223815183776,1267.3123935074295,1269.4632541205808,1270.8237271161654,1279.266184394504,1292.910548844954,1307.0963931370807,1313.8428464859148,1315.7982755557173,1312.0035518326179,1310.4740085835892,1311.6401959264806,1320.67293919908,1337.8406004671908,1351.2496144545034,1368.8767637157105,1378.6370549334388,1387.978172426151,1389.1744474442044,1394.8344096530413,1408.7089133621512,1424.1488427178135,1446.0404033702998,1463.2482091499999,1475.1314422499784,1481.461140367209,1498.2861967821452,1508.3035180524355,1513.6970923654824,1517.1272047308205,1526.761204682756,1539.6885932132734,1539.9213285057313,1552.2201639318114,1554.2043378040246,1564.6711119881995,1575.1503658064398,1586.8737575704558,1592.6063680762054,1593.7857378546585,1601.9516827900986,1611.5004408251473,1620.9405209507347,1631.1537543304387,1637.1626074460353,1635.4969718276768,1638.5669132671146,1645.4037425159315,1648.4465773054044,1654.89525423498,1657.2562879610384,1665.6069661707993,1672.1767812457986,1678.1980152639228,1682.5564525589475,1683.426352229399,1691.9305711091495,1699.681665432275,1707.1687999963233,1708.0491858992984,1712.5951017561829,1714.5497032233409
394372,140,"Beaumont, TX",msa,TX,790.473866043758,797.0800825760913,796.9632562848249,798.0580987861584,798.067707515995,805.5324485713439,813.8048823108959,810.7767153496488,816.7480763940239,813.1139179823488,818.9626214498534,819.6694478243003,823.7665208961702,821.0233847292742,821.170097277257,821.1940805977116,826.2690994239993,822.8825084453297,826.8408475381549,838.3185932299822,839.8311149628532,834.796197774853,834.3447458830484,839.9468235420733,853.5881613419682,857.9686398143931,862.4356241273916,860.9599359403989,862.2129996022002,871.0762521682632,877.5869402269612,876.8358982610129,887.4978597323822,902.6115257010637,916.2480633838591,918.7501961138659,908.8352474413573,908.1494450869851,910.9904000747463,925.6402316057563,937.7581997590796,938.6272512447287,935.6686861108992,938.673584468747,938.4786011388624,945.1608049523464,946.901586550022,953.0979919240813,953.4254393876801,954.3582237758712,957.9903926234642,955.3703280569991,952.3733954911127,955.7155433202241,961.6712430056862,965.5905603055146,968.2277851379492,965.2767396371326,965.8385111542792,967.4653958725316,977.946549326299,985.8621194430759,990.5564022929593,997.7285594330318,1005.7362137413973,1005.8859602226922,1006.3128432071389,1003.9414975526397,1007.2816230246126,1008.7891938608078,1007.8556985636925,1008.8841462846617,1012.7458431303189,1021.4862397259288,1031.3290830490746,1037.3555523980892,1038.4131134003567,1042.3446358271522,1044.7925019481813,1052.0053820079986,1054.705308368755,1057.6070465131336,1065.9620157005577,1074.83066482563,1081.637816707109,1086.6479589149667,1086.3423127506614,1086.198953931151,1088.5391364375214,1095.4998059333,1103.3572403042454,1109.1243236580488,1112.3771489910043,1118.6875885497707,1122.961310858675,1126.0141573731544,1126.6865221939067,1120.58945165789,1118.993181614924,1120.188528673751,1123.8968477943095,1121.8567504025414,1126.5590329744416,1135.1572194109942,1144.3118397068017,1149.3973014883356,1153.2772638594756,1160.08369119273,1173.6983361052758,1186.2272313886033,1195.9308793412931,1198.4544413548263,1199.3380731468685,1205.9318098664126,1209.307254146997,1210.1825976661098,1213.3388275044501,1218.8014939561856,1225.7868648575825,1231.450092384059,1233.847928331215,1241.3188743837336,1250.3842254983047,1264.2906861056051,1278.4396778478476,1290.6560606060605
395096,141,"Shreveport, LA",msa,LA,1029.0240118992679,1027.80474117327,1024.6801986261598,1024.6266963136188,1026.1208963496683,1035.0317703512171,1027.9486462709565,1023.3450862084547,1018.81667323784,1024.4367621414349,1025.7037818194576,1027.4977774247898,1025.8697377418482,1024.3542803751316,1021.0544330442542,1018.5243174431349,1019.5485959815945,1019.1896285845924,1022.9452183807991,1025.9929790871035,1023.9457284013583,1021.1444242405312,1016.5231919958676,1021.167862175474,1020.6279168051957,1026.5827298244951,1029.403914420395,1038.049274315008,1036.7915908233608,1031.579705300348,1027.361516625736,1023.5685273895411,1029.408838916194,1028.364656161399,1033.900358200834,1031.9570671389854,1034.3833682887332,1032.4255438284645,1032.8035062800534,1033.8020076328319,1033.5491832287523,1034.4060994858187,1034.3591180648361,1035.7270661267567,1033.3628953534655,1035.843131470715,1037.2994796386788,1036.6659913132987,1036.023744929053,1035.606240824709,1036.0407984971741,1033.2120242298845,1035.512195432603,1039.0605550719747,1042.538950832932,1044.984911961565,1046.8167418826195,1048.4179259664504,1048.384993431816,1051.9480942660357,1054.8589251409678,1058.7884551120583,1064.430812169789,1065.157892104116,1066.1620239709,1075.2231088582803,1081.9546866398405,1093.4005454523865,1095.4130491266296,1096.2538757123189,1099.1121884108716,1105.4891451371789,1116.1387884758212,1121.310601809816,1124.728025397361,1130.422587438486,1136.7422805369242,1142.3448158856395,1155.5786049967492,1170.5950788352557,1185.4680105656857,1201.1009787845842,1209.8992505531967,1213.1630590588234,1206.6688842008448,1206.7192303499878,1207.8491889264762,1212.607234176424,1223.3435523470612,1232.5090681181475,1240.4980512807717,1239.9268690628078,1240.9667180489394,1245.271175784367,1244.680353173557,1250.7773314078781,1254.3714900064906,1264.720800070191,1276.1098498336444,1287.60435050091,1291.4882193002059,1292.5948650417079,1285.8537656655249,1285.2645353814041,1284.7762376716694,1285.4072455932705,1286.9279247697525,1283.2718446621648,1292.9328595535449,1301.1829550608472,1312.7899128951206,1310.127198893828,1308.9835757308551,1312.8642091499935,1322.7063774240164,1331.4053639705455,1339.4635282969925,1344.7395590641938,1352.9850300601,1362.8366858558052,1365.2248889142961,1364.0774377425057,1359.6732894828876,1365.6054635362925,1372.8902810993238,1377.977528172699
395164,142,"Trenton, NJ",msa,NJ,1634.6071696723955,1633.755824762215,1638.412314613003,1648.8774323332825,1653.1141190608676,1647.450032002556,1652.6750238130483,1651.1545666053355,1650.5580643114986,1651.865546832717,1650.2256160749528,1666.4491011075215,1666.415925519881,1676.420251914094,1676.4164548616172,1686.732223697579,1692.5219527741017,1697.3600598719145,1698.4949910280516,1702.9233519609706,1710.20998769306,1709.2769632855923,1719.359703112541,1714.7805077553269,1725.2830837402164,1721.950822115551,1726.0174762895135,1719.4530977233912,1722.5383781449975,1732.2453324110295,1740.315548570368,1741.1995432155416,1742.1404451541462,1750.204841014077,1762.5703479387516,1770.4214960220902,1768.6140579236676,1771.3869628072684,1770.7905250578292,1776.0583928080941,1778.108503317199,1784.6027498387475,1791.0358317699065,1795.0894967286197,1792.4659628562665,1789.4583298067564,1780.8308134547344,1792.5877332297357,1796.7694937019824,1804.824597760922,1812.7038891068999,1819.1609085444993,1824.6264532901887,1824.1260659606346,1825.0500227904529,1831.192476615145,1841.9797499535118,1851.7063142421214,1861.8718600851835,1861.3679171117697,1869.0615904590063,1874.3301439982818,1875.5945398796237,1874.2442901807067,1872.5717131862527,1886.6319484394376,1889.5471547902018,1904.7029816881693,1914.1088713204458,1925.4147120935734,1930.8666745236167,1940.412815384236,1950.1273612311384,1972.5317427818425,1987.4245948413366,1999.9749301368383,2011.1587670735255,2019.4051670664994,2043.9270767728608,2066.849904428619,2091.3309871665447,2104.8979747991316,2128.977085356887,2150.9066501922484,2181.968434628664,2204.763514067007,2231.3241527857394,2251.349819757736,2261.8655559368194,2281.483956985528,2299.2873803692733,2323.431163092203,2333.701934403699,2332.9193607584075,2335.1252948501588,2348.8224231619242,2362.2636128803456,2367.056508995079,2373.506750172056,2400.770673272656,2430.824781262013,2457.3321227501287,2472.156190351305,2477.9279678605217,2478.26885026615,2500.878016988688,2518.38975121681,2522.5090074481714,2515.289344929691,2514.201504164763,2524.16916500003,2526.0528266245683,2537.5095791443855,2555.2415167936197,2560.7662016269182,2569.3240600578297,2588.0039096556184,2596.216246681156,2603.389368127447,2613.9545517978677,2630.1593968104967,2646.2787726055535,2651.070625384451,2651.8091927428873,2644.687634852221,2631.7198943407147
394875,143,"Montgomery, AL",msa,AL,920.7874847274393,926.7244211877498,929.576974469473,931.5874766943714,925.0389624786353,921.4039154768984,925.6436260145099,933.1772319809456,934.2134642039678,930.2348251835942,927.2279160036366,924.4206794057712,922.887087612598,925.4362848938478,926.3243657403237,930.9184381523252,929.701051994034,933.9980032268082,931.1074176659175,929.6876594677319,931.3342222296005,935.3436207814672,941.0905272477959,938.2566342749043,938.7874691865212,936.9546832960768,943.2814613599253,943.7283293656118,946.7821739964052,942.7438560555034,944.2378866291577,943.7844309036922,949.8073147885475,951.5770349054184,955.3340624594616,951.9883578935868,956.366642210548,957.6241481118346,958.8430098144426,957.1069187902146,956.1343641809437,961.1809470119063,965.2147956837662,965.3275570024226,968.6400200151554,969.8581224191704,971.2536087188759,970.4336952803004,971.201726079089,972.8756193585999,972.2519014448638,976.1918556229249,980.0096435333172,981.7203303612463,983.0854874473401,988.273500934656,987.8354193109557,991.0412946427534,993.1980827385852,1002.5499017487463,1006.7437416089788,1012.5654622283841,1008.7155279878092,1007.4893564658008,1007.1336741250389,1011.7863472828939,1018.6728225476955,1023.9185830586665,1030.9128999520565,1036.3930067867855,1045.6042271720983,1053.1667333317596,1060.1870849079025,1062.7517984472688,1068.8911903645874,1077.1654497336647,1092.5522104864897,1103.2860053991894,1123.4271439028396,1138.2299155986764,1152.7076446527055,1165.5085328745974,1178.560921078199,1191.8304315707617,1200.621319894904,1209.5961295993663,1218.8814285630826,1228.6519702192033,1234.7996182134843,1239.2494616748302,1239.4106351570917,1241.2105166579895,1243.1955993190802,1245.989029868173,1247.1149135483258,1248.9954110684714,1247.4670361706794,1255.3893945506343,1264.644750994276,1279.9152697880631,1279.6034770742049,1285.4280881620757,1287.574910079985,1296.9446079858737,1295.6121975750377,1300.6339526733755,1299.6724246752256,1311.6784947565707,1321.7815024192498,1334.3019060645547,1337.200955172575,1339.8644829902987,1346.089258141444,1347.718152000758,1356.8960450613463,1360.628371013846,1372.444769808107,1379.1006772155497,1390.9006029132513,1391.7843610067905,1396.721618656074,1394.8547128298414,1399.5913546361664,1401.1842170827979,1408.386897745051,1416.4526358215678
394520,144,"Davenport, IA",msa,IL,739.3382516075302,744.9410563463725,739.8884699885546,741.2777330570862,741.1741225245629,746.4045523771925,739.4253570357474,739.9197700334239,742.912488000155,748.820109434431,751.6587781956863,755.5848085175993,763.2171211432147,760.8212316154619,764.7587493716086,763.3401098429798,758.989031687677,755.2547107723541,760.5264351251733,768.70512820978,769.0789146851962,763.9209218763548,756.8738341332537,755.7449666291626,754.5520608332147,762.4209431118655,767.5219220837296,771.9234162987126,774.4906946113144,774.6831953335159,775.3625177651843,771.9381095392398,770.3199452756108,773.4147761218821,780.6429326430122,787.3629733758747,788.8014867656957,787.988435058509,784.597596848579,785.2887933189245,786.0988328306751,789.4137403949042,790.4098465953703,791.7784530461424,795.6068982225058,798.0784310633277,802.3071410118558,801.0118072968588,802.1955726337371,799.6938180666299,802.6333473520708,803.6801970145391,806.2308440211841,807.7282410326848,809.3615864164049,811.8985214541647,813.2246811150959,814.3242192426623,812.6063798366823,814.252205031211,816.6041245544391,821.4275610253706,825.6051776800359,826.6545296588655,826.0820823395022,827.5116679858123,830.0292400643581,838.4893242707894,836.1736002054804,840.3889533819657,840.4852284474117,846.8465230929746,849.9914798884184,858.7627399669752,859.3432943924951,865.3442269479582,866.9078818227691,873.6718154543303,880.5274758037327,884.3174162850819,895.5490569200074,900.9849488916258,905.7797575283411,911.4140162453807,915.8358139540297,917.8700929096568,918.8342899801029,923.5709602400434,930.2738510689358,938.7142434206654,946.296597931175,955.3561558196652,962.7057606837459,958.4929084716817,962.2775841422231,960.3229990959078,969.9008054967267,972.1775022694255,975.1684582157005,976.6824870032898,983.9086917032661,980.2922565698939,979.1076473230619,972.3572197452171,976.3738721360085,984.4170826496105,996.7924020650386,1002.2187519234061,1007.2483593408075,1007.363989987757,1013.2211204255677,1016.4999600775185,1021.5256233752023,1029.336781029223,1034.7438432326364,1044.0426642792381,1044.0279158185024,1047.3438456797085,1043.096342681592,1046.5770575778347,1044.5187389275989,1049.8830272328505,1050.4078055432908,1052.1472138964766,1048.7577091886233,1047.4603594080338
395146,145,"Tallahassee, FL",msa,FL,880.5135198887824,876.4786502531377,875.9611912759896,881.5076035859488,883.2944501392002,889.3950368584407,890.0056299410196,890.7089465485999,890.202570405372,891.4978762027544,895.7456810962269,898.7159071296015,899.2550118826994,900.1443393585547,899.427430864171,899.6148516077735,899.4021362134956,903.7894595231384,909.4611138343444,910.7525677666289,908.5388220704705,908.7785038404663,908.604897259684,913.7479777727536,918.040364878232,923.8850608905727,927.6124929032236,930.4615872797461,937.0806073554645,937.1995771352936,939.4701215457751,942.4595657961705,949.8974685607775,956.02458787859,957.4767555443992,955.712263370732,954.6835344228414,958.2841649043315,965.0534697472489,972.5109240792937,975.4243036915146,975.1975583969199,973.7348099553992,974.3226301369613,978.6276671926954,983.718542119853,990.3078528710188,998.459828522319,1009.2514114420126,1010.0093779475503,1011.7621975481513,1012.9045086172798,1015.7950860565629,1023.2087144623293,1030.3139375012586,1036.2911184314555,1037.608377766477,1038.2007414245622,1039.7252561870673,1040.282388553553,1038.4051671293632,1041.376315718192,1044.545946126993,1051.8815191126762,1046.5270678440475,1048.0646824412697,1042.16862144266,1045.6473587455612,1047.8630281154617,1056.1200350016413,1063.0045874654104,1067.4484051850175,1073.7689010629438,1081.8913458853683,1087.26520132229,1094.599691527629,1104.1432096225199,1118.2246220394352,1138.7639117241883,1157.6484020381788,1177.4507866714414,1191.5894185267657,1200.4850655454154,1223.7500048697452,1237.980975815705,1247.3602009430435,1258.0226625300938,1269.5901433360789,1296.3976212547689,1314.0845627067647,1331.7408633882656,1346.0560400412433,1355.0273314810943,1367.5617180969593,1370.7061647582711,1369.4689747827156,1371.6921599045606,1382.47244061693,1394.148113449413,1407.5057368265298,1415.3897480429323,1417.3351773435907,1418.203798233579,1413.7439990517003,1425.8383191825187,1430.7773996448325,1452.7161019666853,1455.5885930859893,1463.9562327139688,1462.3389819843412,1470.7768054879532,1468.2997396019405,1466.8621774031403,1471.3768057772634,1475.213719795224,1485.066757902701,1484.4451038785323,1488.5781733754247,1485.210660196105,1495.2474990990384,1501.0895573741384,1511.164631253957,1512.690638380688,1521.5172734275823,1528.7524814665117,1536.3539565568306
394576,146,"Eugene, OR",msa,OR,986.5238694105101,992.7995081390517,1003.0308271706613,1002.9303280878291,1007.8043740183527,1007.7989076645764,1011.4303489694959,1014.0151692187206,1019.2663185114317,1023.7131956005603,1029.808777895865,1043.5369704882191,1046.4995398384826,1055.762659992874,1053.5419811562606,1060.7449330289999,1063.1574849776973,1068.3760590964835,1074.2053423607445,1078.8464489928792,1085.0464084632763,1096.736845589068,1101.7715592372429,1104.417300496016,1102.0096925622358,1105.142862114039,1113.706966777719,1118.6196410726288,1125.5691686455589,1133.6550214164738,1146.1225659722302,1152.7836131279498,1153.5827250557377,1157.8159347879593,1164.8485909003025,1169.1217534664606,1181.3213822449104,1185.6594804347478,1194.4001878238123,1197.4138790554775,1200.8205801002205,1209.156430818289,1211.9546726471447,1223.6565269608827,1229.2781122389192,1237.6654075749266,1243.5717774513157,1252.3536812575778,1257.6169775080089,1259.6746243805646,1263.3727357924486,1271.7217170514834,1279.6463583406498,1282.5825586143235,1287.4174281979901,1288.5304079902621,1297.108467739176,1300.4606346865548,1305.8006943272499,1310.56757992524,1315.498725179039,1325.5069564184682,1336.4424012246855,1339.5380772055153,1331.2982316253137,1328.0354542558166,1327.7375070010503,1339.1653834428846,1344.8567430921996,1358.7282203193286,1371.421560435086,1387.251437743961,1396.939168589708,1408.3968032314122,1414.5870543595067,1422.4458076227795,1434.1721652473516,1455.2619266971953,1474.9401940413265,1492.997231400523,1513.116349260361,1535.9465522224655,1547.6368802864004,1558.7068108506783,1568.441147275368,1575.2667746646125,1586.893571667567,1608.6790499615079,1645.7331337131461,1666.7064704884017,1685.9330038698902,1689.819935324411,1687.655740683875,1687.7949601792375,1696.1455997641694,1701.5474764334929,1706.0996176786339,1705.4525549080713,1711.4346243975044,1708.9386571053292,1704.1694381321497,1710.639855703755,1714.362083430472,1720.4514289616845,1729.4441764837627,1733.3504001160788,1740.6973886541682,1738.1191104637905,1736.1312341980515,1746.1941877738032,1754.0766797567912,1770.6195939616605,1781.7805699269113,1782.2795087924248,1784.408400818146,1791.7356870347126,1799.022362364301,1807.6863390833412,1811.5400004776782,1823.8991720788952,1836.0258744380383,1841.0345261846262,1842.8014664171787,1838.9972842460786,1836.6303058775572,1839.6429669780493
394901,147,"Naples, FL",msa,FL,1452.75706467217,1464.9187802829845,1484.6190079731712,1492.652501254764,1494.24967313969,1510.6663466063605,1513.018802995516,1520.246605569249,1521.7069369076162,1542.805757335478,1550.2825261215457,1554.6787406939015,1555.0542236260692,1565.1581920626368,1575.3821062439008,1575.207545975051,1569.4847818202434,1559.388363913511,1560.426579552203,1571.1595942804609,1584.4164631296396,1586.5570079943711,1590.8204290618728,1588.8238931077353,1597.7438070250275,1595.2516559025742,1605.4642918580196,1615.6452752189873,1626.954742839939,1638.9556706008627,1647.7785837913464,1646.2369971150351,1631.0489710683746,1612.7537895127193,1618.3463019990745,1632.146778117067,1648.504614372693,1661.493606228264,1669.768583599314,1680.169245814267,1694.7396717962656,1711.4312840022249,1713.918677645432,1706.9417280723635,1715.1219606461398,1729.0116423757586,1743.9953238583296,1749.2364940398984,1746.5051261875465,1746.0586420696677,1745.1350964474545,1745.7182222384486,1744.6331584458924,1742.7424442721663,1751.884530928283,1771.3240693823864,1785.6798764699306,1799.0889601675588,1799.917450502681,1805.7319983980137,1815.161894473003,1827.448836222321,1817.3760296643286,1799.547082159187,1791.8741404433351,1806.3157530311555,1819.6808317377945,1825.9000101099298,1838.6220497845584,1857.8825650720548,1871.218794236156,1880.989114077964,1881.138227942965,1899.816388286353,1931.2774952298632,1989.1623523498606,2035.9317862539563,,,2266.889697993553,2351.20577541196,2402.024632407747,2455.009088700313,2493.5766868925507,2575.381357831932,2615.0678466229465,2677.8436304490774,2713.5443474518156,2774.9268837128275,2788.6629009303792,2772.8752529883027,2710.2618352605136,2705.4722114544165,2712.218630850722,2786.103772378777,2825.5923034934717,2852.8818146557687,2860.4141282924284,2869.1655836712744,2877.5768147162394,2864.804119424297,2870.348213280481,2872.8580461567353,2882.9886916539813,2890.5107946649023,2902.231882977924,2884.2798629216877,2885.9137571158863,2884.9872904425224,2899.5401503681596,2879.6833001269424,2865.8688251432854,2875.4896981158768,2877.2228195006965,2894.602551333072,2920.0951535964496,2921.167657302455,2919.1379968760066,2903.793275851822,2893.360212650212,2880.436059578795,2872.6083174036703,2883.0014198627673,2892.27014064365,2887.351431147817,2886.999315455432
394332,148,"Ann Arbor, MI",msa,MI,1356.694565901871,1380.9865013217238,1386.1475395793748,1385.0059675477355,1386.8353373454936,1386.0402958872094,1391.1379372609285,1376.6836222408842,1380.5962516351585,1384.0302112134782,1402.6484240545583,1408.2280119030158,1420.578659717733,1418.2681005363777,1410.9699087551185,1406.8515982164793,1406.4547130232295,1421.1565317780055,1431.4142748607787,1453.0134469162142,1463.4392925849277,1468.9592409073048,1472.721906561651,1475.0301974756471,1474.965753104498,1473.8313883140397,1478.175607868399,1484.9210133360525,1497.6741583639043,1506.4188845779154,1517.1882447039504,1521.8114629913139,1528.7973557421574,1531.2788288060776,1535.3396728490486,1537.6514837487541,1537.8270873913887,1542.9088085616338,1553.2559219247144,1567.5623200245648,1575.578769948883,1572.831004215287,1579.4713649098492,1573.4030419390203,1578.6435873300761,1576.745889650719,1585.1233897439092,1586.882053802159,1610.552652980015,1618.2033755633802,1622.2495553112528,1621.1532431782912,1620.6514526075657,1626.889967514467,1625.3672444858141,1634.6424818068972,1635.6142714121297,1644.915422161953,1644.671487198587,1650.461338588527,1639.809866319568,1639.2437545912742,1642.6088264581633,1645.7651560510685,1646.1742132331856,1650.0982134448789,1654.6795203066526,1642.8291416095599,1640.3731059639645,1648.9144345008804,1667.6624986533386,1673.564697435606,1690.38651437572,1703.119715576311,1716.8198211584734,1726.7683861059013,1730.7350545686859,1744.835974209286,1753.3931212328412,1785.6176409752522,1811.1002276298807,1821.5925344419713,1827.6076102690981,1840.7866516491208,1855.973576891942,1862.7688063825894,1877.26794932072,1899.5431134327562,1929.595520733136,1945.2598116108225,1969.3910651532271,1983.6749238322898,1990.548469361063,1982.2356606115472,1979.9501582600924,1990.4066907278436,2005.244680821631,2010.278225987177,2008.4280557272562,2008.5164029181803,2015.8502606239385,2023.4185232138807,2034.810161325451,2036.7664744528604,2040.081685920863,2054.8692605592796,2070.2897063378246,2077.528284786941,2082.6219218043357,2099.897145677583,2118.1447503378754,2122.42113320041,2123.461772853718,2130.525543239875,2130.421285091741,2137.869092237647,2148.945550511395,2161.3835799572794,2170.5718862704193,2178.247774213474,2184.004599798161,2186.860418839316,2190.3670148673827,2202.042903338606,2210.9260376856846,2217.7188448795923
394927,149,"Ocala, FL",msa,FL,840.5932354313045,844.2008706506399,849.0636304875328,848.5125078855465,855.8053630655762,857.5007305834556,864.9152027451553,864.03055389286,862.2028620799215,866.3061486633396,870.9450119755612,878.3631855462706,878.8292455336806,883.6815232102794,887.8047553961169,896.5282760050521,900.9255203855206,901.5862371339265,900.1130973997444,900.3655786359857,911.4340777160781,912.6269615341379,920.6869362576266,919.5562460623848,927.2334580256784,930.0782932485431,935.3703079590593,937.6428878968171,937.2399363450378,949.1911139743918,960.1700648809913,972.8765161864407,976.6422542541359,986.3716443869816,996.6692388304024,998.0194210334648,998.7787079074058,995.0782676374101,1002.4002459763572,1008.6675418257961,1014.6556203702844,1016.5647958034342,1017.4479845555868,1023.8342275092215,1026.969706161307,1031.7742489553318,1025.9598697181877,1032.412992883073,1036.8406750243723,1052.5843575258352,1054.6659093049857,1058.3524463076253,1064.3644820078812,1068.183634232951,1073.680790315323,1074.033794248716,1079.3409649742289,1082.4644964666663,1092.2110033820718,1098.842175848618,1105.6722398939187,1106.6615787487851,1112.0628479777529,1113.8580868406627,1118.9335548457711,1133.9784388819078,1148.1718783856784,1159.9735947183435,1171.331468533568,1179.7167450119034,1196.346760959055,1213.9736271344989,1228.4189820149882,1237.3759206435361,1233.699832309653,1250.2928336252867,1264.2236157035077,1295.086038756084,1318.1542833116644,1365.9549690546535,1396.0246431180392,1434.9088000501326,1450.3787942336412,1475.374921441058,1491.7157832325597,1506.1567077965337,1530.4843670418081,1546.795579031005,1566.4685887988232,1569.1275455930738,1578.7208267790925,1570.5905709515143,1569.5489224871337,1562.587126643544,1571.4916257469645,1572.0663738229014,1582.4341759658798,1591.3135009579064,1606.2031927880273,1607.502346195013,1612.4741661169867,1605.9613998202076,1602.471156590327,1593.4010783944082,1590.4137628874837,1590.7552182501565,1592.2707635830957,1589.27322932014,1583.9821931778101,1583.8553969271431,1584.2088497649734,1597.4815860962372,1602.9527734456217,1612.315456389027,1620.4610186851514,1634.4632365667587,1643.7301740603632,1650.516633845873,1652.694142627637,1659.4748593218508,1664.483190264655,1666.0080622478467,1661.9104719992267,1654.4581718899922,1649.9847726054243,1649.9015712496318
394679,150,"Hickory, NC",msa,NC,,,,,,,,,,,,,,,,,,,,,,,,,,,,,,,,,,,,,,,,,,,,,,,,,,,,,,,,,,,,,,,,,,,,,,,,,,1130.4679494656577,1147.3884319579863,1194.5483138690176,1220.925298486484,1231.0675006849574,1254.1269171358308,1278.7879809693425,1318.252987425394,1327.666938489947,1333.4996713681755,1346.694288785341,1366.0207124250467,1404.8289776513766,1409.9650741188227,1425.7095514412647,1432.5379468852116,1458.2314227036804,1469.7790901091407,1479.5274975940883,1484.3289112573568,1488.238705543029,1482.524712457552,1480.5412636126528,1494.5679694003534,1510.2428698581973,1519.087268264304,1501.3827093009581,1509.3508439686022,1506.1826604439225,1508.5608129738273,1500.9324148980634,1512.8719070180591,1526.6140932748208,1535.2924873857382,1528.175527853897,1532.0343103874231,1528.8792388035445,1544.667399716606,1543.4076147778942,1539.12675376102,1543.7716880454943,1546.7944124326802,1557.5992458669423,1553.2856139890005,1554.343838104843,1564.8424955539717,1583.768666030816,1586.6771290678544,1589.9054841464238,1588.9583004590922,1611.2877215372162,1626.7208106221217,1638.0760037348273
394697,151,"Huntington, WV",msa,OH,,,,,,,,,,,,,,,,,,,,,,,667.3033943286246,674.5377975324014,677.2868142565396,676.5783709544216,685.6902241820615,682.5445989606661,688.1940606043186,684.2695139603272,687.505936169577,686.2414201629688,680.3981560410309,689.4736916335563,694.3491370519524,698.3023691955453,694.3812377278945,692.5273708884673,693.8594070414603,702.0334180719734,697.4670166590477,699.9052305156883,693.1419727754766,698.800404102303,703.5553678657973,702.6983388418477,706.3345475540018,711.956438425114,715.4143710369078,712.5202998186613,711.6747741576047,711.5050976691675,716.1384514950197,719.062642299866,725.7756358941632,725.3261254013272,727.9015901233888,726.9761600092786,724.0912583199223,719.5765899699078,721.2349788484785,727.1388239551503,737.5211698526159,739.092816594517,743.2997367184225,744.4425171063556,745.2222259633311,742.1894055511528,750.1463946009255,756.3258007860416,761.6748762356316,761.5283724995164,756.293516748002,762.8101702480897,763.8547297775897,772.5590194069822,771.547250423713,783.2370732032613,782.1604803916089,789.6077159436048,787.3190737749098,789.0903194404935,793.5743002567491,799.056547642034,809.2643552800787,806.4092715052124,811.2619884310221,813.1083750881559,821.7515326535394,815.8091558346086,823.6561303692188,826.8419207656659,835.6436794124654,844.2961684435905,849.1006988134473,854.0953325932413,850.7088273640802,851.1723834212806,853.0318796688795,853.0764195929403,856.8818327939347,865.70662652595,869.1477363924358,874.3222511928547,872.811475980681,880.4857920108715,874.4588165674891,878.6457613344198,876.2003850256218,889.6086843793827,898.9122053763389,902.5302040705349,905.0409239470853,906.7066266268171,909.3761804150532,911.3126383721726,917.4727869744502,915.8048202822704,926.2776234702199,928.6077252475908,939.5188500786418,938.2771130120365,938.1074345170539,943.7204621318,947.0931070013957,951.3636363636364
394602,152,"Fort Collins, CO",msa,CO,1251.6657192787445,1267.1896957358013,1285.917607412988,1289.9538206444545,1283.056420185262,1295.817531832021,1301.1394524184493,1316.1400934762792,1314.589096827722,1333.2941495131445,1327.683927859869,1337.5175415085055,1339.3243667625136,1341.8414051843843,1344.8038636547305,1340.953302989466,1353.1375416268131,1357.4653967658119,1363.7211304117488,1360.3421498114383,1357.510903722271,1351.4646084203184,1349.108094344638,1359.4749523217251,1363.7391288031492,1375.4723203103829,1379.5630208708455,1395.5615357893323,1402.5516477422645,1404.8919067475065,1404.5747068889152,1404.7958929531349,1409.7898583790736,1409.3082823131535,1418.5092828483373,1405.8648689449835,1416.2896035902295,1418.5737706471439,1434.737034087092,1438.13359794607,1444.9352642493368,1450.3778382192356,1456.3110235458512,1462.2825423338202,1463.9404776265574,1471.7067576977367,1477.1487657063392,1497.325845642569,1496.8077634688666,1501.3415774773387,1496.427760586571,1497.6515028853676,1497.7627295497077,1502.2106981660195,1507.2640852943186,1513.5266478587928,1520.856291411408,1525.7804047893048,1527.045794026246,1524.144835753598,1527.091338534681,1528.5447736274714,1542.5103608001252,1537.646601485309,1540.7037082209645,1537.5769749263877,1539.5473796086017,1541.9822502194666,1547.5819164916818,1553.284383103396,1558.2962692706196,1566.896185464806,1567.4679453114586,1579.7463017069915,1585.34243173256,1606.5390857901452,1618.4813481741567,1640.2397395018945,1657.729473672239,1679.7955579093039,1696.1821896478275,1717.5657197023986,1730.4954641407473,1744.130895572133,1751.0852901743244,1756.842912234336,1763.6220164940785,1772.2395490851923,1787.5414368716629,1801.1196301019893,1815.6729015920796,1830.9710231650063,1841.6295230023086,1859.1805961024488,1864.496651612268,1869.1831159099495,1869.5634764630781,1878.9534072347078,1893.9843929889466,1898.174879698288,1901.8634712636538,1903.1083896482903,1909.6986839630197,1918.8845157360513,1932.0929324015615,1935.5125443046766,1952.8799030753278,1958.821461065198,1967.1561233130706,1962.401451980445,1962.5560839956443,1973.0721235363546,1979.985372534875,1989.8888304459872,1991.541020619143,1989.788102479955,1988.461791824478,1989.9821863801376,1988.4919429339259,1995.4042250498567,2003.9808917314322,2017.4382200024652,2023.8849926881583,2026.2901723666114,2030.234726518474,2032.8902011120372
395033,153,"Rockford, IL",msa,IL,745.7250579993972,754.6949788494662,747.2507781751804,753.8860231066318,757.4172935517317,768.8551993297281,765.8195504319134,766.4937477933754,769.1061068700437,772.0163592080085,770.7887047242543,767.860416117747,773.3933153606531,775.4787813632912,777.3966302838943,779.4535052992903,785.4077899759714,785.3221204432159,790.8986455053528,789.533906815252,795.8996978722962,797.5569430341556,802.0738229801093,803.8599046534058,801.965824855491,802.7293962422002,806.0208458263442,811.2127120314857,810.3112848465223,811.4398233049724,811.3879754006132,817.1161256838545,818.5808472660177,823.1388255140117,826.5409449382828,830.882039545647,830.6939457649985,833.1447510075059,836.0534946659002,835.4617815237638,836.0232970367343,838.5213186322394,845.2805820959646,849.144729730735,852.0000098191018,851.4121947660169,857.70536780787,859.9651165449574,867.2944858524015,866.5166345015803,869.3700029024923,873.6244045850063,879.430961367447,883.9001345464886,885.0149396993224,887.030027941407,890.5053517255584,896.2855737125026,896.9315620074218,901.1465568082153,904.3385844710886,912.3249281739058,911.2590401331125,912.3139513339615,913.0167345315458,918.5689933423828,928.8030462529226,944.1403616656827,956.4695719206267,959.5298702812545,961.7228570882471,965.9435605689324,979.3452287952716,998.6201665768557,1002.3717444226085,1003.1023186543998,1002.9261188288104,1013.2779382334928,1020.3640885183231,1021.1127635028772,1024.9025847436478,1034.9878824188102,1050.7088603200214,1061.8294342525085,1067.168069484842,1064.3537258396057,1076.857199349497,1096.2930116503117,1114.460385835462,1118.0586044064057,1115.3668215057635,1115.5233178814328,1123.337931196932,1131.0480667434488,1132.4927855853778,1136.5646309864312,1137.9101728630246,1148.7252332713813,1162.738720136138,1175.0293415423585,1186.5392560591097,1188.2421304935447,1194.9863464966118,1206.5166730861702,1215.6451483001072,1222.0652255477257,1236.4782274533536,1251.7892229604138,1261.0914557970993,1258.0589972174862,1251.2186097632045,1254.9827328258132,1268.8420460022364,1279.8256281615713,1293.7182360739644,1303.7165281916405,1310.922194866383,1319.1792496733492,1322.961314701855,1325.7492993259189,1335.9535733854025,1352.7473375371533,1368.0701061377893,1374.457721561838,1373.4530048378456,1383.2483812483813
394796,154,"Lincoln, NE",msa,NE,,,,,,,,,,,,,884.6519288917268,883.7918602359883,882.3371545076709,880.6608038664244,880.5508342275941,882.2265727431629,887.1449343951684,896.3159817925215,902.8074975669888,906.83313739263,899.4204111019093,898.5183217887829,895.923915001482,902.3950756529202,907.7271899578074,910.4243120798205,910.046135686855,914.1895397009998,920.6583677470323,921.4244299360003,921.9697972120291,923.3334178835407,934.3831170892366,938.9146804132758,941.2873164209901,936.8400337663027,938.8288318268761,943.4485466258213,950.1535413048182,949.1953013966668,951.4848371251762,954.5891887061867,958.5598690099423,959.8170591991665,959.2122397851557,962.4265342259449,965.6044455756615,969.0791264516956,970.952451217204,971.6037570647296,972.1787083617826,975.8070780509362,975.3721960345998,976.28877945599,977.1252218619233,980.0274974275369,981.8160231231135,982.6975803834077,984.9721003300692,988.5081381090954,997.7302000243793,1003.1045644979965,1003.675436469951,1003.5364659733608,1007.9489309509781,1014.9182700705342,1021.4912890715877,1022.8077580645546,1016.8765614475412,1020.947167075246,1025.7264551649837,1037.537717168961,1043.5741213359495,1047.882720106848,1056.2609270796336,1060.9456361269508,1071.454029184402,1079.2594428744278,1091.6028675462414,1101.1214283077413,1109.7471731772582,1115.6701583063154,1122.1030175145368,1125.2507779305859,1130.0598434679896,1138.692427661848,1150.1385249029279,1165.1523113417472,1171.5485172363708,1175.590122534926,1175.9223974702347,1185.6393150834365,1197.3318847706726,1205.777829511151,1209.6149666331623,1214.1046950363839,1219.2471875594983,1226.135405808917,1230.191240250148,1235.8503257348925,1241.1263228806906,1248.4646827716952,1254.8394576756075,1259.3695964228523,1265.433438882664,1273.2298928857326,1276.027365381262,1280.5151940366054,1282.414151409964,1290.846009534818,1296.9986269892552,1298.6686158801547,1302.9916242302693,1307.2656488994778,1312.9724441225587,1315.8946447465203,1316.8247083933975,1318.0544719925015,1325.0623745557557,1330.5653761270266,1337.2410373314908,1336.786634696761,1338.4622776000697,1341.80484006734
394622,155,"Gainesville, FL",msa,FL,922.5418792842142,931.4195465519347,934.8632617948343,936.992741108491,937.747039316335,939.1057125927417,945.7239800713336,951.9081697727518,959.7890985741357,967.4909965732455,975.323438030551,978.4184819186877,978.661669171543,976.7277624782012,976.9763512515578,979.734467252489,986.9572077743763,988.5846043696083,987.8112237960763,986.8364962363938,992.117476960794,998.8492654376342,1003.9429322148745,1013.052084579566,1016.6597039751373,1027.8181534991813,1029.9025568265663,1036.2262747776813,1034.8654925545816,1042.9311341846612,1047.2902902480728,1051.299493335252,1050.6963683815438,1052.7199520950242,1057.644838536257,1062.5081644130723,1070.104395175595,1072.8445211188234,1079.589088115603,1085.9525136639033,1092.8462847469757,1096.2991577303044,1097.1600064613417,1102.576743262918,1106.1465827818251,1115.8271692662984,1126.4351391370824,1131.0408614258415,1135.691437706471,1136.935490190636,1143.3082646424596,1147.4211774764026,1154.2752500212353,1160.3337926612578,1170.8132486646628,1178.019481074355,1187.7593446070025,1191.049091918189,1192.6320728282278,1198.5561299793792,1204.6076281932837,1214.5696200983357,1215.4347584086754,1220.7590721764952,1220.840566636651,1222.5134976299084,1220.1646143231608,1214.9192176707338,1203.8381557993,1200.6399928596245,1204.4071070950333,1222.2024111639182,1233.5818527731979,1251.2192653520085,1258.3482222406244,1270.2139099360627,1283.8236561806189,1305.284668980227,1331.576437524931,1362.8062134685267,1404.8537309307455,1440.1470340584883,1468.5430682667077,1479.515027888679,1487.145583299848,1487.6139612036766,1494.1275640320614,1508.3145131185747,1524.6363212097785,1537.2716377069262,1551.0879372147394,1561.5575766568222,1566.978886283518,1571.29318304856,1569.7962732546666,1570.802494377562,1572.3173812550408,1584.129337308931,1596.962536497104,1605.118486684383,1612.6461916843841,1621.9491862346115,1627.530661392234,1622.5325952806545,1610.2993966632655,1602.7390437909078,1608.0740507813132,1615.0424417014697,1626.117425943961,1630.0382017219138,1636.3546277350467,1640.2002115471846,1638.0937980779893,1635.7199254096827,1634.7440828900762,1641.9091138100596,1654.4848189285126,1665.0525974065401,1669.3066294542427,1673.7329165520487,1675.0230420458643,1677.541584529829,1676.3113165487732,1677.2507262218794,1682.32010303775,1687.09375146817
394405,156,"Boulder, CO",msa,CO,1478.0585471096135,1492.9411373059386,1497.0834461336722,1510.400954940543,1514.744393355597,1531.8152715583992,1547.093966637641,1570.4099042215921,1578.0981397365397,1589.485659167002,1586.538180375387,1590.7752617665963,1590.8480816790916,1594.6358386866161,1612.6789341876547,1619.2899002965546,1622.7872975302284,1612.1806517860673,1607.6435993052455,1602.2418637026262,1611.5707889673379,1609.579717307194,1620.5439445313496,1615.725165521484,1633.581794937274,1643.842936230184,1660.4722162690764,1662.463530024072,1666.7674288928156,1674.6271738212604,1678.0466552012922,1682.6513471783255,1684.267682636552,1691.93588591119,1698.442146283319,1715.4099490018543,1715.700942258117,1720.995136347333,1716.249715175992,1727.281160249188,1734.0740638485242,1745.83526950537,1756.4214903442337,1767.3652466904384,1771.665355204861,1777.621166111364,1776.7664313361172,1777.2391847029144,1784.206313288367,1792.4094942083607,1797.827144279225,1800.6034157210413,1806.6002698151192,1809.4144251226116,1813.9973819481759,1817.4999077063724,1824.7329810504682,1829.9068160841575,1838.4182764062957,1843.8167593730427,1847.7162326978228,1849.7849610085864,1852.9236755067218,1848.3550962644324,1838.5209425551488,1834.7743619243088,1842.2006350211582,1847.8957144751037,1854.5245708765453,1861.8698394678745,1873.4410944616493,1872.9466383393535,1886.6924183053936,1894.6704706189753,1910.0071997838666,1925.3906598810597,1950.250682874431,1975.241980257213,1998.596322876138,2026.014752969573,2047.2373374982803,2059.25702969383,2064.605603874787,2084.7212512635183,2104.8589246070737,2130.782593920955,2147.220283463774,2162.8981045208398,2167.9367658527967,2175.519859565562,2177.148528436258,2183.144596252571,2194.2109942201305,2205.524957435958,2205.547831394462,2203.5463392677,2209.5355160816966,2225.270598969728,2239.01545041767,2248.330659713369,2262.0657100325247,2266.5331547644882,2275.626460033205,2276.6521538843645,2290.5157109041606,2291.027134960038,2304.859150984292,2309.7757175526326,2319.101435690587,2319.8094457414563,2315.5325725125354,2325.971588238062,2329.3527091042383,2343.215074104952,2351.3132172311266,2361.9920248414082,2360.781549430614,2370.866770674162,2376.71126286533,2386.818920095555,2388.2626303274033,2389.744794621346,2397.2083599559387,2394.9339204616995,2397.0717322650903,2394.3900811888398
394646,157,"Green Bay, WI",msa,WI,,,,,,,,,,,,,,,,,,,,,,,,,,,,,,,,,,,,,,,,,,,,,,,,,,,,,,,,,,,,,,,,,,,,,,,,,764.8232384143907,766.3493094102676,770.9947598096081,778.1574694774674,783.6489817802949,784.3461620932893,791.8854563466465,806.3872945168685,828.6960143695335,841.9161561059185,854.1762485986508,864.490789137206,878.8742219355772,881.7820077274035,885.3054112667054,882.6022488169307,891.000250761481,897.2928822512481,907.3711855127322,905.3802623416237,909.5262752912801,917.2438942663513,923.5834402913621,929.132576569291,925.1157096443065,940.4181627477433,951.2191834067245,962.3485937228345,960.2791435491984,961.2985362509799,962.1920390451439,969.0633907987411,974.304017220143,985.3425415851634,989.5271247775086,996.1844798882811,999.8482919979319,1008.5243389681589,1009.7577320643048,1005.576232094769,1012.017902749075,1023.2266243065149,1029.0512014636856,1034.8655081753325,1037.296056872097,1035.7034381009632,1040.5131589908488,1044.2963434416208,1054.5884152487301,1053.737187230965,1061.0890716386125,1073.9560577399086,1082.9927403856555,1087.3537037037038
394488,158,"Columbus, GA",msa,GA,760.445376116693,757.0705777637276,758.5265785246478,758.8269651077208,760.7303176273322,761.0428219992785,762.183486982193,762.6115253894203,763.1378055685012,763.094183959556,764.2517506846772,764.6086125272418,763.6725179510433,762.9272447104524,763.9088466344141,761.7314362133463,762.4903882759378,760.5774832717622,763.0404768140851,764.4100843174265,765.4177421686912,767.4986734779023,763.9708417325999,763.9729363982893,764.9142635255807,771.499544801992,773.4357873724776,776.092920231265,775.0482590420914,775.3576830394378,778.0289978031655,777.3791105766309,779.2986010948878,776.5658190529675,780.8225502641163,784.0134703602281,789.6328543993212,789.2868267421973,792.1860318299075,791.1539415067133,790.8961843529476,791.3400648198775,791.1086608516623,792.6668093900837,792.718024730065,795.8930139767768,802.1670009523564,805.2809581451364,806.9404577812447,809.5142458147773,811.6299472905456,817.2469908560516,823.6510228118818,829.6936381356505,834.4216984984424,839.8232623208979,845.4304883679451,850.9565302461332,851.9203299604444,855.5644932352059,859.3130791012242,864.4657156147899,876.6285545278939,886.7825173189437,897.4308532749234,903.0440967880883,908.8073138517115,912.2129275019058,913.0663524151971,915.3992485442468,921.7184065839001,928.1711764431487,936.1670549089996,946.2083593700606,953.4743925290234,962.0383316360957,968.6541021235342,985.0151792440386,1000.1304497332769,1023.7921692277883,1039.5799799123868,1058.4579937521125,1069.2107589033226,1085.8725660619548,1093.9373168061536,1095.202921499996,1097.9275439604546,1103.1069833498204,1112.33924595883,1117.013039441886,1119.290046899435,1116.5417271852452,1121.9973179476065,1126.5117324339394,1127.2652373456824,1120.7823866495182,1122.3911566287147,1131.6278680243008,1131.115178468128,1128.64188609816,1129.7553771862345,1135.3731728978196,1147.336226125017,1147.836952577349,1151.7730856971514,1151.475346198973,1158.147049981848,1167.1024342836386,1174.783493070976,1186.6948894814009,1194.8339399378558,1198.2828684158171,1195.3647297237442,1199.1462145460985,1197.4241749808298,1205.650373866267,1209.3517166967079,1216.4315627754922,1221.776339231941,1227.9458042914034,1233.1065209836477,1232.6705256503053,1240.2253019689429,1252.2262880933897,1267.0753197271856,1275.5486116262393
395107,159,"South Bend, IN",msa,IN,747.6303523251487,741.8188567148054,744.8500300574641,752.6750057565129,759.8904896529973,757.899862184158,749.5616254551268,750.557304975787,751.9340322291839,752.3416140406771,752.1717037065906,759.475346212441,763.6319682193292,769.792287375182,772.976397633683,772.3552877417618,771.3465477300102,770.1585780783829,774.7248430700605,778.5007526380031,781.2756078349411,784.6389101551994,785.386264768997,780.5560867355777,782.9763982308913,791.3690765870293,799.4908706369515,808.3178948542928,800.8768600036432,805.8343370764245,803.0636417635517,815.6306576953468,824.3872591519942,836.4902699138348,837.1120079701267,841.4083326141125,843.4908378166126,841.3225357065752,841.1433112904018,840.3879114510473,853.3888360898835,856.7019381236106,861.061017582912,862.4107160454216,866.038274052145,869.5403747978703,872.841859494415,882.4790499587174,882.9566565993917,883.3132660812697,886.8069864762757,891.019754364712,892.75354803471,896.1627509868262,901.6590952403092,901.5754710232642,902.0464316062387,900.9450318774961,906.4771508711335,906.2354735692589,912.7668533000855,920.1306983580423,932.2698521355744,936.5297765118486,940.9893581161823,942.0387521807489,953.0421082818058,959.7388229251129,969.0737459588397,979.3666934527728,983.6535055496306,996.8684273954157,1007.8178554807174,1028.29581149545,1045.5766220225298,1059.1552947629602,1073.0076580750895,1079.2069364474498,1087.9666878979613,1105.4948072159737,1118.289705408593,1131.1580367185536,1149.6902620434678,1160.5813760833116,1175.7342494365723,1182.8921412010611,1180.1555970285096,1182.6323654370092,1182.8060537383599,1217.0553106416564,1229.8954161808708,1244.406485111626,1238.431749423136,1249.9870982317934,1255.5819794775625,1269.0208818090784,1266.7908012844923,1270.7047622167102,1276.5003798212535,1295.516696111766,1313.6552407238912,1318.9664832023086,1323.9532868509284,1330.7297697100907,1343.2849645199692,1342.5486773711523,1335.8889950629043,1338.162294209142,1348.4761488000458,1359.3633238986772,1361.9599928456767,1361.5379424886446,1369.3759567075376,1367.7530830348605,1373.5886022106067,1375.0940693404004,1383.5532027692414,1393.0693071265048,1409.0867823513533,1415.3082861151158,1422.217115209064,1426.796261363549,1439.2503986709023,1446.1400446060836,1447.7110649978451,1456.077255109232
395109,160,"Spartanburg, SC",msa,SC,,,,,,,,,,,,896.475602753229,899.1735978278716,886.9573854840303,889.2658662948241,892.2113194731108,909.6662516932566,915.5068660497981,923.8204803023904,917.6058480864202,926.056661069905,929.4245782041805,939.1944625379659,941.8349437959405,943.1969575773912,951.1548580859736,948.3493927362765,948.1581651812621,938.318007240465,945.633963506816,956.4946639448508,970.276971988689,972.6552968666701,972.7966393643622,971.1154745178388,973.2104915626632,979.2576955400349,988.6244079880049,994.1803620230223,1003.4825278215463,1007.6921118376357,1014.3717325659774,1012.4945916159545,1016.9278571053009,1016.1150890253093,1024.5300149861587,1031.3348048052762,1035.209898469524,1033.284816642935,1037.2391726539313,1043.7373982808354,1046.4587823740244,1055.2733236070594,1056.2286365289974,1061.6451303604179,1063.3989705942843,1072.1998988212893,1076.3111065145783,1081.4692756773404,1088.914216212387,1099.67444796055,1103.3259991771451,1103.033715849994,1104.008465049813,1104.2302246389615,1108.1571450602555,1116.4521331503681,1132.8977131899717,1137.1737274458555,1139.0863670781441,1136.7484762168733,1136.7326891879075,1141.4268597923935,1149.8673363934913,1162.3888514583118,1170.5283092962106,1183.042482131872,1192.643780962803,1204.3132985869004,1208.4630545292039,1221.7896150008978,1236.9239685068362,1255.6513623180833,1266.8026183059626,1275.4110568518945,1283.0968736566517,1288.4540419619238,1293.544356756066,1300.9938797132581,1314.9591639287873,1329.6007404272486,1335.44339542956,1337.4311323979978,1334.0119859377219,1340.2507593099338,1348.1097026053765,1358.456032133915,1365.359558994375,1370.738243036653,1380.3872924678956,1387.4620050858973,1390.9388440094604,1381.3617435868728,1387.725954271905,1397.4423096193243,1410.4886570559715,1414.7729496324973,1416.2631770674845,1428.2990220646477,1433.402590485936,1438.6944154019125,1437.2427050729557,1439.8169786167568,1443.5899594049824,1455.6615098794332,1460.9997632616892,1463.7912757755123,1466.1351264377697,1469.5981564655453,1475.8727526288146,1472.9685483165326,1477.0905595813015,1482.060675974241,1490.1296181792432,1495.555016385767,1500.3487179487176
394645,161,"Greeley, CO",msa,CO,,,1303.5064749268452,1306.4787763924041,1292.0258511906975,1286.8480339589942,1308.6062777277587,1327.1326031375227,1340.9090699778628,1333.998965442513,1337.918615341546,1346.3369393775429,1347.3599400531725,1344.1103202941902,1333.3707150667155,1349.2806739483185,1360.4614560527507,1382.3255425300656,1374.3109260109406,1363.75949625832,1361.2304324847426,1373.8217127279272,1383.768915313585,1379.8977608836576,1392.5256738114947,1395.2310083444836,1396.5276741251535,1395.042597564533,1410.096923157281,1423.1958547961215,1430.6923705517777,1440.3384404472438,1444.930774709162,1445.0582390957784,1444.1832222484675,1445.370954474159,1446.0825602664402,1459.4821609402957,1478.0500634075313,1486.833322514501,1492.009566338353,1487.1166881438799,1499.9294645467821,1512.3217603209891,1530.4142212607273,1538.5015859360424,1544.9304351672636,1553.3462702099075,1555.5190937742752,1558.2523662602746,1558.6177525561216,1562.961610850252,1563.421074843844,1570.3169245210754,1571.7152813671903,1573.1570401298025,1570.9971065377579,1575.9696973624561,1582.638714715153,1589.3836855958737,1597.5968008115578,1601.1296182533856,1605.5988487359032,1603.8268462604515,1608.5137038784528,1603.2164245702118,1610.296592777455,1610.7538470065235,1613.4029110792876,1618.9122788299164,1632.8924297057754,1643.748197183796,1655.7023262261107,1659.6496308113526,1668.1124786352057,1672.8961225706532,1681.2093430436423,1703.1733082596636,1719.154932837466,1742.936082034861,1758.965236087684,1781.165215683859,1794.300463221071,1807.5066953992502,1816.4672969001037,1827.2278079866699,1834.5832391404554,1854.3989324651166,1872.4910542367872,1880.7041494069977,1886.5140009732804,1879.3165091672324,1882.3136090745877,1881.730645756195,1901.506452659941,1909.077925606555,1926.231072041436,1928.7119366261602,1943.7351641570085,1945.225994583962,1953.3597334576853,1957.506712729234,1962.5928743797303,1972.994003079069,1980.4942707950224,1987.8478692767312,1989.5301188256426,1983.8277105819886,1983.4832618891348,1983.7733855857405,1998.064599722546,2006.9185189068594,2018.9871487303367,2024.6130910322738,2032.7968779836633,2040.954616919664,2046.9578196224095,2052.6934248086604,2053.432908585918,2065.3949773753843,2068.503678721822,2077.4682710880325,2068.87593232749,2067.7546325330154,2060.2430500637315,2060.1793168351082
394808,162,"Lubbock, TX",msa,TX,1029.7281071627203,1032.0714649123893,1035.70646030505,1049.2026337920463,1054.5148064746197,1059.2392887691476,1061.1011570687392,1054.8110339353711,1063.647139540219,1063.0639384872773,1077.0824899412805,1077.6994434768571,1076.9692740867747,1073.2714725544008,1072.5091826210198,1076.9975920645286,1078.6826861106265,1077.6283206324965,1078.114297320995,1084.9403173900355,1086.8648216609186,1088.2166964355185,1081.670680861721,1082.1804012112052,1084.7567791743415,1087.8677933728088,1088.7627422894905,1091.8050347269564,1094.7476707435806,1099.760593928047,1102.9673409982975,1102.3241214996438,1098.8129848051635,1097.1058088790783,1103.506044409111,1108.6622065419294,1110.1408443286507,1109.027475468962,1110.4650876172764,1109.1213872236167,1113.776900172312,1114.4325310389647,1115.0819053108007,1116.0339365185812,1117.8009952182892,1122.4228499430715,1126.0407554930282,1127.5021666955843,1126.369101082643,1130.3022451405025,1133.2769559227881,1136.067657559877,1135.3136520462729,1137.3977516880561,1140.176635493432,1143.6907020386857,1148.6231583196745,1151.0662018366372,1151.6036838971404,1153.4354357151105,1158.7454191660536,1161.6021522514204,1163.4382560077227,1165.1168531256785,1167.0587126956511,1170.4342841308803,1174.3696329973325,1178.7990991480974,1182.3634854145544,1185.2573034018826,1195.8264946272172,1201.7102530218453,1209.3854275235208,1210.771621858223,1219.3887234522158,1225.5314504309522,1243.7810201643374,1252.4877458888068,1262.9287172135198,1266.500884332704,1282.921928465838,1289.842750851252,1289.9210153213744,1292.7997541214033,1303.135854450494,1315.9570175654428,1324.058006476485,1330.712857158393,1332.2393857343422,1335.8851500064263,1339.1180826253162,1343.3878484024247,1344.6678818802413,1347.8573093568584,1360.4539129270397,1362.6913308851492,1362.8618986238525,1361.6344695147438,1361.449100671166,1362.427916170251,1360.9580688914964,1364.1528762174091,1365.7224815156007,1373.2308058290666,1373.4152978351503,1376.4142278138127,1371.3030113398142,1374.5240647655367,1372.5227271267952,1376.0614455342234,1383.1710731519279,1386.617702788465,1391.3807563374987,1394.7849800946549,1397.8994083123225,1397.107522699322,1400.446480916833,1402.4748776118674,1407.0824126346154,1409.679656906518,1415.4513960909107,1417.024343344419,1415.7967837894746,1416.91796361272,1418.6592545738524,1418.7729014410172
394471,163,"Clarksville, TN",msa,TN,864.8783432013546,863.4436853718735,865.2013267316092,864.9394026115128,868.0148291377842,870.1038946162835,873.3253691158658,872.2218190497965,873.1221554025208,875.237772311871,876.3444692812507,877.1778137206924,876.8818870052194,879.6695588290376,877.770090579496,878.5293464390195,875.3389388356071,874.9235794999421,875.5518767863224,879.9549948571761,883.3043089544369,883.6945436356837,885.7885835691733,885.1776153674728,885.8181302330238,886.2809651711698,891.3771339699778,894.4395597027113,897.6489873869053,899.3979277414734,901.3323294219799,902.700884238208,903.0926934536953,906.7812389028461,911.3827012405328,920.2723843397554,924.882518274624,927.7824344461341,928.342293088136,929.3880964764553,933.5371346511974,937.1166584453782,939.0468358508094,937.9647937866988,938.6961699239744,946.0681158986132,952.1056861983002,955.5305439435938,957.2603526127233,965.2240491196745,971.5033038909736,978.1201191914987,983.1472548996904,988.9772659155503,995.9717569243373,1005.1586573773724,1013.8386061819606,1016.3237085279414,1019.3674913020737,1023.1501059229086,1030.5288643483848,1033.9558492784067,1030.572696947741,1031.8038152686966,1033.215124150503,1041.0739120443254,1048.7782686414869,1052.710401997467,1061.7874259908258,1070.2814894630924,1084.6928798963233,1096.390886938548,1104.25418975719,1106.7839964925572,1120.553803329871,1134.5030725610147,1157.8520177565968,1170.4118968459259,1187.290111582084,1205.4525786181714,1223.725328875655,1241.0350899318073,1250.8101219153095,1262.097313378869,1276.795739498344,1292.0542300713887,1302.5949218327555,1308.8984156015524,1314.716412487631,1327.417990892205,1339.9550736337524,1346.56219625895,1343.637231466325,1341.0663580408832,1340.1186630990683,1338.8742546911167,1339.8826469704006,1350.3923284819646,1359.8773904119635,1366.1763372553312,1363.4539542743216,1361.4303763778798,1357.4477345949851,1354.2565557903395,1353.6463934543942,1354.80113731554,1359.874813154102,1373.643763512738,1388.7827161948178,1394.8498396317923,1395.890081421221,1397.9769422580969,1407.2547833885194,1408.3638304882268,1415.3735759251986,1423.8822431629967,1434.1779920335239,1442.431611316176,1447.5072682431455,1444.9090015591412,1439.0433166756545,1435.1439600589554,1435.7879145583981,1437.5349370970478,1437.334865519134,1441.2522958043926
395028,164,"Roanoke, VA",msa,VA,819.4846890514441,817.8269842584064,816.2199166723998,815.9799237648193,819.7604150855628,820.4051918135654,826.8044361829225,830.8381175220418,828.4140744022186,829.9678801166643,821.4043860370986,816.8305390324482,819.0668254532011,825.5441902476629,836.9430191026787,840.6169007279041,842.3666560751093,837.2615591096921,839.6030865927637,843.0840640980433,852.7766170390813,853.9350201437634,864.4007683848281,870.1734300046924,869.6796102179604,863.3135669333501,860.8111887819352,864.8503869436367,864.0139512454524,864.2546587149232,866.1122388398533,866.1931857615892,868.8953515414416,866.2404305816071,865.1085549045455,871.5297774795634,872.9032620503385,881.8404027016188,873.3318062390988,874.4403616839159,874.1042352435994,881.1472041438168,887.8852648213706,894.8412379361944,903.3935634911684,912.1900276553683,915.9201881919751,910.6930082963949,908.2044714041389,908.2656419256775,920.3636040071772,923.8144979381891,931.581554035051,934.8705048722223,936.3488260963313,938.8291669663165,938.1918547100652,942.4220238299833,948.8904260302096,960.0269769601762,973.3398052770876,982.5907365394771,975.8689451891636,970.8664670132192,968.5492526471045,966.9325230406916,973.7437853763494,979.071709390082,993.8984119288892,996.0043096384525,1000.2274037781738,1003.0542603065483,1006.8752278482543,1010.9463674197013,1017.7744608632458,1026.8095270567746,1040.9992314290052,1050.9216375716417,1062.4924634400238,1076.8809226273866,1088.1149497197391,1103.2143689365,1119.3268647909524,1142.7370876153332,1159.0042450007418,1175.297657758192,1183.689190407443,1196.7949028959347,1208.8478712771555,1225.1731959071028,1236.555030313603,1246.4003197727857,1244.3128099865794,1260.3248337438954,1260.9139343042161,1267.538513604221,1267.2616940702858,1276.2753988754691,1285.0121092456552,1292.0183489984925,1291.0194484654803,1307.208040630615,1311.9068230804726,1321.2818667607091,1331.25518373075,1342.8014143029159,1352.7951794064659,1342.412487112567,1344.1047836236467,1333.7076336668777,1345.3997832320806,1352.5978239882413,1370.9805664074163,1377.529351533142,1384.696320238595,1388.0706538799236,1397.1523596608522,1394.7392486938188,1400.8947439160468,1417.7351573518918,1430.1022592762185,1446.7044271707434,1446.8139396561587,1449.7164989115765,1447.3888771338527,1444.4000148787381
394579,165,"Evansville, IN",msa,IN,632.4488152323648,633.3098875245461,634.0586610355347,637.7511727977852,641.3970691422908,643.7525109643425,644.5172378143466,645.5108349545891,648.2890698161061,648.6738572896196,649.839885442809,650.0784836520904,650.9999813843848,651.7727744168672,654.3642924753938,653.8613468405835,652.8423152780261,658.7011270354429,660.8917698741636,665.6264782660836,662.9836058000429,668.0945638779358,671.6247433241431,674.4815837071116,674.2612352559561,673.2112949815352,673.3355266877529,675.633675494396,677.2553848478524,678.8012204446144,680.090509423828,682.4229826966432,683.5400968112127,685.2853281765956,686.972112379194,692.9253572690977,693.0812293934318,696.6370203982572,695.568721744845,703.61834284268,704.9246563659048,709.5781832318132,709.3033558090368,709.5014694606297,714.8785053668838,718.0901974893148,722.7307373269011,717.0470977992563,720.8503859692936,723.2154081902206,728.6891347329317,726.61302504702,730.4921713504001,730.6364653176385,735.7650953582004,739.6493342269064,741.783563426192,743.977449492701,745.7076836462282,753.6712786946277,758.0860635185813,762.3553656260044,764.5148212302282,762.1439763225293,759.3043144882939,757.3907130287196,752.3576982654748,749.6708692056609,754.3008326503477,768.6426597573479,777.0098850608074,782.7928538387025,780.3576748061653,782.0407921255425,780.746062115386,795.6589249868764,811.0588553114062,820.2978555170413,831.0982478522352,844.2058216226213,859.5750305393314,857.2099871981283,864.9031651230249,860.0503975576239,876.7490117199503,874.7023148756103,885.155647188466,878.8973285932059,878.124996442541,882.5394844273148,888.5785711846287,895.2525964169508,899.4304592270778,908.419286997943,906.5969489221144,914.6314440823087,915.8263319583066,930.0254149386811,934.6428316163189,943.3901558526363,952.1387118709994,958.4339719876363,965.3322998063516,971.8450587179063,972.4737927264167,975.7103840439664,975.8077386457604,994.2600795059079,993.4131588489754,1000.6536069104448,999.2195957687304,1015.5150572278842,1017.693631905575,1028.1941150515656,1032.2915172751595,1035.5029811707584,1043.684071534868,1050.600652319757,1063.3707620820837,1058.548671958239,1067.8556033050859,1067.4028668733495,1075.7931039944422,1070.488204821268,1074.7798010346253,1072.2727398205661
394747,167,"Kingsport, TN",msa,TN,,,,,,,,,,,,,,,,,,,,,,,,,,,,,,,,,,,,,,,,,,,,,,,,,,,,,,,,,,,,,,,,,,,,,,,,,,,,,,,,,,,,1032.3884126817477,1049.6533282044493,1086.909441602474,1099.03781358996,1127.2020882526476,1142.0793249053775,1186.5689944231244,1185.6477302681321,1212.6126181232512,1221.583392995017,1243.3865227593358,1266.908214401525,1280.1971002077505,1294.2991554050723,1291.7007157025403,1294.992866355154,1310.4251355562014,1324.2937336727834,1323.4218280728226,1329.121216691406,1325.861873478735,1332.4516627609319,1327.479395535519,1337.092320988848,1344.8320069808806,1353.9198666090485,1364.783688857204,1370.3875517840445,1375.8575960135447,1377.5272687801607,1384.9586112652762,1398.1616528358065,1407.0825377007009,1414.3462341581574,1428.5928681758512,1431.123719374758,1438.839592193724,1440.6507040318234,1443.5491422389664,1453.1433675654148,1452.7685017655808,1458.804812692142,1460.3847222222223
394741,168,"Kennewick, WA",msa,WA,1028.8105680180643,1025.2474596898,1032.5384354044593,1033.3310001524567,1031.7376941091331,1035.892019128722,1045.576067785197,1059.4882763373166,1062.248960200978,1073.3183167445154,1066.7699245927033,1075.7556779944264,1068.228498839606,1079.0547983026213,1066.5346565069392,1076.3373423102744,1080.1726388814093,1093.4064987528443,1098.3528009062734,1101.157927860187,1103.1122496296612,1097.4761070158772,1107.63212756606,1112.5541841002648,1130.4387746272907,1132.7567608012025,1150.7711221439524,1153.3111953119462,1154.2139245023457,1151.572895242919,1147.2470536624749,1152.7299992987928,1156.9772568674296,1167.9819501786674,1175.2747642649206,1175.8220091986711,1180.9118225262248,1178.1735951755181,1180.3793504465036,1182.1144723845362,1194.48124430516,1199.5730849079287,1206.5625083821265,1208.9560409803823,1212.4716747617765,1214.5220892260322,1215.3492305939146,1219.0251492539148,1219.6167433995245,1232.2415078772963,1234.8907526142739,1241.189151687231,1241.4146446733344,1246.9141805945924,1253.4619379406492,1259.0002004590353,1264.9424968372632,1270.0614632903546,1275.332563077644,1282.4809316488477,1287.6165989080578,1290.1213443510421,1281.1090501673543,1278.8807875525717,1270.6119620030554,1278.0970931864774,1285.7738045121469,1299.2828007914675,1310.0432361365672,1328.257889009076,1341.3377791624225,1351.7810030792964,1362.367091907775,1368.8619027718044,1380.7183118603677,1402.509135561452,1438.588191395191,1458.4042163561517,1473.1779207768725,1477.9508258322614,1495.82889382038,1506.7383095093635,1518.3444547252632,1531.6290057800459,1542.406050322617,1551.6125615036979,1569.19179012486,1585.205627173536,1597.278810509137,1599.7769959046018,1604.0658343937646,1617.7898526099307,1615.524474551535,1610.9781080660896,1614.656702376374,1626.7180143704868,1644.0325403739782,1668.3122081444558,1687.4289882328173,1690.2113947733583,1686.5946690262283,1686.375214489642,1693.5005782093883,1694.8263307415248,1702.8719295038927,1718.5521158292843,1728.7876997081664,1722.740781758134,1723.8733791344084,1723.1243253620848,1731.996088068411,1723.9714241481433,1726.4254597611737,1733.0841055490223,1738.1079910607348,1744.4047570853645,1750.234614359049,1752.1595659782065,1753.8219917329468,1763.1794215811396,1764.9887144293655,1765.3726999969153,1759.1933963623123,1774.0550704827392,1784.537267239159,1792.717079964061
395179,169,"Utica, NY",msa,NY,,,,,,,,,,,,,,,,,,,,,,,,,,,,,,,,,,,,,,,,,,,,,,,,,,,,,,,,,,,,,,,,,,,,,,,,,,,,,,,,,,,,,,,,1166.499438197805,1160.344193950799,1181.7625288735574,1197.1463050796922,1224.9658088790134,1231.3317231608908,1243.4229411593874,1223.6044709791342,1233.5632593325329,1254.3970267858692,1271.6471751079705,1286.2124526699597,1288.3733108356382,1312.1061978482246,1296.3536964639427,1294.079524039011,1293.331795279601,1319.0317410020564,1328.1035938369214,1347.2404834970234,1344.157778063597,1349.3185019355547,1366.3031124044642,1389.97844540523,1402.5640630453386,1389.122042732724,1400.1073668855279,1409.0420015062834,1412.4981706612841,1405.0887335708048,1410.100154991344,1423.185668888918,1435.467474993364,1437.4743827600307,1429.1148275690655,1423.181228057752,1428.1287486681583,1444.8634407181187,1456.818181818182
394660,170,"Hagerstown, MD",msa,MD,945.7700829130098,945.5926793169107,941.5003678595248,944.7969516079571,950.0008422119874,953.8514189269858,954.6223588278997,956.7442708903902,960.3565513244791,961.6011006072025,958.7934243208423,954.5563171592014,958.5043299193445,964.660685633156,966.5555982071925,965.9986707069522,964.0559311518126,968.106212578908,968.9380680643793,972.06043757502,974.4435975652314,975.6642355212803,979.5593984908228,981.1951487909987,985.1661980165026,986.8749640216778,991.7426296118879,991.6745320497349,991.5640584347799,990.4157100046596,993.8872267475168,999.7892188674491,1002.7869389221894,1005.5733321782978,1002.1144370060192,1006.3274804394339,1007.5886575980112,1011.673732290369,1007.5737235595034,1012.4646902161098,1015.7081322293947,1021.7950376510455,1023.4574658720164,1022.6688214319142,1027.2239273379219,1031.9669626994,1035.139157669074,1033.3489582307543,1040.9639958984949,1042.1258747100444,1048.7821762522033,1051.1986512981946,1054.9942459843653,1055.9128343809946,1058.7023418085341,1061.732323162072,1062.1148127337144,1062.7214201789313,1067.109198984175,1072.0207511955525,1070.2584604604288,1072.3567192705593,1077.7927743678385,1093.4497018919838,1097.7209897899995,1104.8673054806864,1115.947710216272,1124.9996942872833,1133.153607476774,1134.2932979935179,1144.31243301665,1148.5869240989102,1169.0891113112434,1178.02639226777,1190.2709121207195,1197.5459654080173,1215.4750184518114,1231.6771345941156,1248.1602672525737,1258.1543483719706,1280.7237434597691,1293.936318595328,1308.8664099942205,1317.3016516764048,1330.6934048198718,1344.4754260687077,1354.4151362683622,1363.9657511189484,1372.2826075234598,1381.6230392186546,1391.9617320527736,1407.970620777012,1413.6502660574297,1430.0245355549996,1438.8335164789228,1471.2495199778766,1463.1910314068975,1470.046146191773,1464.5909143454548,1480.5326375976388,1478.2832312043274,1481.770549584481,1471.4306145468975,1478.3808135835186,1483.6754935569409,1495.6551102620722,1499.0691217466117,1491.4153631075328,1508.0613604174164,1514.1940223784852,1531.568987809232,1528.0415040325474,1542.7096756901358,1546.6500311712045,1564.520029902958,1567.169711001995,1573.3447117241349,1571.0413204577071,1578.7039929328698,1584.7072629236197,1589.9867817516456,1596.3663592810992,1600.5343471047015,1610.393481220629,1614.620169757754,1623.9112619406735
394543,171,"Duluth, MN",msa,MN,,,,,,,,,887.5386222521477,905.654926610674,910.3552891189528,899.201206466511,893.165053729688,885.5191865597918,889.7682727368314,891.5930776823199,883.0924155033322,892.5999196472081,903.0387937151189,917.9878037449171,918.7315081967464,913.5703702632516,912.236760924365,914.272506564703,911.9493894900434,914.3471598632199,914.3886883585207,915.0160042256471,916.3479606631869,914.5806121763381,915.0739571115284,914.8466778549889,916.110989828605,913.116153060208,920.5063281480849,921.4845969997751,932.5253529720716,933.1384317238312,937.5288034783911,938.440782561975,944.2917403572103,942.2410827708638,941.7841491860888,939.0978226549588,943.4190611672936,944.9976103070968,940.9429090994847,943.4540395404364,947.5644252901442,953.0722808696571,953.5768453932756,957.1432916913227,958.119876773566,962.9217790509538,965.3386661027647,968.6235486749274,968.2205621263993,972.992754051648,976.5861172795543,977.9801080546991,973.9564919220536,972.7801775445183,981.4433833763065,989.5036693034764,989.7905432310394,994.2413280431581,1005.1033502652615,1013.081648545991,1034.9347526968104,1032.694653945657,1039.507014717002,1023.736290958247,1035.8479171612905,1037.6581734595445,1049.9952427241935,1049.7102950701774,1061.675349258396,1070.413159645149,1080.8500799486958,1082.7796981639365,1082.0616405957576,1088.5246457141764,1091.6742350382663,1107.9180239979455,1111.3981770736818,1127.5594486977463,1123.6596500320957,1131.9987489043694,1137.7869347793985,1145.5299170174233,1152.2669964537317,1161.381855687073,1178.0477511064373,1187.9077792127612,1199.2720946259508,1197.9059270643904,1208.5664885274052,1208.2222276411728,1224.2271312148903,1226.1096015562796,1228.782788633666,1225.462327330343,1221.341446480922,1224.9992358495444,1232.7177196088078,1245.0030038987659,1256.0377278171886,1256.9211428717626,1256.4469097907572,1251.2995653801147,1262.1260722874933,1267.2998423871036,1275.9065232596383,1279.8726805172569,1290.446579816231,1295.983806569524,1294.7979159307874,1293.111389461984,1292.524537023572,1304.3328373928198,1313.4806976602601,1329.7635149322546,1329.6633301886789,1339.235483142633,1346.1724053325877,1359.8700166442102
394937,172,"Olympia, WA",msa,WA,1128.9632717508914,1138.0528668792824,1142.0071375891466,1143.4869561222804,1141.891056833769,1144.1758985368206,1150.1780219421717,1155.7997471530352,1163.719047001963,1167.9221710108648,1172.9172242699224,1176.2342364978574,1180.9159768917855,1179.7391586272026,1186.6619591780716,1191.5154905171685,1204.315825563749,1213.3595991094392,1222.1242862789952,1232.0755439100928,1235.0485846291047,1239.7217887083407,1240.6748629031747,1255.6444103625247,1265.4503902065296,1280.0691447083188,1283.0360713283928,1293.73613473319,1303.4938193822325,1311.5434135849248,1318.3692614908339,1321.687577066805,1335.1882011770417,1344.5392528436769,1357.7733814415083,1357.4491774635626,1363.7357440900257,1368.7869556026653,1380.6738814107016,1391.473563241423,1394.7109763537992,1400.5585949037825,1400.4401370710787,1410.5779009675011,1417.2805189861954,1428.6973492624434,1431.087195254156,1439.5613538094085,1443.6971327880908,1456.1714378907668,1462.4091908587404,1466.0628568569625,1474.5455863972234,1482.6411127326446,1496.1185949812268,1503.0407631059516,1508.9342339631046,1512.9852884268587,1523.0314463311709,1532.1361104112145,1542.5088771422948,1546.0287346593298,1558.0609895626865,1561.5751022644038,1564.967391317434,1565.542924755427,1584.7138367660552,1607.3319658106268,1635.300350758584,1648.5730444380836,1663.860544885571,1663.9333384670533,1683.1298655464168,1700.9944684350953,1729.502715966957,1746.9853438717462,1766.1070742355462,1785.863386085154,1806.1772806475008,1828.1906777446256,1848.6005070000617,1871.1318330123404,1891.1544814649028,1919.2821255310519,1930.7123290197928,1940.0839368733277,1939.4486216250066,1955.988690536446,1971.8343616469313,1986.7513310165946,1991.768059262043,1989.9127245491711,1982.6018435049928,1973.7874914155168,1973.3626684513551,1972.5183807438982,1973.9699154877237,1981.7725085350733,1997.8303645199564,2009.8364833344463,2016.1557006882608,2018.692536766519,2023.1897460922012,2025.1107687848366,2031.8804445377464,2043.1138362251784,2049.376203349381,2052.8377563776376,2066.5358089524193,2075.407621068065,2085.4365464067646,2076.4282775763077,2072.812118529763,2072.7935861452615,2078.84695009711,2089.454793937102,2098.9961451763725,2105.6404827874535,2112.3171484752124,2119.9295508804216,2121.3417239525593,2123.851341194002,2123.4367543434537,2136.686262080118,2149.158786269504,2161.249874535782
394803,173,"Longview, TX",msa,TX,,,,,,,,,,,,,,,,,,,823.1280627141658,826.7472871987464,831.5003453246874,833.2745401232721,825.7423359060853,815.4722947514917,815.5496754023246,823.0830465764097,829.1389602196143,832.8660591509224,837.0960131056269,841.4077230501453,841.6922844112548,839.4208431978254,835.7127692521198,837.4302995195858,838.6911457389981,840.9340920256178,836.4938948831308,839.2336426174287,843.5559628755268,848.0962336479637,846.9150712551436,847.806549326259,848.2578108755818,847.6131189704126,853.5101103706821,860.8780711387254,871.2510642260754,877.7017807630763,878.4875536080501,874.5399870590761,871.6468539932711,871.0078173197182,872.9190570502439,875.807452153048,879.9413437436431,886.4878720021691,888.9942273903665,888.4708630858278,887.6589265122728,890.5617036681591,899.3179405499928,907.4606378292785,909.4809161007113,912.7324975495973,909.6104670627227,911.8776055015851,911.2698398636677,922.2482812554292,928.9713665271848,932.3525417785266,930.1391985734349,936.5085492432546,947.3123371703954,949.1006717989096,953.4654490917164,953.5270538625447,963.2265674210689,967.8327945510166,978.3221971252458,979.1470864156104,988.5474077328637,1003.8878727240796,1024.9967115319073,1037.7890580952953,1036.9737822005525,1040.1270022862177,1043.6760482288148,1054.8003209119863,1068.4932471455586,1081.7921452402093,1104.1204809558824,1118.4441817820532,1127.9113362338546,1122.050400642304,1120.7340131060264,1117.748277722409,1123.8237613391225,1125.8808742540855,1141.9925006154656,1145.6914549871826,1136.517778437473,1132.5910608256293,1136.471942785112,1141.2998372525958,1145.241036279363,1143.6340879492557,1150.2393640047276,1152.098974831057,1161.229672563591,1174.192198233983,1177.257082464183,1180.8335065251854,1182.307892996379,1186.5922504644243,1182.057768166883,1182.9708796554305,1185.3833279231606,1198.5362008169423,1202.1494083935102,1212.0518048305096,1214.7278640142579,1216.0582045053977,1218.0839514886586,1224.6535482819768,1238.7278678801356,1248.8813628899834
395229,174,"Wilmington, NC",msa,NC,936.9218310333541,943.0099295698211,943.1659623445372,946.8123140783164,946.6997274270755,948.9006334754071,946.7586353756639,949.9402271166584,956.7313318410879,960.4770033995064,966.1156756305152,966.0359780159007,974.0563284350544,975.1788272485622,979.9039399981799,976.3661217181048,980.9090144241148,985.9636973901697,992.9133678836873,994.8515865248607,993.7498338575748,1000.8484463501854,1005.1723757249013,1010.8212075854942,1011.3162186195966,1017.9640437327884,1025.1725221985619,1031.3468202664315,1039.7376471818798,1043.6648884298863,1046.011222426051,1053.742390910934,1055.4692324379016,1056.8557879834063,1053.326891339122,1060.9909591009935,1065.4314181845646,1062.496359752602,1073.1356257336636,1084.408617789038,1098.935382422148,1097.4881888985483,1100.0887124574913,1089.6989519235437,1107.4167078551247,1119.1968771643526,1144.9969782675882,1151.0200611986315,1162.1898271576408,1175.0389355353254,1177.6907058992067,1181.8387182507788,1180.234165843257,1193.4950800298805,1203.8349665690025,1222.4706688319666,1221.0330437637756,1222.3676694821631,1214.7601188486742,1216.5053772935037,1216.054586534737,1216.2734836897437,1235.4850084083077,1251.104778348891,1262.884415399943,1266.4886743889301,1268.9852336177908,1269.4383017281,1274.0992299408888,1282.2391740210296,1292.2779143881837,1302.2237894020989,1321.4643503068241,1336.540838044255,1350.696341645811,1352.11182935717,1363.3555619145227,1379.6094894304479,1409.0676417875259,1436.597732733576,1474.8867608880812,1498.4751509540215,1526.3424821547922,1542.770945181229,1569.5589229710263,1586.7853985579288,1618.0449616509582,1645.901556375808,1675.9419878383908,1691.160827593877,1709.7209199561348,1717.826423427716,1718.3090919324336,1711.0763502330253,1706.3623583535552,1713.6034986276827,1711.4999515281975,1725.126078266121,1719.4088761345117,1724.4380080458893,1717.945521377289,1725.4322145717963,1719.3256597891298,1728.9265818827,1730.5962312738545,1733.7545261547896,1726.23407390059,1729.8048229033234,1741.0285618962298,1735.3266292655749,1730.660225681135,1730.0248916465746,1738.351631315448,1740.8986665208718,1744.7680874828816,1741.7789223473476,1744.8834992267223,1753.0521155094398,1766.2935124304677,1767.351148251922,1763.7561303039863,1767.1921357391464,1775.7611745252386,1776.9085193011451,1775.5768877114242,1774.400558032715
395061,175,"San Luis Obispo, CA",msa,CA,1640.3069747469021,1660.9510922046384,1683.259644303819,1705.3150080237601,1726.5961545858547,1729.0679226337147,1747.5895397353866,1756.7637198331247,1782.9844708256264,1780.6909682644812,1770.9845920850983,1775.4826682520818,1797.4656905094894,1840.9327946559322,1834.1384279001427,1833.4648878530757,1816.3154308480446,1837.5581555772337,1857.9431019711835,1879.2024726064317,1874.2536823157961,1877.727100998047,1889.5003218475722,1914.9254135706788,1932.6563650763728,1929.9815303006226,1960.5921134442667,1960.3206467432635,1969.0500781053079,1959.7593845103222,1948.3176535656785,1947.3398492241822,1965.812005012403,1988.5313296099937,2006.7631903777915,2009.392031861273,2020.8972909796305,2020.7145609491881,2012.1460562234645,2022.287851787542,2025.7537942234205,2042.7309307449382,2041.6060247373414,2059.7104574356104,2075.2075012265523,2094.5284399393036,2101.8934646719995,2103.5730033861337,2093.9557724892597,2095.422533615676,2106.4044696255455,2116.62210099818,2130.6599807738276,2134.526284483256,2152.7636091814043,2150.171523720439,2144.6043723635694,2132.8748400497407,2130.989894701632,2137.730427322302,2149.6338787960412,2162.443363838063,2183.3282625444685,2175.923365244044,2170.6021033760085,2180.0774869466227,2185.980006158813,2204.9725232473306,2209.6166137258383,2214.7140626361725,2234.8594242784607,2274.0694661146754,2297.5808485426846,2297.4525296812553,2297.682313057997,2307.7926972289574,2323.5790780626303,2334.1075520069558,2370.385991867988,2390.573220266912,2427.2476779197896,2461.426623635088,2496.132923064452,2493.6990127846766,2499.5472465653606,2515.5687552472027,2560.989652962862,2597.869138817716,2623.3557078071453,2640.1007483877197,2651.6020417786,2663.2817740349783,2690.211100101192,2676.399432354457,2681.321123491234,2681.085070543034,2697.001980428215,2710.6409796535604,2732.353940925302,2763.8017458875147,2798.038379024044,2813.3607649332707,2812.5429438805654,2819.129879242842,2823.425144796627,2846.302049244502,2853.808847337521,2882.034944713242,2917.560974946521,2942.1629819927216,2933.19245535601,2917.1566991734758,2924.1691218351184,2932.0995016456595,2956.1883017606383,2977.691004188566,2989.641726291448,3008.170958196386,3028.3157798101315,3042.1371549352793,3040.231061232207,3046.7586760216755,3068.7734350412525,3093.508048729656,3101.672724942786,3121.4202369130376
753875,176,"Crestview, FL",msa,FL,1087.1003548954147,1086.2053893599043,1090.3511353467397,1094.8492226801577,1100.0253645766766,1102.71320264203,1105.6108356135358,1106.3885819977934,1108.9442493449114,1112.260133053665,1117.1110018709667,1123.7822866359393,1128.881943254221,1130.9839768638058,1131.1535851996457,1132.2491928236695,1132.5702974491007,1134.1656098817066,1136.1144270276307,1145.58406975474,1150.4281407303142,1154.6865283195084,1153.554775275876,1154.7646273649086,1160.3612782860325,1170.2319338341206,1177.3522818268777,1179.247165120619,1186.3271960654592,1195.40785274406,1202.8793228281754,1204.4269784739377,1208.7466927905878,1217.8733080797954,1227.0418298597922,1230.8546284000417,1233.2891610417405,1234.200094016772,1240.5439641384673,1248.9584366010636,1257.0178630436453,1264.8017281254088,1272.399336582049,1276.4823078380803,1281.2625306376708,1287.1400568543527,1303.0168558540067,1320.7720473838044,1332.4008637351792,1341.9784288904907,1351.0826798446608,1360.9303085824752,1368.3188393272023,1374.5531449520552,1381.5912383618297,1392.901414438812,1402.9731484135311,1409.4282303098564,1408.4775904746068,1407.9466792505896,1411.6967355953961,1416.4550608382683,1434.104087779159,1425.89645425972,1415.0870795316023,1415.3659266230943,1427.3256442516717,1447.0670129296468,1458.0684447225722,1480.203997427367,1504.8586890201252,1517.703237499902,1527.4704371683608,1551.4680844997006,1590.3102344447457,1644.9552712502632,1696.7344668259113,1741.6412729200515,1786.9044696160108,1816.4561255128929,1841.0765466209973,1848.564321534436,1861.2188413503711,1890.7743098403282,1921.853744862319,1939.0708217511665,1948.248378842401,1950.2194786948721,1959.936159115754,1972.350524869697,1971.504671658626,1977.722404993334,1981.525967581997,1988.6084409895052,1990.7050049309973,1987.6107129388938,1989.0226482967505,1986.8228604869528,1993.7613150789384,1995.1526637673587,2000.3421106899875,1993.0277274535495,1982.3446091382168,1972.4092641558311,1972.3617679954,1984.9900345918684,1994.0401569557935,1996.518739423418,1988.5969092482167,1983.0465230894301,1980.178902400952,1989.1461870975795,1996.041299233994,1998.6127888447638,2010.668877809837,2021.2550443892442,2025.8726557582193,2021.33300612307,2019.7854297871836,2021.8349251955217,2028.833466636831,2037.4981923905834,2040.32760299639,2036.9271818474117,2031.2893721764706,2033.9256435810812
394851,177,"Merced, CA",msa,CA,982.9928362590018,991.2444325370551,1002.1928247384616,1001.3972096475734,1002.5290120806671,1005.600199881128,1015.2854130832463,1018.9167197611524,1018.0618537483791,1028.7260918616305,1035.223716169644,1048.0412707427658,1049.3479790370025,1061.9403679422605,1061.8335866144932,1076.0438851448457,1084.1687873556862,1101.5933273879884,1110.589152166791,1118.1555184382255,1127.4832027058978,1132.8989770715411,1143.283671879421,1153.5269582758187,1162.84154963266,1165.2535639935177,1170.4091733660882,1182.3867202840975,1198.9393574435117,1201.9146211110838,1205.3286823703336,1210.3045415677695,1226.3387601911754,1230.6386752609349,1240.2732850029904,1251.43345700037,1271.0059017601604,1278.0807763492205,1279.0627307573384,1287.0919728364713,1289.875253255255,1293.9123562852474,1299.834954259105,1305.725314847084,1315.7485363308226,1317.053053191864,1322.374108249595,1322.468534177096,1331.5246114758884,1342.3242902206334,1358.5715096023546,1362.5194706573445,1369.4345516748108,1380.1100777063314,1390.632407542207,1400.8279816265676,1401.3326305695716,1415.6132264988212,1422.6604038539426,1432.8949132494674,1431.8757492236955,1437.263158242808,1440.0084183243912,1449.5119910333883,1443.6539713519323,1435.689926184335,1436.8746097062078,1445.6971819997443,1461.288830108169,1500.8357074327484,1530.8427316230795,1562.9076205587999,1564.0622028833768,1556.2501963850987,1570.5997571453577,1593.398202445021,1645.3939619014996,1693.3091551248788,1730.6468629333078,1764.0056136590867,1789.5858366083005,1792.98448057438,1819.9106419738448,1825.349150958053,1861.2544391002732,1885.291902874283,1892.242794842545,1897.4302952660948,1881.4834680974266,1885.4114642532597,1874.2666986186364,1867.829233413372,1872.8420364352605,1881.099090510921,1880.553055187135,1879.4257691060584,1885.9304679016695,1897.745231203182,1910.3504770958743,1927.7311746755483,1934.814866446504,1930.2378894069568,1926.8391635700257,1939.6461566258474,1945.4961197857226,1961.6995270619896,1955.0958745734072,1958.188888021105,1951.885111300752,1963.976474946394,1977.6146801907657,1991.546093115436,2007.0513921282602,2006.396300519301,2028.2311410881302,2035.2056421609936,2042.8288612317074,2044.301451931364,2062.983960150602,2078.77689074802,2092.4772876651127,2091.5341446997168,2091.692718770174,2089.2274032004775,2093.8740282020885,2112.786420743117
395197,178,"Waco, TX",msa,TX,950.5111389968498,927.3658647078663,939.1655963123778,956.3100599022488,951.4381113358141,944.9266541343584,936.4629755897934,945.3003439036561,942.9062749703796,948.243290699553,955.179388836136,956.5883698920461,960.7534697763547,952.6989237906288,964.4856174122359,963.0657256814228,981.970433206802,980.1966815916156,988.7434519351981,987.2675162966353,989.3353552350304,990.0173904856135,986.7810660701806,992.342541256727,989.3818177227897,1003.0009899687794,999.8571541226243,1007.548034763341,1000.1245125757982,1003.1133423561101,1003.0458392040066,1012.8046195786284,1022.9205825436419,1027.5855817670874,1028.6209327260422,1027.3897548625591,1037.6828710944674,1040.2262963579406,1044.1656756903278,1044.2912702069355,1049.505501203618,1045.813106010396,1044.4757017480053,1042.0532117170953,1045.2585228988714,1051.6969633572537,1059.4329201962187,1068.6347189410756,1066.44887728237,1071.4517211652665,1075.8148754329359,1080.3278918316619,1084.5243549820837,1094.8714516281875,1102.6328854372919,1107.8422773311138,1107.8218072420375,1107.8953661384164,1109.5234105265183,1109.241288220332,1113.6135348666178,1112.7516355055889,1123.4933233216373,1134.0237696173144,1143.1573526798027,1141.9583373047187,1133.7216000322426,1137.0537268939095,1146.97226992414,1166.2310653209001,1175.5502277815363,1174.3950124820828,1181.0560151536686,1183.1693158094456,1199.201875219548,1200.8704576932507,1213.3129102075256,1225.2067962053197,1247.43433339391,1268.0277019510918,1282.1148193402855,1300.2783245524015,1319.4701452306513,1337.7902297172739,1335.5939918970598,1346.9938009976674,1356.30357046052,1388.4261361902866,1402.3411697836777,1434.6767665176944,1439.3191179245498,1449.599346175822,1449.186513338954,1448.4712150727244,1448.9419168306665,1459.5169752808933,1482.868598258192,1488.0750554945412,1486.4481013715845,1475.6096712834883,1477.4679462878084,1466.2131090168677,1474.0381134368592,1477.4207048851256,1498.089181941198,1494.2070762763442,1491.9328862264147,1492.779285129016,1495.6580333665702,1511.134511539383,1518.7229626028486,1525.9928601309389,1522.6714102984158,1522.4307193172594,1522.7688312459716,1523.3408265743094,1516.6660701163173,1527.424072457595,1536.2290667870273,1537.9094931362902,1535.6485377043398,1529.3388855964984,1532.0135761757442,1534.7210696319655,1542.6533632158391,1550.5849103277676
394447,179,"Cedar Rapids, IA",msa,IA,742.5198536817683,744.8053178043097,746.2207715215935,744.2408233797634,745.1070895587859,745.5763450960742,747.9440094638708,750.0625847517936,754.3303353929253,754.948377432219,757.0579938209438,748.9750812446756,746.8879600561331,747.7828607221942,758.7046198621711,763.0297729300494,767.4530783017888,761.4664083936426,766.05729684671,764.7928185970661,769.3098564890968,764.4763398929872,763.7432686041514,771.5840891899015,772.9301243796738,775.4414123716706,767.819887884184,775.5323121330131,774.8054188505822,775.347041367231,769.9359955962566,769.0927344783763,770.134161658063,775.3811236816887,777.4478249203686,776.7150583841646,775.9990934482711,779.5154429475152,785.5117384595378,786.2618908730014,791.0273910987429,794.2444552975614,794.9235097048474,797.0403092215,797.5005599875233,799.6237465765498,801.358712832148,802.381928265882,801.131621257219,803.79565879181,804.2992882357664,803.2995959711153,803.4602825501091,806.6017684566339,812.6519009545477,816.9708114398576,820.6899602363285,823.3293223029857,827.2283697561278,832.02452651914,840.2069958113336,843.4788380198589,839.738630872695,826.1741510806792,827.4247470520753,828.8923627532009,834.824323718973,840.2476015167989,851.196672604851,855.302881376354,863.8545765526786,858.7974082510203,855.4596742071236,855.4064413048428,864.028105257418,877.9246830811904,880.2097591665664,886.0536849200435,880.9103935531499,883.3555093105547,884.7027710238352,890.4818195907754,886.5615101856395,890.8828143911134,895.1922591574396,902.3793166847117,905.2054481963927,906.2966229767809,914.7407333057674,918.4613689368987,930.8189687754453,935.7977347769067,928.7312336947912,931.1761174983593,930.7202206064594,945.1139394379386,950.7318222096923,957.8376534819462,965.3115113149338,968.742905886703,971.8080597487079,970.3464565380418,971.8449015718297,976.0509425683293,982.6938445150065,988.4843829135557,995.7960212062741,993.4036961369216,993.1315602004561,998.4656445258687,996.9362745676452,1001.0296206990813,999.7850472932098,1008.208233646941,1010.7927518240144,1013.4478786682349,1020.3227083820105,1022.3534753387149,1026.709375097302,1029.7437496714163,1035.8093207600598,1036.2014871841834,1042.6513368676256,1047.1282725526207,1055.0163667154598,1058.6905458089668
394348,180,"Atlantic City, NJ",msa,NJ,1018.4025812339983,1029.370011204036,1029.5237674200896,1033.7538608624902,1056.6533983885076,1051.9134144267634,1060.7654995106311,1051.168088460269,1062.4462744794141,1059.88857106903,1066.2346803709647,1063.0561001143385,1068.9847301721084,1073.5338302013008,1078.1345388284935,1079.9982603121475,1067.7387609598622,1071.5384542453482,1068.7002583355052,1069.113668085764,1061.2031444675924,1059.235354947306,1056.8610870855732,1067.00750323095,1075.2890589456001,1079.8329411441134,1080.5104267018173,1079.41440895718,1085.5504634140734,1091.2810245717014,1094.3787475499475,1095.7119194446425,1095.881854814992,1107.9738281771608,1115.7521969738887,1119.131398900635,1118.7284314010951,1122.4333839453975,1124.9390067552558,1132.2157134966549,1133.2985828677572,1135.942754566314,1141.0871677092305,1145.9275948427628,1159.6586045792071,1154.2456668794598,1160.4882963670523,1155.5150762849962,1164.8626644756348,1164.0753838116389,1168.7665950859212,1171.236459624959,1177.3040244492925,1179.924837741863,1182.7424988305258,1186.5407333142443,1185.0393475522962,1191.534271268253,1191.2056572077818,1199.5224760329486,1198.842967489206,1204.896485595775,1215.0719032948368,1212.9133080858523,1209.43171262384,1208.8180296284272,1232.5660950145752,1255.5535203934749,1286.4079935625052,1294.5069612772938,1299.3903308172244,1292.2398647981681,1303.460802049231,1324.4959971706878,1353.6354813098733,1389.3517308386008,1427.1149128518248,1439.1392028085681,1457.836877595195,1472.381170079233,1504.1203742741468,1525.0101381163047,1537.6527338884546,1574.824095924568,1616.3348245186755,1658.7688237869809,1664.0459285939287,1682.7988112962348,1685.0307453160965,1732.7868968188457,1740.5468976858303,1756.398669742577,1746.471172054382,1753.343708402429,1761.7757857964816,1755.6763838014067,1748.6388042359397,1754.6185153797087,1770.2309364877708,1773.0344430995042,1796.94943926256,1816.8890340862636,1832.2697433740937,1855.429850235588,1846.2273595918507,1887.3368344673108,1914.3421540913907,1928.6911487783282,1922.146190832183,1897.321758090127,1909.7163332500752,1917.5144593848456,1946.4709893802267,1943.3550748350617,1952.7319869531411,1952.5194553502715,1985.8032164411131,1973.1983753322863,1972.6130214622506,1983.2553768461612,2007.9050194144345,2038.9755044043295,2043.102502005037,2053.6989276044615,2039.0790122550072,2042.2640522875818
394412,181,"Bremerton, WA",msa,WA,1081.1973439991702,1092.402031201848,1095.2694438077338,1098.7747570561187,1090.3653776256888,1095.839686145539,1101.5891616564506,1119.3132450275666,1123.8907816324377,1138.2143933048778,1140.7040907496446,1146.090902465123,1146.405139234283,1143.0149614730879,1170.3656213408046,1182.1719519750532,1208.4071362983082,1204.6605245834187,1225.446592821412,1230.7960654374322,1243.371195707013,1240.420774691256,1247.9633112927343,1260.0250408895492,1265.0847532401997,1281.5930031701864,1274.319710854951,1284.157754677524,1289.2294121458986,1309.779050977279,1315.3742501201843,1321.2892419117945,1325.6396667810463,1336.7079873249725,1346.030961317132,1350.8872648950635,1365.7565763132177,1372.5998428498826,1382.0267015308777,1385.7411645279228,1395.6448284368548,1401.7863519407447,1398.902855132226,1399.672629519024,1408.925350113114,1425.3523835217336,1436.358643516553,1444.4467359491887,1448.9834645878439,1460.081341448499,1470.9878180577891,1481.0148159130185,1485.4273481584298,1490.989328525811,1505.78101063913,1520.499545555575,1527.6238782980345,1528.2426777387116,1531.8861100354761,1538.7369138181755,1544.6109482457225,1546.5682711269267,1557.4221023344192,1550.0402004145933,1537.4703187735029,1527.4827095281926,1529.4063096467648,1548.4121996286458,1567.065817923585,1581.4852157967343,1593.7666661753747,1609.5477644011899,1624.1024861400547,1646.713008510854,1666.9061593943482,1702.5306160913233,1733.073887984133,1766.2139412830545,1799.4272210526701,1826.1689158025658,1854.0133609328816,1868.6927760881063,1888.6625927623884,1902.842746062836,1912.1017596213183,1909.9615142466432,1914.279107844372,1920.1137216717634,1930.3995939298024,1936.8908630111055,1944.009598586483,1941.08533688302,1929.5871835621847,1919.7067018561938,1910.0531398280539,1902.1290886244267,1900.250679552246,1898.6000866795603,1898.0902766258248,1883.5253902869629,1888.6755203057949,1898.118438606083,1913.0504432821929,1913.4873935663556,1918.4306672663515,1931.8131983557082,1940.016591547025,1947.0404319627264,1942.915340400806,1957.111630173696,1973.3280224617233,2005.2868915789336,2014.1156818581653,2017.068447639507,2013.9134599345773,2027.6288298806517,2041.3899884116931,2050.220526030032,2061.689246249639,2073.7979662880807,2092.149303081205,2096.987733543062,2097.637182668798,2091.530145113374,2092.50826600772,2096.083082706767
395103,182,"Sioux Falls, SD",msa,SD,,,,,,,,,,,,,829.5715086365167,831.0388774830702,826.7770408362887,828.0023325857278,823.5475528088851,823.5336120272324,825.6866409499535,830.4239552149995,835.7651899590269,837.3131564102418,829.8893781137698,828.088990987848,829.7186917859088,841.2499368082625,849.2184673116366,852.2356672093736,852.1709007740074,856.2902409585033,861.4474131083648,860.0634771725393,859.7415919102187,857.489750795858,868.894928085737,867.2772620153497,871.4040777147608,871.1043854697296,875.6718483062931,878.0050293872893,874.2139093147533,875.1826865541938,872.3076151615722,875.539848400039,872.4181717969842,874.1027694735914,871.0009090407651,872.1778379548324,875.3297400532022,878.4438849461507,876.0149877215596,876.2688549227865,883.4944152259816,884.4289261658538,887.7094473247458,888.4228016004989,893.6556223741337,896.9509783338947,899.2409886792317,903.2559780541068,902.3478344242093,901.822255982709,905.9313081918235,911.6677013213184,914.8114662458589,917.5236398467157,917.2443994944987,916.5626393227459,919.0201777944026,922.7003742957136,929.1362599158804,930.9379092960626,941.4919913380264,946.5355894065914,951.399716588138,958.4902383387857,968.8556480648544,980.8098919801331,988.0335453855988,998.8611982922256,1009.9218197741409,1024.5564381241823,1037.940293830169,1052.4343986875613,1067.71303770688,1078.847861501802,1088.6960717167149,1098.4552105164787,1107.325758868578,1121.9798653030757,1130.5717249521783,1147.3075021535522,1149.5744601337312,1153.5915123252153,1154.4519676108382,1154.609819355353,1150.540073440572,1153.437885648706,1164.5158893095113,1170.3509571032796,1175.4336902239866,1173.4099693550345,1177.3907133483056,1176.2936213741796,1181.79086702432,1181.9935939913744,1184.3930587073414,1183.2314125926923,1183.7908255229834,1181.736275992383,1184.2411555532617,1186.063410787489,1192.1157415630084,1197.3016660502553,1199.1542947134774,1199.4870830852897,1201.201247241253,1204.5900846642453,1207.4540097217211,1212.6194310398796,1217.416360780741,1221.2793603023854,1217.309689329837,1215.8460632399563,1210.999264777715,1208.4719129061696
395065,183,"Santa Cruz, CA",msa,CA,2092.292709326257,2138.896722822287,2178.204898192643,2234.7328525238913,2191.865881579618,2176.731789273239,2207.977095790121,2256.72331711625,2273.3841423392582,2307.413596715595,2322.574361792491,2352.78003746289,2372.47627051262,2431.786423783929,2396.2631154626347,2395.428997537807,2382.764955673256,2435.9773188848885,2414.4088084260784,2404.1929268106455,2424.3066643465477,2463.705728320416,2503.8631594387825,2506.6121947612614,2530.0545513362035,2498.170121652306,2528.9729950483284,2537.544289740156,2591.1882261555133,2577.523695215405,2587.5429847868786,2588.856403893985,2612.660861201032,2617.8157271708974,2619.910327271506,2637.2580110741465,2647.7503178861457,2664.866019172663,2672.57794080274,2712.8762079286225,2705.7416795273534,2720.5167064584143,2718.6825663682616,2746.1299362472364,2749.9722098475445,2749.9328711795342,2762.3820702261355,2758.081885229525,2765.6739516142975,2767.0042670128432,2776.621779645844,2764.0042590835283,2771.2234941838597,2779.569597656219,2803.239290487136,2805.6486717914495,2809.162167629754,2820.609310037182,2824.5702505975505,2841.9420515410243,2849.423460414127,2870.4077325501003,2851.078081599057,2849.023367331528,2835.227424823225,2838.9604740856503,2827.618146394483,2817.159784957269,2836.7323873994255,2871.9177639772956,2907.5604458727803,2929.0660991855375,2916.4049519142,2925.260960365198,2940.5588826271824,3001.3957860370015,3017.5441143426283,3046.216979233935,3061.3441923191035,3135.667643464218,3186.729942131666,3221.963017179748,3221.7099032389942,3254.5053625163123,3325.8913405835915,3356.605631962129,3395.0477449174446,3372.344300457677,3405.708310098321,3414.307628091986,3454.119607187228,3482.3097355788814,3498.60001862031,3530.3262005346924,3539.8192616129377,3534.0373007056432,3493.287596827711,3494.533978799226,3517.0976673668265,3549.81252265501,3584.944571433942,3600.896589458615,3629.4162161364907,3623.614460141899,3605.873513625143,3606.057490974405,3588.3429643071886,3602.7898316460305,3599.4784944608873,3636.1546420214295,3669.2057936903943,3679.8609409012665,3680.738288118088,3705.052743090566,3699.249332021908,3710.397870893058,3739.6772814295427,3749.0119770781953,3788.997645926852,3802.4194275917857,3837.506307108885,3825.912736120579,3802.333175786203,3801.084860742025,3793.911897916065,3781.2838538999827
394572,184,"Erie, PA",msa,PA,,,,,,,,,,,,,,,,,645.4107037435982,652.3928366498001,644.6934792798609,657.8390316230366,654.2172189508991,,667.5228401745114,664.7409406351502,662.0822488355989,660.417692019028,665.1981302844812,671.0507041567668,678.7969062484144,681.6713882245257,687.1806783364796,682.230722863674,677.4099914505784,667.9407881808,671.6689780764539,675.8381002978597,676.9118057758924,673.3774815851355,675.8010795079397,686.1440824702553,688.2251044641558,688.535718602461,682.6748887185173,687.1008046539093,689.4692794792167,694.9613738438694,695.5214118009636,701.5327420953811,701.3392240808062,706.6258081978704,706.5179435381559,700.3690383200448,700.1237014990722,700.6058571348536,707.5253001053399,707.4861646803387,711.8766803369206,712.0478476228684,714.0095721195206,711.3729585704359,714.9018352237485,716.3183257074204,720.054300200306,717.891074973129,718.4704467327306,714.5024014310662,721.0957380600252,720.8114640057644,730.8910943775415,735.1854217997534,745.50093475693,737.1414071777444,737.8376336993639,731.4895938697102,740.7945693296017,744.5640643628461,756.0056259760192,767.795502912715,775.2179949767984,783.65014375925,784.9987314480904,789.6718865950535,791.378293938001,801.6745227044893,807.2435014267705,820.3536176296468,825.5760006386822,839.867429366398,842.4568329153185,848.6879303987425,854.3507007702127,860.4535491440494,871.7296177255057,877.0700814573349,875.3946414415047,887.7687648238597,894.5794727339492,922.631272506304,915.6288349253582,916.6516932842286,911.0016030126418,916.0700667928306,920.1101802647044,927.0235590460114,929.1375013903183,936.0659856065874,933.8277582941064,942.2112272378657,950.7090465207712,942.5729019905699,952.5868446611895,950.9741052927653,970.6721718358034,975.9426739361252,982.7117675208565,986.915871133878,993.5756586358422,998.9926697475439,1016.0944752364993,1015.9529372847541,1019.8517434939691,1024.58152848677,1034.5990550206002,1048.186741784795,1050.4858879660017,1058.2634032634032
394924,185,"Norwich, CT",msa,CT,1051.3926864626537,1053.211935239567,1049.5560305011081,1047.1801244817545,1033.5336899758183,1038.2815878722165,1050.5876995506017,1071.2016718562845,1073.9377118549583,1073.458008356318,1078.9563306339887,1082.2156024247633,1091.5159443621621,1088.1768346833903,1082.4746980330453,1085.2066258847292,1096.7378570263988,1100.3374276201914,1090.8390479155316,1083.1208287031836,1088.2841309839687,1096.5080722322907,1101.1195296135731,1095.0761499320563,1095.3572095489565,1091.583933066811,1104.7141322128718,1105.4549007639469,1120.493954226093,1121.456082621208,1129.1057090011254,1126.0546660082018,1132.399607373707,1125.9169275125066,1122.0501905324609,1118.5486525075873,1122.0691318914742,1130.0466417507985,1129.7866474801663,1130.4670562134231,1128.4074858985257,1129.4003533269977,1135.558154950356,1143.120142547325,1146.1198659457596,1152.4529898855342,1148.80766665269,1152.7619189633153,1150.9600001393092,1162.2168573260356,1163.9029748742219,1169.6361829135985,1169.6537512823966,1175.793151803045,1177.590493577219,1183.3648732314841,1186.492493762139,1193.2563403436218,1207.5797839870202,1218.642848798153,1229.7121120784282,1229.9069343179408,1226.5938911315825,1217.5297736144264,1223.8037775402306,1232.9782851770367,1253.4136982900368,1261.9100856675216,1274.2496729395857,1292.093951463455,1297.985737769053,1304.3506368468416,1308.419828799342,1317.2502426400704,1334.0222960208152,1344.4958702319277,1371.0583173122618,1381.2564997481336,1398.1312076691247,1412.773187195851,1435.1642213234293,1442.028489970616,1450.5897846319003,1458.281780109576,1464.5574306420547,1489.4471663916802,1500.930064048226,1523.8898741560213,1516.3673486376204,1535.3151437287959,1544.2397516063488,1569.9428159381525,1576.9269456060524,1583.7770949869607,1583.9793007961641,1594.3977227705168,1608.889382694623,1612.9049854031389,1624.6486514200099,1647.151154518401,1664.5559290871204,1673.919667354267,1675.105374287219,1698.5431684946539,1712.8880145968922,1726.7461283357463,1738.251788731765,1748.6900754660567,1762.1013560986848,1774.302204328365,1781.11399032318,1791.217915963466,1815.127276430216,1830.200093153664,1850.7449346782541,1843.7595849337774,1851.4901538340398,1861.9939723961852,1876.6901840821263,1885.2796476650772,1887.9927433189227,1890.8879958626171,1895.0939474477668,1886.4646431510782,1874.6067289216003,1866.5973214285714
394323,186,"Amarillo, TX",msa,TX,,,,,,,,,,,,,,,,972.173895055796,975.900871008314,971.6259718348073,975.3215430496454,970.8304245107711,969.7361784017921,970.2828581831886,964.6259454099173,961.4496835615704,957.4140766905562,963.1406824990465,972.5533569608824,978.8336856335981,976.4512478350474,974.8131216512058,978.1677789669163,980.2524732990832,984.9343937792395,975.4738734746113,970.4004513256895,970.3045519852805,976.8942329343248,984.2789854454762,982.2168193305256,983.3162885074754,983.9750673586758,985.4248826119996,984.9676236298695,989.6665461841294,991.0144385031115,994.7968669200259,997.0199368342813,998.6126998020485,995.9049270142754,999.8081212373751,998.9426490788995,999.2878714018022,1003.0582776977859,1007.4327679625943,1009.5171427624133,1009.8667415635165,1010.9841597448395,1016.7150651303562,1022.4643975380123,1026.4614462722554,1030.9811957278218,1028.447867206935,1028.214320025005,1025.896838012648,1028.2070176360205,1037.3573723179393,1037.9892883846508,1042.6788335440492,1044.476416801094,1054.5451469075715,1068.0023198838462,1066.742593722594,1064.409485968956,1074.9561210787106,1089.5917898929695,1100.534847275874,1107.6552691982063,1105.977863517519,1116.9276746805695,1126.2207501293603,1143.4824436673564,1153.197795812201,1154.8892499461492,1164.6346082280822,1177.211833650225,1186.6789451793225,1191.5830483383365,1200.5225405617277,1211.428357078719,1235.6940153871749,1248.2584982003482,1252.8483578501246,1243.956736381508,1247.7589227181234,1254.726707954459,1260.9352703516736,1258.3762292676104,1262.2512911079589,1267.2161173759293,1270.5757792471766,1272.9563457872305,1264.442132443222,1263.0684249849617,1263.6984077294333,1279.498614843211,1281.4384674842663,1286.060813240273,1288.1685245626318,1296.0158322377788,1292.2410039433746,1289.777482208295,1292.8931422676837,1300.794662129458,1309.6201344128729,1313.384629106283,1319.6200922771438,1318.7463871293398,1323.711292915654,1326.4790818119452,1330.131062497471,1332.92464267896,1341.616467458373,1349.5134864052225,1352.9627975021308,1352.717804472369,1354.5077519379845
394772,187,"Laredo, TX",msa,TX,,,,,,,,,,,,,,,,,,,,,,,,,863.4556669852453,866.435237754582,876.7555844105705,876.9758025941301,867.7437608566353,869.5021904066635,866.2928424945347,872.764473253846,878.9095882536484,901.7926899211657,907.1102796102954,897.1986445548964,895.1452802568523,902.3193688769985,905.214369274437,897.9657873619091,903.7720620468504,907.8822677170986,920.3960220041653,917.6351437867434,919.9777442043801,908.1624034159283,906.5782685549376,912.9475243667821,915.8887044584029,921.5732882889537,921.2212416082264,928.6313297299695,932.3469142406603,930.6100604946231,927.3544371372908,929.1956351227636,928.6570774528898,930.0293710601374,931.0114410494431,932.7375940586958,933.1829139573257,926.612783431525,934.0578356965242,934.9864811106037,937.0142560466652,936.7529878666652,937.8973785235723,946.8844630533421,951.4810575186524,956.9492951312543,944.2717767495119,942.6323659966694,945.0721550451645,949.2034478562608,952.8078511884958,952.6215173796116,962.6011738763513,973.7628890955842,993.8928284280507,1005.890359090999,1011.3032829872794,1016.3382149224324,1031.773611186165,1041.765518407474,1045.5448114983153,1066.9385379323603,1082.527455891297,1095.0840190914291,1086.3242429940037,1088.7168839081528,1088.7828147726093,1088.2128935962155,1089.6047140431115,1092.8397793850556,1102.5999760031061,1111.897132826101,1118.7677826264064,1102.2034042015255,1102.19827987902,1108.2272143663924,1127.9604991715344,1138.0136530107125,1144.8496510660761,1156.7384105364997,1161.955077092978,1169.1112208951267,1170.1976016113167,1191.254330829421,1197.296369987026,1213.5750234759157,1192.0974019223477,1189.8531442076162,1190.853127120951,1202.4161145570374,1205.164069799692,1206.3494641750065,1213.6396700991465,1218.7479299524932,1223.5747692179364,1214.0015157007022,1218.8264891090985,1223.8675143947764,1250.7277668630823,1261.1500410186113,1266.3764886039526,1266.1986531986533
395171,188,"Tuscaloosa, AL",msa,AL,,,,,,,,,,,,,,,,,954.5452611134418,985.4061990874244,977.3149536400222,977.4986820585978,1005.3489663379502,1002.69783226608,985.7512796892474,942.4582777889424,960.9162234287846,978.6772226842788,986.2529047018177,988.3194415224609,992.4162871421465,992.4677499217768,1028.2824962283535,1047.099020736179,1075.9822796280223,1046.4044674615739,1031.3906246757774,1009.2681123701258,1011.5698420799602,1014.2418425549863,1012.7523281588724,1023.7988346259621,1027.182813265526,1042.0952315989048,1035.36614216504,1043.0104857814056,1045.655994321794,1055.6312632753084,1064.7195041173816,1059.026117272217,1061.999709692584,1065.5467949618167,1075.4902884063076,1075.252974596455,1078.6552601371209,1073.4840565307927,1073.9400110459421,1070.6002587213425,1063.1231913989157,1080.6463435482535,1095.4309822999992,1128.263323409966,1134.9583034888271,1141.8169433583694,1112.9313967062574,1115.3473494762545,1115.0859505780022,1118.146365826892,1121.0850861637327,1115.6448497618806,1123.8396168445454,1122.1165343936732,1136.585544873031,1145.5506146137575,1152.9611944921626,1153.7402252980344,1147.5087879418375,1149.432517848495,1153.5396462647936,1169.0540975266583,1180.3506506724739,1198.6115524505724,1204.4597184669426,1215.6689395082974,1226.0284764112914,1233.7880837108132,1243.2245253305434,1247.4616751865387,1272.4033007368043,1284.0132151638102,1294.6966308587114,1285.0215277070752,1289.977877023787,1298.7673288037545,1311.8988222520702,1310.3216237916808,1317.7490531352973,1315.9232201431498,1331.560519484534,1353.9842909070992,1364.1174540949783,1375.8299961220516,1373.3769548860087,1387.429472797053,1386.3007381563232,1397.6263314117632,1396.6060948194224,1409.7007420564535,1406.0631442258534,1411.9239978860799,1422.7898742664675,1422.9248836434604,1437.6663890205048,1437.6146312974734,1447.5808904513726,1458.3998587387034,1474.2166478827985,1476.507247203747,1488.4791492681964,1495.8157833539462,1511.0882965085102,1524.4298716056664,1524.012537382856,1530.0877979326494,1526.4022098058674,1536.469038039503,1545.8111843509296,1549.8696581196582
394483,189,"College Station, TX",msa,TX,997.8094148501747,1000.532019088745,1008.1246813363014,1020.7291721919852,1023.3899574865562,1029.5093565891875,1033.5926092340935,1050.5650693534337,1048.5265222051582,1051.5880027402327,1050.1280084630043,1062.6451328104772,1068.427692327209,1065.7110284345235,1061.7465353561333,1059.0365440120972,1061.7590604381387,1071.1873746962417,1079.39717287658,1093.730703383121,1083.1174733787225,1075.4097943963043,1064.7548685091058,1077.533920219071,1089.7819519338452,1096.6119523750353,1097.9533352651786,1098.4448130853273,1103.6337636964574,1104.7058738177507,1099.1279612497272,1085.5006402394001,1089.368070644401,1096.6254528737247,1107.6562765471501,1101.903694790552,1099.311755376336,1100.460392615777,1104.3777109341322,1108.2305091231149,1106.6892318057478,1100.507762370502,1099.730850757901,1092.9518318280302,1098.5820540900295,1104.9152060925712,1103.8924959936246,1108.7080556190583,1105.1649539267385,1116.718808407657,1118.8487805001091,1120.8591745569631,1123.7367465192315,1130.4518863409414,1136.2504901399705,1148.7423797601157,1148.3554536343493,1144.848349909076,1145.7436361324164,1144.8383621202938,1148.9863944491715,1140.7682033420235,1154.5745338929191,1156.4452825397357,1160.481518942986,1157.4823038967372,1154.4252984385214,1156.5537018238806,1165.0668808193134,1175.7542197054606,1182.7094203352244,1186.6815301893391,1193.666571559273,1198.0929777093154,1198.2726500656775,1199.1700038087197,1200.3143362033777,1215.557423724145,1232.7171610866985,1252.1789553036697,1256.136288425453,1266.4498454381662,1268.13711506295,1277.6144982017886,1276.9847993121975,1283.1518783066786,1297.6240726815201,1312.5885167426966,1325.0079149506453,1334.7675304969875,1347.0139464678734,1351.5831529258153,1359.293450057367,1362.3552035376624,1372.2932769307783,1378.9173675271538,1384.1339592022537,1393.8796152355696,1402.996502429384,1414.325530330683,1424.3611522767644,1427.8219563822497,1426.2362833664574,1428.52425077002,1427.2670600321392,1430.089059994194,1436.1402440743768,1450.6694100520479,1460.875758699149,1467.570431512077,1468.7669010790314,1474.375054880182,1482.3575105948241,1481.2482086376033,1489.5046683195287,1497.8092801618395,1510.2810133039798,1520.1273750147186,1525.5965737548813,1523.9221400878698,1528.345880955637,1531.4324130202262,1537.304486618706,1538.3201189458862,1538.526240368379,1548.9367669367668
394732,190,"Kalamazoo, MI",msa,MI,777.6700048458246,783.9916848314003,783.0982159141513,782.2112263565859,775.2067098859803,768.9558343334747,773.580051607519,781.9847935985035,790.8092644185033,793.7243373453045,795.2032372286593,789.6750888655641,792.5040821586811,797.1555020945135,803.2730465789903,805.4981661439235,809.5822106006954,819.6449895924785,824.8082419682048,829.2467219699746,830.8524060721475,828.3314549363272,820.7250439197196,824.9979250512621,830.8479244284918,839.2448427473744,843.4902854837597,848.2950564066061,854.3715355607658,857.1192185239413,858.9770951526287,855.536059906488,853.7118543010387,853.2321087125961,864.973269491253,870.2451201188276,879.472079046174,878.242658225111,878.2248077816016,887.4310523333893,895.652735727606,900.8334357964344,901.9720677267559,904.2857573106942,908.3114129762124,917.1437439131771,925.3883647829031,922.3652403929335,924.9911738816676,929.651410953392,935.5579488735785,935.0996278516764,934.8085729915231,937.4824131447832,944.6380772825339,953.7447057805826,961.427774561223,965.6780134079814,965.2850588321123,974.8916416944348,977.6733912213645,983.8720998730859,973.2786489905372,970.7267622835625,973.4303204123046,978.9694662294129,981.7475633992401,982.3772032502247,983.7712626969757,992.1485444352849,997.4202229929869,1009.2006522887028,1011.5107698821399,1020.7468289434158,1026.1559813065996,1038.575752337273,1045.4564989417036,1049.1540908266863,1062.247805549895,1082.168320256801,1093.28025330143,1097.3613806889396,1097.9539756766324,1107.2835520957747,1119.102828492789,1126.2166475229012,1136.9286242742953,1145.9315030351152,1158.9481118930094,1170.0203207247164,1175.7115521145793,1176.4632073420005,1186.9032109299312,1184.1958726576534,1193.5762885195254,1183.6085572697054,1188.7206475758012,1186.3446539547015,1194.3113114795947,1200.7771814082942,1204.0241121035754,1208.8671303481515,1210.6579628472784,1210.175856289803,1203.5257814073593,1205.5688149031716,1210.8333828538414,1222.4850051886474,1228.720276097957,1232.201837310803,1241.6042601688343,1243.498945930098,1248.8968344256746,1251.9062968550884,1258.4911630851159,1267.652368719447,1278.5380053329004,1290.2072483470338,1293.7624437436407,1299.521644456593,1301.4503368538872,1309.9740015079935,1307.6330689874126,1312.1461649162393,1314.7432063772426,1318.7330718954247
394811,191,"Lynchburg, VA",msa,VA,800.9827248087701,801.8208884657644,802.5997109592244,803.6336003097132,805.6044100585501,806.7011358040933,813.8530212503736,814.8943244650525,820.1675364943826,820.6982406813099,828.7294060283243,829.6716864489493,837.2404577489303,838.9936647030304,838.8361897649864,830.7277276554834,828.6851253416523,836.2690006487925,841.0314406983209,845.205914710738,845.9737792093547,851.9644489851238,850.9655859609167,853.6370874431982,848.5495227141367,849.4622441505718,851.8567277437,858.9125717117441,865.1559261482247,864.2431847319597,867.6698233738161,869.1155246297689,873.1031371528419,873.5527714130791,880.2167212008195,880.6042277276944,881.0341052845603,877.1026127576573,880.3071302265624,885.0015514182018,890.5087781220341,892.1429577297129,890.6575431423805,890.2245098203197,889.1256058306245,893.7018118032648,893.933530992035,899.488027928344,903.7861281747115,913.2118437653666,915.7903807206548,916.4032651464576,915.6176931088004,919.3345826455904,923.858919648268,928.9872425587464,934.136280616404,935.6717922499691,938.8183573605777,940.2674440375455,944.1214989410272,945.0068019270137,948.2395404258338,952.3488458091703,959.855144945715,961.1563706923848,967.7464831182776,972.2481162280569,989.8356304670274,995.0546644158729,997.8157765602964,991.8313974324798,996.9881212378618,1007.7636787573014,1019.1123320353527,1025.8732416391988,1028.977909777881,1042.502321506319,1061.7767774174429,1067.119831128514,1082.555056118144,1098.0737802215206,1132.088430788616,1140.6207196808552,1151.1591389583023,1157.6267352769173,1177.7029550082584,1188.234265061611,1211.0160283234839,1216.5798307721843,1222.5097199886804,1248.9571826015938,1258.7331226156723,1275.427833882321,1264.078139517815,1290.1324157842266,1292.6477455815125,1280.9787777553806,1270.5166822537699,1284.6581073990803,1299.934905349777,1307.5156047500593,1308.9614363766727,1303.374489203942,1305.3718264330405,1307.240420708969,1307.7059004568196,1304.8298730923834,1314.8463763880177,1332.934548666607,1347.5978316672556,1335.9023078164723,1335.9519944295596,1334.3305898705091,1340.555742120462,1345.0093949764728,1349.2108818245842,1350.405268307828,1362.1929302615838,1364.0127907401568,1366.2949237851194,1369.661551010356,1372.0349364761555,1384.540354201372,1385.0772620855191,1394.1142857142859
394455,192,"Charleston, WV",msa,WV,,,,,,,,,,,,,,,,,,,,,,,,808.059128279469,814.1446594461481,803.8075768773894,807.6263443488574,802.6485572259081,818.0188136840829,816.9737406962581,821.0089361659079,819.6520891912327,824.977487417625,826.7809376639906,820.3188040694289,817.5651950028962,,824.8692788564366,827.131801701372,835.8276911571253,831.907865688589,837.1780187102133,833.846016247984,841.0506870655562,835.0791887673546,836.7862583942798,842.760547072627,849.8775800672754,851.9866190859376,847.4179333056097,844.7210504787458,843.1384713393553,842.0334650792101,842.5620567391264,845.7045613202437,847.1387674590145,855.1803471886623,858.1160700711705,858.8585301356504,858.7480578911473,862.9079955209024,867.7374818292042,870.4620509470969,870.3266866833882,878.1201525031759,873.0496588113799,871.7328419082523,868.88022293061,874.3986832660192,879.8915270147538,891.9654531993058,893.0511946289467,893.7229572191297,894.3168116182791,897.7401933209256,896.8328864877807,887.9433594436545,899.3199178002883,909.9537015373153,925.1051549333529,911.0455241701442,910.3013620956243,910.0490072570678,928.2224145253165,936.9681853611039,940.0533215658066,935.2290056014167,941.31513472031,954.2015096040823,961.5553129281135,962.4098521863406,954.9724822343974,965.8104293948414,972.1590098610238,979.4437635651967,971.4229013694813,969.9943021760581,982.4564610852266,992.9559669960796,1003.4405521354352,999.8502345938275,1001.4787471855776,998.3732300471962,1009.73443664313,1022.6139971996389,1032.049329112783,1031.9989483821216,1033.6212640431127,1037.197768131767,1032.713585361892,1057.2488502618455,1067.5322069511274,1080.373734405864,1063.6203330899543,1075.548804857432,1079.2957719672497,1078.879807455525,1080.9605004054179,1089.9768719194244,1102.0535848119184,1111.7298808953374,1122.1246235604071,1112.0930508808453,1111.8423575644792,1116.0358519262354,1141.4807692307693
395240,193,"Yakima, WA",msa,WA,,,,,,,,,,,,,,,,,,,,,,,,,,,,,,,,,,,,,,,,,,,,,,,,,,,,,,,,,,,,,,,,,,,,,,,,,,,,,,,,,,,,,1205.665986654025,1245.028674134106,1269.9308564785717,1287.990483486146,1257.4539020500872,1248.7410286711297,1262.2030234914641,1289.7705608881295,1297.2370962153072,1292.206955380601,1285.3265444988967,1301.1857238361379,1320.2375303492295,1315.3564837384583,1306.7258272696272,1292.8899932459024,1320.2349157278782,1334.8437954827325,1345.3976537499916,1341.4834847079087,1352.9613885068975,1355.3630918689162,1372.5885922082248,1358.418967532945,1372.7759036090542,1375.0887357077418,1392.1241421400073,1403.9747606056783,1408.8518301414165,1411.6254950897353,1408.4089285836008,1409.303643318205,1409.253662697596,1418.6511980977054,1421.6597788794224,1436.9793067500807,1432.9232349888032,1437.122618820896,1434.3798117750398,1439.037446473543,1437.5286080750318,1439.233193277311
394585,194,"Fargo, ND",msa,ND,,,,,,,,,,,,,,,,,911.7357387728971,903.7417283894561,902.2906536295343,893.2223109949131,891.602850635349,891.0203428554041,892.0875141172713,893.6002734318463,893.9287979311748,902.5346366990047,900.5990295778313,903.4700445601704,894.8175872073141,896.5722113943034,890.2263339281819,897.4466414072623,899.9254601435063,916.1735802716007,915.2326263635351,910.259491850802,901.6043523188619,900.3034190674251,902.7280948710354,900.4363023743041,908.3099333333093,909.4823781487225,910.8555015941444,908.0432164699274,910.5901645261866,911.4120026828424,908.3810820661154,906.3509087016457,909.5840606849055,916.8951205026656,915.893582465703,917.9105204545672,917.797267172417,920.4016618643342,925.8248134695788,929.5271821096024,930.6904473805254,926.8910691796908,933.8408119234444,942.5117214284204,949.4935327574947,949.162230165887,939.7862043261425,941.5997661323004,942.8421207889435,944.2059282637538,948.1472633200688,950.2521830498748,955.5247488748669,959.7755462155595,954.2846390082844,951.0881081808227,956.649212075314,965.4921019270668,970.3626035975761,968.9552865033254,974.0660743249314,982.5848189617889,984.9445851784012,988.4516402004851,990.2254924285995,1004.4515744221833,1017.7885702281461,1017.0315932792109,1013.9450145741982,1012.8395827634869,1028.2114607484816,1041.1479925294775,1050.4523610740519,1050.9401073063686,1051.6099892169034,1055.0184479262407,1058.6814409157632,1058.7213215890918,1062.1886728907639,1074.3109025383046,1087.9907249446483,1098.2703766911197,1094.7857681349894,1093.971851041358,1091.5127445711114,1098.5976946536398,1106.3818764600637,1116.9485875039404,1122.5808598966207,1122.0097073156394,1127.4001264667702,1133.70762620157,1151.8240097394666,1149.7121421707593,1156.0171462520418,1155.1791359091628,1166.1590145783584,1170.8319316005911,1176.1163444331291,1177.3993511808405,1182.5621005111805,1191.5465527337399,1194.4668233647733,1195.0996113747783,1185.7088294436674,1193.2213081023556,1197.4223147668101,1206.3321012347333,1207.187459279613,1209.5324394776344
394387,195,"Binghamton, NY",msa,NY,,,,,,,,,,,,,,,,,,,,,,,,,,,,,,,,,,,,,736.5251362229236,744.5000681929392,759.7413330977689,741.3800746596295,749.4899444271665,753.9570739248696,776.1620529748513,779.7491828814798,775.3756349932298,777.6195137052993,783.197704298687,789.9673732524979,780.0445276362028,785.8442237465313,781.7305037496893,806.765779936376,813.2270361297118,822.8408002630352,811.5594876760302,815.611573264226,818.2997461741545,822.6909113202704,826.608413300657,837.4095141982925,851.7415757922942,853.6573477597111,857.5739329140057,849.1147448517072,840.6770002987707,835.1073676530916,849.775242148511,865.532426101524,882.0158680184487,893.39817909753,919.5967686931742,920.6872033705596,921.6978225064919,913.6749190101441,929.335335318809,932.7879624680585,949.9558881955891,959.2101524529419,970.5599832368066,978.761014055244,997.6216832389753,1009.0323732203659,997.7499643874864,987.432778578959,998.0121867963371,1026.440504584318,1040.7396394784173,1074.0116145802842,1088.0932318676355,1109.1053472050914,1089.3927194140595,1095.8637989800234,1088.8926090156133,1115.8398391235417,1125.4931228346213,1146.2201230220162,1166.3437917663496,1188.3392077498204,1182.26095610343,1165.9467119243352,1144.5249668495196,1153.4702519792522,1183.7320760608332,1213.4548904272835,1235.410206840255,1229.3579013969313,1248.791574210173,1251.7591000786251,1263.4878952811405,1240.61730409043,1259.8158999377022,1294.0993917444214,1327.6545242285856,1324.9129928960112,1331.6206290014647,1325.2516799378677,1330.226068971925,1340.6175086839405,1345.0839920543278,1357.4656286379486,1357.6622429914614,1379.9406618986577,1385.2313670511671,1378.5482092171603,1379.6313461627597,1390.7761437908496
394609,196,"Fort Smith, AR",msa,AR,,,,,653.5938218238501,651.6842553996985,660.9705490814636,659.8562467436847,667.901299943895,659.5726059065433,659.8917536372961,654.905164889429,659.1605688637984,664.97597415875,670.2835849506477,675.0528966908712,672.7696080493878,673.063863269316,673.4382419488317,674.8039669144082,669.720900634118,666.9321958741448,667.3365558285278,677.9880281744751,681.663914985422,685.7148406963313,678.9844831198736,676.097591746812,677.1742885871157,681.2028929600867,681.6746981520921,681.9493635649658,684.5056753794289,689.5176758916897,690.6288137518334,690.097254172939,689.4527411693731,685.2903527702749,684.4032487429164,685.1057963378124,693.9352454719335,697.1844601892794,697.907026042504,693.4475420069623,696.6555377510313,700.7669857657007,705.5463580751027,703.4341198511305,703.4190257924294,702.1867481256777,707.834722909609,710.7092281517946,706.9578568630056,705.851482272025,708.2797955186193,715.1932130554819,716.4538330353687,716.1396171783709,716.5541763020085,721.4034648357753,726.1822873933986,733.8424012125902,730.7178227086791,732.3551113024046,734.3702514399675,737.2303059465726,740.6238857912643,745.6472790920202,750.1713269336486,760.2269899062246,768.5920526018845,770.2750812300245,771.934982687262,771.8441571500678,784.0433427278878,791.3186777772712,801.2179342505676,810.5013789338117,821.9557894242485,836.300759122643,842.9706416213343,848.4349826156259,849.394914992965,859.3862262858536,873.1638895201207,887.5377818073289,890.0083817856546,894.7885941452444,896.3861474907472,902.8929177788578,910.0864766228083,907.8856872640097,915.6113556960031,916.0181554323452,931.7573909328289,946.2256858189565,956.8981529629405,962.1309387804287,955.1222173880922,957.7860728690029,961.1715350155997,963.4642923378707,962.7668994947344,968.1441390528502,972.1226137606243,980.2125027557965,976.9874307204768,978.0741747566807,975.0749297050162,978.6902798964444,990.042637641024,996.6963796900372,1003.4140873968814,1008.2545994192204,1014.3026068106941,1019.2230930560348,1021.3759668088505,1023.7829908929232,1027.91285279955,1027.3615599122504,1030.8415745612729,1031.4321641569888,1033.6950518195363,1033.9891924074257,1033.9048201728185,1034.1544035674472
394334,197,"Appleton, WI",msa,WI,,,,,,,,,,,,,,,,,,,,,,,,,,,,,,,,,,,,,,,,,,,,,,,,,,,,,,,,,,,,,,,,,,,,,,,,,,,,,,,,,,,,,1106.133991749191,1114.6211219434906,1141.7105111025867,1155.8001139938365,1158.9447151006807,1156.5891386579065,1166.4940248001658,1171.4020389313926,1186.8185162656564,1188.6390782310393,1208.0787483670945,1210.0804018623528,1209.0511579559397,1205.0292787553403,1218.1638354152433,1233.647103254156,1239.1236993860987,1239.416027481664,1251.7394037324275,1266.7917176100225,1275.965627042087,1272.1089551754728,1272.3267205615336,1276.792736888311,1286.1984313692965,1295.1709624501743,1293.282231163213,1299.7788537183483,1301.079003202214,1314.8918065646046,1315.916934024957,1319.9114595538663,1323.4002859232342,1338.4242393645013,1343.4925873416212,1354.5302734671873,1363.9176440509939,1374.4937433266527,1382.049633943995,1384.4528882157815,1398.0191470529253,1405.8306878306878
845160,198,"Prescott Valley, AZ",msa,AZ,974.0232463954549,979.4091302374527,982.3673432249742,985.7228190661895,987.6666251032569,997.613336661998,1008.8079637809036,1022.9510564823926,1023.880279429799,1032.743867049093,1026.3714325161732,1029.9742392275932,1034.7361128209193,1042.6571664952485,1051.1601477717534,1055.799177254435,1061.9458543216642,1067.6130794513185,1065.9716860418655,1073.523931807175,1076.451337634231,1086.5828233897025,1093.6237272596882,1104.2122570258073,1112.9527772740742,1112.015035251825,1110.4674340849751,1117.595858831732,1129.2375711797679,1136.7103528440598,1143.5191446125336,1148.5905870660397,1158.6589216024406,1160.5889129802174,1174.7475418716447,1180.4508443015905,1187.0279894026385,1193.6505538295412,1202.842619083614,1206.7446915362927,1207.8362646220032,1211.3231567047364,1226.9809874021496,1235.1864496686273,1244.2427963934795,1249.1492489851253,1244.361190590709,1246.4128730184798,1248.5046384730529,1264.4146260232512,1271.9048503859788,1280.0137932884834,1287.712698272525,1295.6381274854662,1295.894363520515,1300.9405391654368,1304.3623168973497,1313.621716264792,1325.546025140402,1335.5825002965653,1345.6228435375062,1346.6910186763512,1351.059076985073,1337.5478548647548,1335.8709388866075,1340.0051820702724,1359.1908827720517,1372.7528034243103,1382.3528670415496,1395.9437000327189,1420.485933121275,1433.8346205444982,1449.22021916814,1475.495538309707,1508.4731469893677,1539.5634599235793,1551.348305381683,1570.6960336770958,1598.1156874708686,1622.25238178584,1657.9420548589621,1685.180693035469,1710.4145854801843,1723.3214889468243,1733.0928435387025,1729.6624444100128,1739.4714022019937,1768.2093766263288,1806.7806543878737,1827.4716180809885,1816.9740033562969,1816.8829229805763,1807.508937105137,1805.5466349102774,1801.6898940329302,1807.547539124936,1814.5067822879398,1819.51686335161,1817.7712254917583,1822.1772893259397,1822.0952886022533,1824.449635215322,1831.1053053499688,1835.154705979912,1832.733606182296,1837.5429815724551,1841.7636792339665,1852.871203425838,1847.7534263425152,1861.2195944742782,1873.026654801802,1875.1688240062958,1872.3723693396428,1858.1341747023237,1866.561402995331,1872.6922612183796,1885.5780308251829,1890.9477624395797,1897.5595136169043,1896.785208009215,1908.2996324700375,1908.6877253661405,1910.929383513751,1913.9625476264955,1922.0465595418166,1941.6194022950242
395161,199,"Topeka, KS",msa,KS,717.8722615930742,714.0672495616128,713.4271212212848,720.3375415565436,722.4884365251614,727.4586726710146,726.3771462918804,720.7514651742429,721.725801037246,722.2420195571988,730.6120325475845,730.2492787849147,732.5532972420414,733.5160791603398,736.3129093128447,740.5114670939641,741.7913785836174,746.1118144860743,744.9281104575766,752.2781922321051,753.9131218560168,759.2983388385738,752.5715047026281,748.0299374625615,740.2204217642363,742.898011237724,745.8084583871575,748.3698775983229,749.3341770395364,749.9882336892551,755.9847543064747,758.3752881820274,756.497342440164,753.2301564875884,754.6687146294263,765.6034207914436,773.4428944481339,771.1578166408797,765.2173073585003,763.0480260930462,764.9102086136952,768.6019915192909,772.5643845319628,775.411834983928,773.2320022998174,777.0864522166771,782.0495144749161,791.0043951968873,792.7380100952942,792.3743674190782,800.5076122354116,805.4600362314048,808.8984522233604,810.466857055892,810.6636621739548,812.0599938722236,820.6319882242532,824.5494686892412,827.5937308117261,822.5044179963395,825.3730717416712,832.7750138534082,837.6185056781669,834.2927881384546,830.0575275044517,822.2719978526219,827.9312265976083,831.1143065542591,829.7472483722776,834.500936112785,836.5234693545468,856.0105205749542,856.8749387382287,858.5465818013508,855.7855229450372,867.4650060719591,882.0076419024695,895.3018814514514,902.0471100886379,914.899166890383,921.9505126961428,929.0753283850574,934.2575272212811,944.3098684618618,951.9741189649676,969.4784829762257,982.5458468479379,993.9130596072832,985.0582417932643,989.24654959237,995.2821907445954,1008.980803899102,1012.2602349582609,1020.301979974608,1025.4358384494285,1031.6010873813368,1040.9525842551616,1039.8901772920394,1047.0012808422566,1048.8750875846013,1066.1496384368315,1073.873197998538,1075.6939647449556,1068.9773916871357,1072.3054067238738,1074.8031808059843,1092.3968743928551,1090.3731305695053,1093.897478955109,1094.549362258906,1098.4491620038925,1104.1616526450596,1106.9264636260723,1120.3899258696015,1130.0395664004443,1140.8405768177176,1150.5915543955534,1157.9475096460828,1155.0066769454422,1165.2215767662356,1170.5520652106122,1181.188832630762,1185.9780175080907,1191.7071429128634,1195.8736957896328,1193.1929403040415
394813,200,"Macon, GA",msa,GA,,,,,,,,,,,,,,,,,736.861614015022,737.0929865492155,735.0370433344082,736.19375777488,728.4156639166295,722.6344356041084,722.1248894807708,737.5369375331045,748.3652312964605,740.3727649791366,735.6566728086266,732.5541683237004,743.7305732915535,746.7164510733395,746.4965826953976,745.2946038518915,752.8594887934183,758.3823019182993,773.8912169548796,767.4771865390123,774.7637572748872,774.8216663911329,774.0139724254885,774.0528179505615,768.5917949896174,772.2911766169982,775.8026004154818,784.7942481150042,801.6543136012319,814.2357808724236,815.1559520382083,813.3177084172514,810.3667367623307,808.608944153339,815.9119234827995,820.844778744525,829.6142060710023,832.572731368002,837.9337419295687,838.2507911583424,829.7953443256075,825.7343602900831,824.9497824770905,833.8859923683992,838.2203344951557,848.3496948762951,856.9987973862724,863.5370771621211,855.0535020761777,855.1297459559194,864.6024655826982,887.7644639113371,904.7055878282565,910.7186182790508,917.6908430372587,923.534845383661,941.9443124496718,949.7437602243732,954.7920500627639,964.2048570205025,987.915244025241,1017.7356856014977,1033.355849763397,1045.6753969186743,1068.2380602584174,1082.2698299374576,1083.7598428533008,1074.4431293643022,1078.7801682154925,1092.8099811751204,1101.3388308552524,1108.36992585309,1117.005414988353,1120.560984469132,1126.4022266309862,1115.2293224647171,1110.1722676371971,1113.2893387197482,1129.945132541401,1148.4704175563188,1151.7859268877792,1158.1569503988933,1170.2476854498375,1188.6628236313,1193.5551457720762,1183.6150516806185,1179.2147722776815,1182.4379787397734,1188.9581130868053,1201.371818361458,1201.4710661353588,1210.1061925564884,1208.9675086138195,1216.398632189882,1203.3340250984058,1204.5874789147376,1209.470816698009,1231.2875813029918,1242.1540662095488,1255.1282157911182,1259.3251393394517,1255.9996089908352,1257.1423240891945,1252.3056442291208,1258.6597240878202,1254.2984721530295,1263.3774217154196,1257.5186097682094,1253.5593922195305,1243.4017094017095
395174,201,"Tyler, TX",msa,TX,,,,,,,,,,,,,,,,,1027.1385083739024,1027.1201417061245,1036.423794570509,1042.4301196186277,1041.227398033267,1045.4606463159291,1045.0012029049788,1040.874818665183,1037.4973080503034,1041.0976129682758,1052.8807228204032,1060.3644451612452,1062.362407209325,1066.1736157295654,1063.9713286127335,1065.9291577815857,1065.1686518657862,1066.873712426162,1065.3792054716448,1066.3030260078528,1069.1365069325477,1069.9120462883843,1069.2106210580523,1073.2716189730259,1076.7204760135548,1079.1236682323834,1078.561890514415,1080.342262954986,1083.8987113659143,1085.816587200952,1088.4939122457824,1095.1832268691496,1097.3196454888403,1098.9464072961987,1100.206671745102,1100.8446089632164,1102.8521793286354,1104.618744738968,1109.7000440584723,1111.9145209702006,1115.419687452236,1118.1315777355333,1122.6509651326676,1123.633012783737,1127.245978517005,1131.203819413285,1133.6757346126394,1132.2933396921292,1125.8491300421394,1121.520669313853,1115.7904055266874,1119.4380095499962,1123.181609737525,1131.3015920662417,1134.3485215293365,1142.3908861230136,1154.8798760714867,1155.9153102636594,1171.2638380228573,1190.3619576427757,1219.8540601590366,1242.5110470747609,1265.5504912637537,1272.3166524650744,1279.2075648156629,1299.8769811190364,1324.9069418713084,1347.0717802562292,1345.0603920040185,1352.600874889233,1355.9047355448365,1356.3283846546603,1357.427047433244,1361.1931975623193,1375.2631959419587,1393.8141321251271,1411.9167839232603,1414.0134663975555,1419.6428144042584,1418.646614864717,1431.5269857353005,1436.3646092112842,1435.3376692536958,1435.6928844457007,1429.953780950327,1436.1387180738905,1435.9515952975185,1439.5947930488878,1427.2025272756564,1413.802631721086,1401.1057065385023,1407.1388099122537,1417.6808504567332,1433.6128869917886,1440.7006216030863,1442.3392396706745,1444.344234763281,1441.597287007299,1440.922596886031,1438.0941238018645,1447.3771131500073,1462.0913923497785,1473.985971877099,1474.8466132719832,1470.2519410727405,1463.697630561586,1467.147749252207,1474.5543145471086,1484.218203067213,1491.6637037037037
394361,202,"Barnstable Town, MA",msa,MA,,,,,,,,,,,,,,,,,,,,,,,,,,,,,,,,,,,,,,,,,,,,,,,,,,,1665.2796685660214,1663.5135637997244,1631.26202356223,1607.6262872132602,1669.5447347986067,1726.9155519482827,1745.8176072295385,1767.9092986052017,1765.5006230092317,1854.879664511358,1893.7371076442646,1976.832684796903,1859.7383445702364,1886.0787376598985,1879.1909346908187,1885.153147578439,1875.7591898087474,1921.6066397649781,1980.5284318748331,1988.7809799504798,2001.6011440934249,1993.7928884401254,2000.719319184645,,1995.1139666916956,2037.2033489178643,2082.2621563093735,2153.7387910706398,2174.1056549268674,2170.288416698714,2180.0263238361226,2210.0577261803705,2260.259390104614,2246.4435185848934,2254.6426573703166,2254.800159139051,2365.8660159959427,2389.436659232681,2392.05465167374,2361.3445841909515,2412.701513888719,2452.9151807530407,2475.3219953843527,2456.62239347549,2453.73135645619,2483.1587882046897,2540.38807521407,2551.2690394387005,2513.0590425274277,2506.6878750277147,2574.0769733754537,2612.18454392465,2603.7366638363046,2592.5575168845025,2617.993830193236,2623.1910513834746,2644.0756173993977,2679.734009661427,2714.7459600580723,2718.9090455223345,2727.3517028521037,2710.065421822255,2722.4145804370282,2722.4093878433005,2734.976738842995,2759.0778710557242,2758.9328227543688,2792.3263828331733,2798.898925551709,2792.842257658052,2765.794468816995,2788.3376208174723,2805.17180341443,2845.147620387565,2827.545478148605,2841.4280303030305
394519,203,"Daphne, AL",msa,AL,1072.825773056524,1061.8310011337367,1046.6176530491964,1053.9524288054906,1066.297151784542,1080.4051168107133,1071.4626047428042,1075.5059716775493,1077.4520758636186,1077.9763773178854,1081.2927006422608,1076.4311676142456,1091.5251342119172,1090.9834449192808,1094.5443607138786,1092.8211132606723,1096.1982172711416,1100.674819626271,1103.1701840204175,1110.5447656446051,1109.693317029979,1119.6851244456918,1116.1179551428932,1119.565322837003,1117.24667731755,1130.9827010795937,1135.272924264543,1138.7690353538355,1133.0139715238424,1138.8985178885493,1146.090110879014,1157.2989286932002,1158.2198169203086,1151.9231089622479,1142.9119688190005,1147.2643384664943,1148.4398299174145,1153.1831669272199,1153.2436537914823,1158.6535252529152,1163.9750998241605,1161.444386759711,1165.7273524984876,1165.2492415942386,1176.1813432389295,1186.1491362115178,1197.9491072634476,1195.4921900471568,1200.1830309394009,1197.560861146803,1203.181908327312,1205.6121940498892,1211.7865564075746,1218.312365896552,1220.275350689435,1222.8398088399772,1223.5373367832665,1226.459290397952,1232.360284152786,1241.75422007277,1248.0670493847638,1255.4580523750437,1259.1246093861196,1256.6450431714682,1261.4476020035218,1262.9611391856342,1261.5949876886311,1260.6485592397726,1259.3398369847641,1283.0342170071876,1299.5094887988082,1320.5094218976108,1324.6118660747702,1341.198948086465,1362.483901866741,1399.2631034546937,1412.3047649250598,1438.3306719749469,1476.5823852438903,1530.113770338201,1577.8924328872936,1595.8121018483266,1591.8269508178375,1596.464698901666,1598.046203443048,1618.3043715825459,1611.712786450873,1609.8478655770302,1620.9284889546575,1629.9608196211632,1645.2245644743425,1639.998785832592,1636.6654581459907,1627.3604758378535,1650.2823246574783,1667.3155135051984,1683.1995775331372,1682.4226490172014,1690.0511647230276,1691.2611923337258,1689.3044272182033,1689.6661071001677,1683.8845362954344,1677.4393472138404,1671.8820823019005,1674.9176796257402,1667.8393292414555,1671.0165038670045,1676.3269950684758,1681.431948049473,1682.5345811855332,1684.706794920427,1696.5733966726443,1700.7125901045345,1701.8311107648879,1709.1875276945436,1715.5800125375463,1722.9171235969493,1726.1503371837164,1721.7156170261153,1716.5223155561202,1714.381012997801,1715.5792351437408,1716.6435207009738,1708.9777117508522,1705.1443011166732
394378,205,"Bellingham, WA",msa,WA,973.7798495284867,975.8781767551346,985.8522829763878,995.0910989422338,1000.7257438320363,1010.1048993135917,1015.9495485811319,1019.7066423559373,1025.2284374176472,1024.131603161999,1023.5361897360026,1030.4199112326246,1045.861209214521,1054.4081485249862,1056.399412616589,1059.4813617105228,1063.194582310924,1070.956810442105,1078.8424798297528,1088.6673628620883,1094.7346731811742,1103.277891632332,1109.8017264877265,1119.606249019746,1122.260249571656,1129.7005044410787,1138.0355492567223,1145.4123015129767,1155.293702269323,1159.0751281248652,1173.3846890787202,1183.5454527971676,1195.496025161835,1201.342529008032,1199.400084040738,1199.0173990559424,1205.3946858827533,1224.7261599343694,1234.6866316609303,1242.716517415145,1245.9195248536896,1256.9992063354127,1261.2452420913712,1268.3444195229342,1281.7136877332327,1295.4717066200676,1312.9866415897686,1317.916245437853,1317.4061947726157,1316.3725895700725,1321.7316956704417,1329.1840960856025,1339.4033992497318,1345.772289390894,1352.2813572955401,1358.5285152792333,1359.7112304266193,1363.682440566067,1369.4388181701277,1383.3943930175985,1399.5908740221996,1408.7978393734436,1429.2411915642167,1428.7229843617654,1434.044540649338,1427.1969956099254,1436.53333154684,1439.6673433519734,1439.1281079039932,1436.575847879292,1433.8758701454815,1454.107985353857,1478.1350835148269,1507.005085572159,1514.3926119804617,1521.3852481165702,1534.3374863042998,1553.9482563234842,1571.804769373092,1595.6786184169541,1622.9323480051874,1654.2286045882472,1692.894480219179,1700.6564482951928,1696.8279171851646,1687.2281233090255,1697.3660444429331,1728.2867043087301,1747.749123284861,1770.359665833308,1773.8640401289197,1777.7665542123743,1784.5935476512614,1793.3137655370208,1806.9997255861629,1814.9404269378392,1824.0480067975668,1826.384001963514,1840.9857415460149,1842.1269470780935,1853.4819537942872,1853.6657860803534,1860.5579707989439,1864.4744409270472,1878.8759508557348,1884.192775449447,1884.2943006529736,1877.5571114841048,1890.8373808270994,1897.4690325363358,1900.686669716167,1902.2856413009863,1906.3627412852686,1915.3718567610151,1923.9118598445511,1933.1596365928094,1931.9290304589424,1935.8391298555448,1939.527988423109,1957.1427034983653,1960.810563582148,1973.7671506034221,1979.4346140677521,1988.2168336525,1992.2280571704828,1996.942750167336
394429,206,"Burlington, VT",msa,VT,,,,,,,,,,,,,,,,,,,,1298.1827152213887,1311.5133487530986,1364.5849836148404,1359.4279810286475,1379.1562463292175,1384.1105241220155,1411.878837595072,1431.7785242421744,1440.1011151440948,1457.0725788412933,1439.0163843866233,1469.6006426019935,1464.093368236469,1465.8753555804587,1436.1214483938309,1429.3587448017145,1435.3523129656342,1457.0666886137637,1465.4278874193108,1476.4422569430487,1485.663016024769,1484.0105393837077,1486.4716812828058,1480.3709086302933,1487.4972802562304,1491.40247556433,1489.6829889650728,1496.5638381802737,1500.9236827548978,1514.5569793556201,1508.837810673932,1498.4419197987802,1486.4210459882722,1485.195652604348,1506.8476975133005,1521.2493726542095,1539.636513451843,1537.320618666113,1543.183931849135,1544.254221951557,1535.2585989968575,1516.094056254527,1512.107820337346,1530.168242196331,1549.4785580980144,1554.8860088679537,1559.1310515943624,1572.0726856679194,1566.2662958568746,1575.3097638601268,1579.5435245301005,1596.339739340902,1598.4589037287603,1610.811953699736,1607.5660802652683,1616.1995102076414,1626.2599504886166,1631.0701361465376,1651.179376633225,1670.2506121257663,1711.0085031313727,1717.8497974442703,1724.0879171096244,1719.4527627728605,1748.9070183122979,1777.3726492900796,1803.207307972496,1811.0354721368526,1818.425463922289,1847.690930821783,1865.633907607276,1887.301536978269,1899.7366207550206,1910.7911179575262,1918.201388725858,1929.526142937361,1934.4931395511726,1951.8250617114702,1966.9084952740482,1988.077959086854,1995.235990383382,2003.7087067684406,2007.3840562270211,2017.0237308830542,2013.100942542308,2022.1460412792335,2057.887557797162,2082.1817747561868,2089.8779417612595,2078.489704817202,2072.0790149705986,2093.268118342959,2104.2150572252604,2127.631908774069,2122.048547980026,2124.4851347908702,2137.2063023934743,2147.1654510818576,2137.257159430683,2135.9238909414057,2142.371937698889,2156.131363638862,2167.7679230329863,2157.5645437985495,2161.6645966789188,2149.688817189193,2163.2579365079364
395030,207,"Rochester, MN",msa,MN,1153.281950494728,1159.7370016950736,1176.160717865071,1177.8029892035759,1188.9876560899004,1185.4202429605557,1178.2789145437155,1190.7774857457468,1192.6599077445426,1211.7564382021126,1217.7684119648077,1218.8545687214853,1218.60029584388,1227.7263520126155,1226.8102342132831,1214.052288653458,1199.3844217793903,1213.7399612782365,1230.263019973802,1231.2644061275455,1234.2233069562797,1230.5100912822002,1235.4266408133624,1239.5839006611084,1262.4659244049133,1269.882750377294,1272.562965508986,1270.8086913632462,1277.5144936516824,1272.8998298803645,1266.5113616460885,1263.6077913217277,1262.5535807628883,1252.8499462938876,1250.7697806630724,1258.7681331125023,1255.0492740785687,1244.2474014657873,1252.410217900274,1270.1539481075733,1289.6171771619756,1292.3450394236957,1302.0760558295353,1302.1767933249857,1315.2254039013892,1324.4629854342325,1341.3128239063058,1341.2782861653643,1338.5624264745002,1344.0295821522798,1344.5579903890145,1342.7730699610995,1336.2352891402027,1343.0316270840492,1345.1926818028276,1355.752192141615,1355.4206322901857,1363.3213474812035,1360.3091912504897,1365.6220882213506,1375.279729246136,1385.5688237571394,1376.4504595020321,1378.950468943524,1375.548548153473,1361.8735070802065,1361.6616429751318,1356.8661429448034,1359.2980699652549,1355.3744102274131,1357.8288690203096,1372.0902184997353,1381.434574809229,1395.031530001759,1402.445881194901,1410.0355594429016,1419.0994407771873,1428.3219035640298,1436.9540431925575,1449.0389648855478,1458.3763664242642,1466.690143420254,1477.0901600989357,1487.4973619639516,1498.8948301660932,1501.7998451755968,1516.7141718078633,1528.0315687907882,1541.8132761328338,1552.0716198748232,1566.5793293524869,1572.0488870428778,1578.093003147112,1575.2565734015632,1585.5494567144185,1593.5949510532298,1609.5023896677642,1612.6714674182256,1601.3766645076885,1600.9357833261288,1605.030965749555,1621.563231960539,1621.7915256389356,1626.281288970338,1627.5992025267255,1639.332278976978,1630.295401474704,1630.038281244965,1621.9981774585046,1636.433843057934,1648.511519365064,1658.082530017563,1665.9673388207552,1665.004631220766,1671.0464847648052,1677.3684312952066,1685.6818809044303,1690.416639815309,1703.6353121292336,1710.630921169685,1719.3932927159226,1717.980348200773,1722.8328608429504,1724.7089859621358,1724.727078879431,1725.7051346801345
753895,208,"Lafayette, IN",msa,IN,851.8627342351626,844.8677704867569,851.5852313203249,857.6758374779014,857.4819337663706,859.4094927636478,855.3438830330664,861.6527595564309,866.8559925824691,868.2205614575497,860.3859770151283,855.5394770500676,863.3505533893496,870.6613304824571,871.49290332265,856.9858525961624,855.1028270411416,859.4582550800949,872.8797086155301,880.4922954240453,883.6545115371644,887.8619948883733,893.2827679093803,896.738610126225,896.5118226828994,898.4766742840261,897.4224759394807,901.3620547917135,903.5225666234378,906.6106708127932,910.2363102721358,907.6981850511723,909.7099520399828,907.3196964632634,913.908536226601,917.169737384577,927.0981346040778,925.9331016229289,930.5536011901917,928.6167523260199,936.0546680790013,938.2754608498767,941.5179138688493,942.8200954509075,946.862643772772,950.1975304202666,956.2471812925788,964.0438839411811,967.2866658512631,964.510530630294,968.8892612299353,979.140979028348,980.4217772207154,983.9758407582539,984.7193995053747,991.210821928886,994.3913760439264,1000.3300275051758,999.71744728313,999.7473603603974,1000.5216674445119,1011.0482102038887,1011.2010610547197,1018.606233925076,1016.4711772611926,1018.7687348526368,1014.101113219708,1019.667747631571,1029.5548176823595,1039.4087645114498,1044.8699734862691,1049.642919428435,1059.087894862645,1063.3368172123014,1066.5264696947531,1059.1552183027786,1062.515911095381,1067.1863104262138,1085.7360431021532,1095.2686789471604,1105.142747904177,1106.7475128201465,1114.7771835805095,1118.772442537319,1130.3133149374269,1138.8733220651104,1160.5945206887488,1180.923929057928,1198.176726089541,1204.8124985968113,1211.936003510309,1228.543004306091,1235.8033019496893,1255.3046855040989,1257.7534595883797,1277.4319462404126,1275.891387868375,1295.3184226396104,1293.337213954966,1304.5405445495103,1311.2951114588193,1330.351281666975,1344.3403673656467,1345.3942230537173,1338.5034266192683,1339.2517725988212,1359.620717977512,1388.8118698099283,1394.2336049908467,1391.8159783693386,1390.6040347651078,1399.2910330410787,1406.5482032036953,1409.555932456161,1411.7924405229332,1420.9600113308868,1441.0574816792869,1450.4588928311566,1451.447581770872,1437.0983596587123,1450.6920712423932,1460.2102941596054,1476.7661519464425,1479.2071814310586,1485.3635735673108,1490.7225709783254
394454,209,"Champaign, IL",msa,IL,836.1036567414183,842.3003225581152,849.7925168373087,853.214233746862,851.9389295879556,854.8923678713212,860.3839500426558,861.1603728415067,863.220006640144,860.4839477914587,866.5798315859337,853.4988129289169,850.925478714635,845.2693849065026,854.8077016302368,859.5488503325902,860.2553548352492,863.1508662173253,867.6501821857296,873.9428793094953,868.8519684254848,861.4647761652144,855.5982955678581,877.4562888288825,884.77009121078,889.965892973507,876.7334900546832,878.5772352264752,885.7587798215075,888.1328805549673,882.8289263211824,882.6823776590084,881.5353841104159,893.2188746812008,889.9127243104343,887.8076094755472,887.7193431569514,895.2148848577684,903.1053951971018,902.5406722596956,900.3908918464947,901.9149409227333,906.6782505955302,903.2611600731719,906.9990636575068,906.2233372459006,917.470689644616,923.4802995803649,924.8187425594978,924.5721751769554,928.2943334811579,932.2191580915793,935.6010414051211,937.8258884326551,940.707246891958,946.9309626139534,950.1114402178238,950.7604321068773,948.5318946670182,944.3499727566885,945.2647595578625,943.9454513001749,955.4392564355176,951.1994318638112,951.6819140089515,950.1656070577044,952.0311403557487,950.4957779592339,957.74850502091,965.1241639112594,973.3386298935698,968.0200006147835,967.5293326705173,971.982320874966,976.4536021388233,979.8348573166704,983.3946192118003,992.5023175761992,1005.2859519893409,1016.626476534379,1017.6145493663896,1025.3013009610047,1030.204007796769,1044.9001758376417,1052.9599475992466,1059.5517673204893,1074.633623425448,1082.8951994073875,1097.1038769273257,1099.2210240820978,1097.9694207634639,1104.5102945131746,1110.1206631999942,1117.7035558564826,1122.4354641877203,1130.323654686103,1134.298499796232,1138.1964555540435,1143.795031879111,1157.700515212714,1153.338268611716,1151.649701933436,1149.153955329059,1160.5878112061653,1168.0347916260375,1173.4126812302452,1166.7865554172931,1174.9173054634834,1184.3670849361106,1205.1919674784715,1204.097345152548,1206.820578236301,1208.7887846813812,1228.1710889994679,1244.370996618898,1245.6308531855993,1252.5307737510825,1258.355933667525,1275.7394279274938,1277.6148783747194,1281.8190658993549,1276.9591875403473,1286.8934169832876,1290.7964652977264,1303.1712410097052,1302.2959984459985
394848,210,"Medford, OR",msa,OR,997.6903517831877,1005.7189886198506,1014.9063593751569,1021.2715678189278,1033.3114235885487,1039.6995550195682,1046.409022873046,1061.9320018005803,1068.8662139285793,1072.8271541854351,1082.6665733041268,1099.4237155155063,1119.2064034736684,1128.7699347533503,1139.3314037609448,1141.0595632817442,1148.8680726590078,1151.9992918964786,1158.2731680449756,1157.8032922812188,1178.1983658016181,1196.0873399028105,1198.1988770513601,1199.367707614299,1210.7038276754122,1228.5644559678128,1239.6305472345011,1238.3550232061457,1242.4489159596933,1244.542027007479,1260.3093859071053,1276.0562520196127,1281.1658875521514,1281.6756898617418,1297.7796607931668,1310.4517432191865,1312.6119260177193,1304.4800489311735,1300.9939900407217,1309.9552782232834,1317.2572654909827,1328.4814059947187,1335.9295796375136,1344.6075556168453,1345.1307412349515,1345.1381174306325,1335.347045910631,1334.6495734477792,1332.6863265763604,1359.7379935073272,1369.6569749446162,1378.1887904220773,1383.3303369332816,1387.430885219503,1386.6551843104035,1386.0395989944163,1392.810675049799,1403.0459624852645,1416.4592336748906,1424.4893067593218,1436.4704176943426,1428.9751302261845,1427.448626080255,1410.0098476352923,1425.9743455959438,1426.7965842688734,1461.6767490267432,1482.1850896247245,1491.1144838548953,1509.8725816527947,1515.6074497258553,1557.799459377186,1564.988439082926,1581.9841607569458,1563.744006010364,1589.0368691675767,1586.754357008821,1598.5597633617317,1606.1798129882666,1633.655023686484,1656.0513014758371,1645.366616178333,1663.4884627392087,1662.1986982202732,1684.3767820569483,1680.9748405631985,1696.9245084294032,1705.748361809808,1714.852753998795,1735.918279022889,1728.1691907551535,1726.4811135021637,1720.0391795302082,1736.9680758072036,1729.044820432681,1721.810998981554,1719.85983672003,1744.7599127719386,1765.468179411089,1763.3823082956262,1781.9397841219297,1779.7814523490574,1791.6171595747724,1780.8470915842456,1793.8050632496422,1803.8201766197383,1808.7889238566042,1808.3795608524035,1807.3521273393555,1811.576517507634,1824.9559019735275,1840.880903711642,1834.7070041916536,1839.9316470544663,1849.498905235188,1869.4313896267213,1874.5425366634036,1876.6254342054322,1889.0572884539833,1908.0467031278938,1920.813176100103,1920.4341017396089,1912.0721880844367,1913.3894346615732,1922.5282406576516,1930.0397208803006
845164,211,"Lebanon, NH",msa,NH,,,,,,,,,,,,993.4949421383571,974.2349964500588,968.5315241268601,961.7615314834201,,961.8273984969301,980.3230032088849,1001.8407488958737,1005.6149354291589,1001.14819728839,1016.7145176328771,1013.2000285939565,1027.5152126374778,1037.9647798112096,1047.9368344756479,1046.1567327087205,1045.8707690079373,1060.2726423748195,1073.7766145608275,1069.892520715469,1069.2231211088863,1075.3421571128424,1056.0691869188263,1080.574183595815,1075.852295582812,1090.371401336513,1075.8250709413423,1097.707444361267,1086.911290084436,1095.7247657961193,1089.6873523897636,1124.3808830702058,1132.116271962244,1142.8828782726514,1142.3238762964531,1129.0572390903244,1143.0170711296769,1128.8532982474792,1153.1435508011286,1148.9785546689993,1171.2080620567044,1168.0035295001317,1174.3922740865498,1158.1244520296773,1165.3091904997639,1169.7036491432325,1191.5299810563151,1206.87358176023,1212.393894466717,1232.3496829573094,1236.7729217836036,1237.5181143218927,1245.5819048395745,1259.2625642293558,1283.9963932979272,1283.3490078502516,1290.0372989141797,1294.188709599265,1305.1786424390868,1317.7045241811113,1336.915100296869,1329.827238554724,1324.48065204584,1318.101801039454,1314.4536357460427,1330.703542743891,1360.7370644367172,1391.5595479554145,1395.0945961978562,1398.6028684292914,1420.6536090968552,1431.1968113104197,1441.2490970919937,1459.5920781149277,1491.6720669562383,1520.170042877218,1532.193701888923,1536.136604625906,1531.7104602880004,1533.6289766623793,1533.9052219445211,1554.1623478344727,1555.5742949957712,1595.7487069052754,1601.154608188639,1617.6083905908786,1613.964214660213,1627.3598393552165,1650.212034498502,1654.8335916539293,1648.4272971325772,1658.1581692065506,1692.1922255431496,1749.0167552613013,1752.9015094641472,1723.45634036686,1693.1174481065905,1705.233421017995,1728.919567541592,1744.3618552963726,1749.2400168177353,1764.7733017313672,1777.6187336588591,1786.821927037642,1783.9311191964848,1752.9706313635406,1769.2891286163838,1793.5503397596967,1837.719195461172,1842.3690241244808,1844.9384462757166,1846.456429373293,1855.2984392476283,1866.8492014584917,1888.4047619047622
394459,212,"Charlottesville, VA",msa,VA,1202.287862521753,1210.1064669286209,1210.1076209760786,1223.872102385947,1221.1412767142256,1222.083705854489,1223.1388931133886,1231.5946787084997,1236.525838976542,1251.7934972456892,1250.7624988640182,1251.873014350204,1258.5651546412398,1266.2120191510314,1269.0153554876051,1262.4165908527134,1271.2718284605448,1281.2639554901687,1283.600855547842,1285.078848161603,1284.846990046801,1285.8990852185664,1288.3131137193643,1289.409513422252,1294.6828283961997,1301.0617813739098,1311.2796804767067,1316.116119766032,1319.873085952069,1325.7589030506024,1335.3449876864004,1346.6953933385664,1351.4479780849742,1352.7258641612063,1363.7803875624643,1377.2362566813197,1381.065575973726,1373.513071168135,1369.2777245394802,1376.4680335592802,1383.216635625824,1390.4466670949646,1400.5291610994589,1409.4441152390764,1417.888909736093,1411.416330618678,1407.5300011579823,1412.0595097941305,1421.1323613945858,1432.2535933076886,1441.389097167628,1445.9275629325664,1448.5494525428294,1449.3926516739327,1447.7608208745041,1446.2040902936628,1448.8644095405893,1464.1924497695625,1472.9048805006505,1474.063383365672,1475.1103353317303,1479.8469462202709,1495.7399404861847,1492.375839379404,1484.787298893458,1484.9558033114197,1486.9694117983897,1488.947994249077,1500.7497320508219,1517.0866455508549,1531.7719130833675,1535.856707330002,1538.3384704148739,1539.8444217621116,1546.1307462712152,1557.8375801678717,1582.1327365976251,1601.6689999746948,1626.6929778272397,1643.811381262429,1655.5672688166808,1650.6215510083252,1660.349437713575,1685.3654958108398,1707.9505291656687,1719.8733505726782,1717.9279719965298,1733.2069613362085,1742.4965500485,1758.191176539029,1769.146168882853,1782.9032992365896,1786.753224082568,1798.6399801661012,1808.647566935476,1824.953969080782,1835.2343636121407,1839.4679170420138,1847.7993045666299,1850.511108150552,1858.6802975270293,1850.8944805029407,1849.8382585554896,1861.508066066194,1880.6832274265507,1897.2252247701435,1906.8683016559062,1898.438499703233,1908.0818592344995,1915.6920246832135,1943.1311592621284,1953.711746883056,1959.9115605710992,1972.8199184071066,1985.4574681812198,1987.8318918425464,1989.867447199398,1993.3070021272704,1999.5811393958338,2013.282330858271,2016.0032330371475,2025.2894417769712,2019.0782075860454,2024.318572940531,2030.3418597099926,2037.2662564948278
394763,213,"Lake Charles, LA",msa,LA,,,,,,,,,,,,,,,,902.0646313869427,901.1656431020693,913.4985138428887,897.830939207158,913.2299570429382,908.3144622408921,922.1437061975154,929.0804988444221,940.122110426677,952.7163456565766,957.0014413150724,948.8379710305885,942.2393988795242,942.8731291347082,949.7413968412102,951.1253736386702,957.3250416056545,961.6468431877056,975.3222630981832,989.0082237380832,987.696774570742,973.0544187485553,969.7255912265116,981.9004990947043,998.0075099454231,999.43505216838,988.6562806284925,977.2810163932868,973.3248762619702,978.3961718054957,988.2147644648619,986.4618941927197,984.1492626320135,979.5463401721603,975.7268183857252,972.3554659554412,961.4437461181434,960.6010538450829,961.7989698311766,970.9251934670472,965.3110067066553,957.2891954267003,938.351124109093,928.6273991071625,924.8015167644851,927.1239364975517,925.2360033525947,909.2550051976033,904.4299512009961,908.4109658721007,919.8988027685929,930.5756763492822,936.1739235801657,947.9222333246676,940.6904431245301,,1037.8218116413693,1101.2785063273318,1110.48483192208,1136.9984494467851,1165.0827696012461,1172.6885920009702,1170.8287543463819,1167.949559018738,1171.3290994199656,1165.2874453727504,1169.6809885353646,1142.0588294754969,1123.335282532942,1101.1433187781688,1098.789316405469,1083.6442034236647,1063.5425619057214,1043.9788795760683,1037.032716734193,1025.5069483632162,1023.1353603661645,1015.9055083148558,1016.4415206997237,1016.2185086554312,1010.8714521897712,1005.3815334591385,990.4581290384092,987.7862230164477,985.0683592405456,1000.9969391099143,1006.7787451843776,1013.9388619950518,1015.3587328260473,1023.0177931298584,1036.5433813323882,1042.569181385753,1042.3963645791127,1026.9416720889062,1024.9572890978634,1023.0174279909477,1037.695225017973,1045.129769941705,1051.0852572088397,1052.3980161600002,1053.1582772161764,1052.8260190655212,1043.147323373426,1043.4892937145455,1049.9924676363812,1068.2537275594666,1078.855262739001,1085.1080027840533,1078.9571747167051,1069.4883653731638,1064.2489789196313
394773,214,"Las Cruces, NM",msa,NM,880.2881563053869,874.7024884587285,878.6215764681718,882.4482470309475,887.3694224445985,886.7861896471367,888.229702732935,890.0329282308415,891.9411402028672,895.4708998520623,899.0693900943066,901.3030747722598,900.1316161197348,901.6970749118931,899.931003241742,899.2241880687291,902.7763378318404,907.7534087947116,912.5069735984949,910.0655308090064,912.3475814711146,914.4067403637454,918.1775772379207,919.969141533717,921.3981268807714,922.3123186763625,924.6394821982608,927.5977172741204,929.8744131694295,930.388201381376,929.9359621193753,934.6487151317485,937.3981970891015,937.4922877036527,938.0135260342375,938.2432041622982,946.2641100027057,946.9351778593045,951.6029093356689,953.7443144555086,956.461629308639,961.1963869250002,960.1144891553886,963.3418790113939,960.8890838011677,964.5429009774012,968.6092561692359,974.4249937034581,978.1632712755371,980.7677862114135,983.016093025708,986.8920925113102,989.9212598770972,992.3589472103571,999.9888394425637,1003.413207275919,1011.4520123547805,1016.268359790912,1020.4711268852269,1024.1258469609547,1025.9372267740728,1032.5918822763003,1039.257505762716,1045.894371359632,1045.570327195074,1044.8339440558132,1045.8889156918883,1060.6715613094937,1074.806375234191,1092.2666128769904,1107.143695477688,1113.7693144906011,1116.0124914954533,1119.2344313594972,1120.4280347824897,1133.3271161865937,1144.359772097433,1165.143920961902,1173.754221598712,1196.0041230486,1212.5936992626232,1226.9743535472726,1231.5905318927087,1242.5769972385756,1262.5504043053559,1282.7491446040317,1305.065496424783,1320.8911468178896,1329.6288981382604,1333.2332817432239,1341.7098566229288,1339.9621454885762,1332.2063268817167,1328.608296488375,1339.2023402610496,1360.4910489566773,1386.6750354274848,1393.3720184919307,1396.7578597691652,1384.9863488805765,1398.602082768664,1404.3768169961756,1425.7034487762648,1430.6991676337116,1445.5227495861504,1450.9814943101128,1463.0807789026214,1457.5822403327318,1447.8076078622673,1449.8521340724249,1458.5404190569761,1471.8448975027231,1468.4710236092142,1475.332669631106,1468.9212063142597,1476.182628541099,1479.7517470494463,1488.286515723521,1486.2765519802358,1490.723010361471,1493.8913668458526,1497.5622479675828,1496.9778518414648,1501.0483799672875,1506.3861276811426,1508.2456290849675
394464,215,"Chico, CA",msa,CA,946.4606646612897,955.5302552928696,976.4632575913948,974.8602069121976,985.0524985995702,986.9045636868782,996.166770538115,997.9795249012064,1000.6927189192006,1001.9000719160483,1006.005796831575,1016.2129934708416,1014.153457836086,1017.9612144159624,1014.129149762395,1030.7375146537283,1031.315634409288,1038.079187827375,1038.5626739298177,1046.0379756353223,1050.244893300805,1055.222928655721,1064.0683969261677,1071.5555315173378,1079.4154629159432,1079.6531281352509,1083.9077188202332,1087.3001764434318,1087.5634271112847,1082.8275924355871,1080.6062657715652,1089.4661311684508,1105.211853797354,1114.2564638865767,1107.5584587682408,1108.1663306754954,1112.8713368020587,1125.4703613344668,1133.592534254511,1138.7269794853526,1141.9623695320747,1143.0990760971679,1147.0391298803788,1148.6459348252786,1151.632225183894,1154.2550600645009,1162.7643909838273,1187.616193292326,1202.7996747331113,1216.5313593284388,1226.0652400501997,1233.7904404961916,1247.266579697173,1263.2766165831558,1276.2908260835284,1283.0806332476764,1284.8887158479863,1289.646656400267,1295.8492104297875,1283.4647681957297,1276.3794484441837,1266.6944725265294,1293.0402639885938,1289.9457009407276,1293.7614368319676,1288.56949258931,1295.530304985918,1292.934490118159,1298.223146014277,1307.034421355588,1327.5133934533271,1341.7122312343763,1346.740088536667,1337.731808127345,1339.1243006777859,1351.6079999324538,1367.7334739373473,1388.0441808923479,1389.5484483045923,1404.590362999521,1422.755450068881,1431.8100181756963,1425.8669352443137,1420.3478805389425,1438.6261687126107,1462.0980167182256,1466.3668661656502,1467.8944831485182,1463.5422149790113,1469.783103642782,1477.6739422486219,1489.7750878511642,1489.6882438815858,1498.457197657305,1500.91300314415,1511.578947475251,1501.9390054559603,1505.2753315100167,1512.5050820367476,1522.5440846886347,1530.9436064151503,1527.452694775995,1528.981857627654,1515.9032480772803,1517.4329561045206,1512.4856474887192,1522.9684255068357,1527.2065750216339,1541.8153917883083,1547.9382784635045,1549.6237629009088,1551.0855278130177,1553.7198523058003,1557.8452092506482,1564.095080823157,1576.673312414421,1583.019394830045,1591.7853804296396,1594.1922405148134,1597.3161595308866,1597.5368504284581,1597.4284893668978,1602.6963078537499,1606.9398590715134,1612.2126074966327,1619.6730668479106
394681,216,"Hilton Head Island, SC",msa,SC,1212.0534789371834,1216.1747111344355,1222.907695887066,1232.1356938039614,1244.3380645546818,1244.0375344883357,1249.154209747797,1246.9912805828405,1260.546496645208,1257.5351088449,1268.451845173061,1273.3010385342068,1272.694640232016,1270.7714752373493,1271.3380394774933,1283.4935326721084,1287.3001279498171,1304.538847398055,1314.3591917430872,1325.9653894303765,1326.1093888245277,1331.2212110955204,1327.5938644806095,1331.8765795111258,1341.7498201127728,1356.51967467494,1363.7003959762503,1368.834872793681,1372.8443153209053,1371.7262189260953,1366.562913974225,1371.5146349669283,1379.6929326720638,1396.1605486568444,1408.7164282247861,1421.5696141149206,1429.6135762208137,1435.6213355283098,1434.3615784087947,1429.6860490480221,1433.4244718573686,1442.389560572445,1452.580985853575,1449.5101460666729,1446.7766143823094,1449.8584667375987,1454.334416110022,1459.8553892537213,1465.2093706354228,1470.6537275636172,1481.931954529032,1494.0347582686784,1501.4659204178697,1504.339225788733,1509.4564418760604,1519.3362950528503,1529.0982469322034,1529.1649624061388,1531.4200802695468,1530.9219666744168,1531.660909660317,1531.9336964443735,1528.388078973628,1531.3014259058946,1530.9376130132391,1536.8663725042475,1543.1209359658997,1557.6577445572382,1569.2773113582393,1588.5051772798956,1595.3603642099217,1618.0087315019716,1620.8099520152684,1631.292478118131,1639.2634129127462,1657.503488853984,1682.5661759569234,1728.803907244417,1767.693611437144,1811.7856042401809,1846.4288488803547,1906.4292549483393,1948.9110470811613,1979.7375277418341,2016.5051593512123,2040.06420372928,2081.5130761241517,2101.10785568655,2128.8869066269003,2132.1201032657737,2153.745269518155,2158.2560477831744,2189.9398214815465,2167.95142229256,2176.675838085234,2161.923493028631,2178.3331276960416,2196.3446218641,2222.6006627978463,2241.21929072461,2252.9474347986848,2242.5946454869295,2240.5674205651394,2256.325042752713,2254.7725195990784,2257.528421727709,2229.287410221666,2239.413881355673,2248.1437055808856,2278.645813643031,2280.6754759564383,2284.8213390523006,2272.580263652144,2279.674653968661,2286.4832888197034,2285.35116912355,2285.269438596776,2300.5554971978104,2328.0202959847334,2338.4817519351654,2332.790687939118,2311.100894340328,2302.9557357644685,2300.633592318147,2311.345518164337,2321.5179526356
394346,217,"Athens, GA",msa,GA,823.5989596951017,830.1091220270957,839.2571758860666,847.5987155427865,853.2392640934471,856.4795684724603,857.1451604642273,852.2337415666635,854.3199780296228,851.4796820154012,863.6881102497878,865.0277182041062,872.9352185325333,869.4365504600377,873.1587502381976,877.4646888611318,890.1733018244723,898.4087181694359,905.5549836915075,909.4792026760103,906.6470438158154,917.688248990153,919.7797001515609,927.1568118256189,923.1140025939853,928.7367987809739,934.6900041765831,937.746134279999,931.583538529009,936.0997476260795,942.0868701212106,957.8876933557332,969.5659279671472,973.097282370307,977.7471159859118,979.7968792817682,998.4741591803295,1012.5548619718669,1024.2171083301585,1026.3862693097387,1037.080566323349,1042.8987006945993,1050.933212669779,1052.8279625386986,1052.4034982927467,1051.770696849958,1055.4360802546555,1071.1317231522244,1075.568399994514,1080.7232662075235,1083.2952733017357,1095.1312372285188,1103.4121426550976,1111.0632540315999,1116.728895071741,1123.0468487335654,1135.0985118131844,1148.8982687609691,1160.4068256783644,1162.8126831832326,1168.0721301409803,1173.7279855322522,1177.5494150484199,1175.2228426296094,1178.672182687982,1184.4321952499124,1192.396740889625,1205.923947769093,1211.483762780114,1227.4850786676543,1232.383981196979,1246.0063610550544,1252.8768721375368,1266.9299415685036,1282.5411387313975,1296.7135059937427,1303.2408135642113,1309.0931649253623,1318.6110243996395,1345.7966815237828,1363.2094315798763,1375.176138824115,1383.0102058495531,1401.4574136512185,1417.6852746285817,1425.9029606235424,1432.399969777022,1451.3797720804143,1476.5845082008004,1500.938817756111,1518.8052795943825,1522.519094078864,1534.9762381034868,1534.4935278235316,1536.135287625899,1543.6564578287941,1563.6938304632126,1596.0093186168017,1613.7136923501516,1623.044198105106,1615.28005784445,1625.2537085235751,1638.4194793533732,1647.9381472093853,1652.8588151809129,1652.888764671926,1677.203857156644,1682.9402863551095,1681.5070419591716,1673.2879389516816,1687.165567813198,1699.4969933958168,1712.463329058936,1719.3935259515424,1721.3966750948953,1727.9663603815561,1734.972274102037,1752.0845454126832,1748.833147788853,1752.8801063622993,1755.4540706183677,1757.331609051632,1748.55302476071,1741.048945041179,1739.0698595700924,1731.6213006453584
394765,218,"Lake Havasu City, AZ",msa,AZ,766.1757822879147,769.4065848175918,778.9516529698063,780.766475060151,780.6933184113486,784.9214881913723,782.8582711695947,784.0922941349871,779.7097153573034,786.4531392780747,791.010449275193,806.8109353524898,812.3776042582641,816.9012356250545,810.7622607327,811.0471860915485,814.3636529686887,818.8624239259467,822.0162995218291,829.9367952057077,836.8706381454656,836.0734838578768,837.7805926691979,835.8373482260363,846.9300229944018,849.0826322259053,858.5341155887419,861.8731291081579,871.1344086741848,878.5846226723957,884.6054446751576,882.1743269114547,883.8623042399049,889.3620201277388,906.0640206506911,912.8955160761676,912.132321961692,908.4708458570062,910.2748766747874,921.2336268983508,930.6638364804128,938.1971406739922,941.7833484590873,949.8973893039073,955.8228337384899,963.5049821084556,960.044402998555,967.8099217683749,974.2776723432421,992.7303479604866,1001.3925587288661,1004.6569955592676,1005.2747405752574,1007.9585145476716,1015.0454344738407,1021.6668311608526,1028.1670014448719,1032.5252408854772,1039.1538235773141,1042.256937142832,1047.4398886090244,1046.2407517593522,1066.8476826446984,1061.5968145987492,1069.9415402502311,1072.8575190983547,1086.2892639564704,1106.3232957586688,1123.8600449976757,1147.5614839683055,1159.5968734198766,1171.0916432806637,1165.3186274026104,1177.352434610836,1200.614547611857,1251.5858721372915,1285.2176411025455,1307.8531754762787,1305.2515345438173,1305.1767696528668,1318.3578195236776,1337.8642663434168,1371.7650568019476,1387.4397870736084,1402.8578098863582,1409.034920430059,1419.6744794522328,1415.6097965143433,1415.2587041541274,1420.415892100993,1433.615929733533,1443.9381391561183,1443.2069273489703,1426.7574017135903,1423.5056749211763,1436.6161486658948,1451.8721529702389,1452.739613129384,1442.7132671287206,1444.9464900631654,1444.347400930327,1447.762583842373,1459.619293502661,1467.4266815340802,1469.67052008799,1477.3992213603779,1480.0774738140897,1484.5166786548887,1484.4056311228242,1490.9904783758298,1497.8690131116457,1504.2536009279818,1513.2065606482993,1517.1678872559842,1515.7729101734449,1517.767412882654,1526.2856902653277,1536.3632127251597,1541.089732957217,1539.9674350528885,1541.7942239487593,1546.5686976821264,1555.062040888153,1559.7457974214276,1563.5327597703754,1568.1417530721965
394485,219,"Columbia, MO",msa,MO,773.9165957155215,792.3110052354039,800.5481567482155,797.1586708068978,787.041960917156,789.5114685462287,788.1261589328182,798.9240576361728,797.6453765489382,800.1842875576817,803.0713431510794,813.9707051774244,807.5757539143879,799.3051525203562,790.3016154416417,796.4814052786319,801.8074174069492,802.236966926229,805.8205678794096,802.8938203008048,806.0017934153916,806.1420744510995,816.1952483140905,809.3749465046517,812.2602343140564,808.152362283257,818.2534382940848,817.5728291434727,818.8498773474499,817.126005063281,817.1374019175139,816.1281330827718,818.5272085472218,819.6145960150889,817.1274980911468,820.5360404158334,824.3290327739463,830.8086069491908,827.1408547856436,829.085599262789,830.212018398693,835.07921410659,833.4079323652059,838.0321766035752,838.735181491485,844.457624433425,847.3954958074916,848.6773057867279,847.3905723604372,847.4124930121357,850.8589732892085,852.5838968641037,854.4100910859407,855.5452496802095,860.4235847249158,862.0088115589656,864.1619304827005,863.694958366364,865.2305107022314,868.4927337781564,872.2790172434227,875.340507162332,880.8429456980281,879.4134122327935,879.9976534974196,880.4998284431665,889.7807240137959,900.4425750665205,902.1049669866169,901.2577186729031,894.3641018020149,901.9735352948916,903.9739048020406,908.9146887272483,911.605587657624,920.267821176247,932.2629082714374,948.4335189935067,958.9676266068487,971.3892898124099,976.0831871625478,991.4026728573671,1006.3839648210331,1020.6563536081716,1031.5035090099407,1038.197835712775,1045.4692730527522,1053.3615702235509,1061.52139144255,1068.5841476734508,1076.4364235255216,1080.392823420491,1102.9506354241573,1115.7991841993871,1131.0192685866914,1127.3546434522011,1128.6262524767667,1137.268604977664,1148.0039515912088,1160.3579217276178,1168.373051224262,1174.247781206589,1179.7799799409993,1182.2653829787284,1188.0165998055502,1193.0083721107223,1202.8479867692242,1213.9981874102793,1223.2954254685842,1222.8045678194812,1234.548646552323,1243.045634450356,1258.0794988105881,1266.416295950219,1276.6513622687596,1290.731252213749,1293.9546152559396,1300.3983136738061,1301.666528686853,1311.305735187148,1320.4970282619388,1334.025002583158,1335.895014867124,1338.604353757192,1337.615393433571,1342.6543682012432
395114,220,"Springfield, IL",msa,IL,,,,,,,,,,,,,,,,,762.5165237557629,753.5345610745151,756.5884544585962,763.3453062097116,767.8789101760281,776.0336911113086,,782.3796586301423,781.5339141699818,775.2977479217935,772.8646742982658,772.4899247495076,774.912114758945,782.2563413409572,782.625526890618,781.7456501167712,783.3554373854238,777.6053173732925,789.4688716271984,786.1509993014465,796.0639560282491,786.1906504632335,792.1333261448927,789.7434533215663,793.9214093032386,794.565737534399,795.0784548216144,792.3954964785095,793.2002089212057,800.2867707986471,799.6806843234078,806.5049323354708,803.7316428903468,810.6398997686845,811.8786741726304,816.6251295963162,815.0218352747928,816.8304346828995,819.9822290580588,825.6175854231943,827.8597207349798,828.1332854486817,826.5062616710203,827.4132047703619,830.4849065381592,837.3406624982495,838.7661663752945,832.9092271832856,832.1532291850749,834.6384966872367,847.3382506532295,850.6241251742167,850.5395049568388,853.5722473537613,860.9817512795387,868.2281303693517,867.6780750563785,868.1143650964648,871.4392049652272,877.757408467642,883.3328776936196,891.103706064939,898.1326959911119,904.6327653835921,911.1637017325544,919.4881668806555,925.021576194867,937.8915443946989,948.5085837241943,949.7975935163382,954.7754040662353,964.3340755388195,981.2636484353537,983.6120534396154,983.5193628134417,989.5921664199859,1004.8843153606512,1007.6511406827887,1005.7365861219159,1011.6448003605002,1018.1756350971718,1035.044592132885,1034.3359809911296,1039.3981633817707,1036.7934132026455,1047.2400677207881,1054.262734119015,1061.4146870306913,1058.4085123659772,1068.4015971538718,1083.6650811796019,1083.807440784373,1101.6522746479004,1092.6685759040993,1108.8685450509702,1112.5112340997337,1122.4969830310868,1118.906537625998,1126.1244822929907,1130.3840602614878,1137.9071453431052,1141.0485072558151,1142.9437238223297,1150.9865323570987,1145.4490803182302,1157.6159320060901,1158.16847829169,1164.3641201029823,1167.8901332082526,1178.3278472099983
394691,221,"Houma, LA",msa,LA,,,,,,,,,,,,,,,,,,,,,,,,,,,,,,,,,,,,,,,,,,,,,,,,,,,,,,,,,,,,,,,,,,,,,,,,,,,,,,,,,,,,,,,,1257.133292868526,1278.0122119330163,1283.3339821927584,1273.4961839082398,1270.3677821684284,1293.0055854308605,1327.190834968521,1358.2134916609616,1379.1010679674494,1360.0181454534493,1354.8270075436465,1363.1853677500596,1395.577849185564,1398.0769968928435,1397.7110032637247,1413.7108684141049,1404.8202018263726,1379.3747532470607,1335.8223598232028,1327.0870364585537,1324.2345914747295,1347.8768117127959,1352.5717041861878,1369.170142084828,1369.8497810036622,1375.687387191878,1363.2632294996884,1359.057213955431,1374.5729646405623,1387.9077156167098,1409.2660142661016,1405.5146278503144,1403.3668830448476,1397.288576732088,1402.6919337778113,1390.9189040949968,1381.2865602739319,1376.8116182805418,1389.6809523809525
394872,222,"Monroe, LA",msa,LA,,,,,,,,,,,,,,,,,,,,,,,,,,,,,,,,,,,,,,,,,,,,,,,,,,,,,,,,,,,,,,,,,,,,,,,,,,,,,,,,,,,,,,,,987.7925186714674,1002.2431772430498,1000.8629226996143,1019.9057396696611,1028.7042815329446,1042.939177751252,1044.289380248541,1039.63423876559,1041.8557567730918,1041.9521351075255,1048.615400608529,1049.6059378269115,1053.115756876983,1049.8423961185817,1047.8730830902316,1044.5826028558206,1046.2848452518222,1051.5161397621334,1044.6020573259293,1052.0494753767473,1046.8075434707239,1055.8176968908404,1060.0162441030698,1069.5984097961546,1071.7294186861782,1069.0118974239897,1072.0535434238643,1073.451917250862,1072.0357237217072,1073.6182292299927,1085.9342514113607,1093.558282931563,1102.4703716183076,1101.9834430686785,1104.135360380932,1104.4196664753904,1112.2021800133568,1124.5071130752763,1135.0020202020203
394565,223,"Elkhart, IN",msa,IN,,,,,,,,,,,,,,,,,,,,,,,,,,,,,,,,,,,,,,,,,,,,,,,,,,,,,,,,,,,,,,,,,,,,,,,,,,,,,,,,,844.6391519971088,877.3991700900544,895.8051224192843,,930.2209322373199,931.1322342818457,927.7887039653691,933.3040456407272,951.134668583952,964.2080807110971,988.9752139450188,990.8577618261781,982.187735148698,963.5796825266051,958.277679000368,960.7918903495117,993.8105901525682,1007.8943581802014,1016.1112017098106,995.949918121188,980.538983282897,959.4974966073103,967.2511568451014,977.5255529763593,996.6705205501918,994.0614599890091,986.831514238043,984.2534449523491,969.4102821558017,984.6452610375717,999.8822111174045,1020.64101712238,1023.2698167773341,1027.3906555327476,1021.443477032252,1019.798302669809,1017.7837756262827,1031.7444079932575,1046.4658711282539,1051.63956372103,1056.8171466980482,1048.3562932697923,1044.4074333425442,1047.2678913328382,1059.8507994267134,1074.8696969696969
394726,224,"Johnson City, TN",msa,TN,,,,,,,,,,,,,,,,,843.409658062768,838.8796759907906,834.1396693338712,835.5671897392778,836.5586815108165,837.2134795777664,840.3156756257539,845.2669479821633,844.5405426681943,851.3502395530091,858.1463393876215,868.5992527862005,865.5784798163396,867.0281258199363,862.4102023654718,867.0894769674875,861.6719559530256,869.5408707786723,874.4861556057984,874.6392942627228,876.8289662343792,879.6417651494515,883.2331656314627,884.886949350117,884.380982179812,886.5667883235171,888.2210012001757,891.2317123870763,902.3459092436376,904.3287104598929,904.8025107235924,903.1557989054672,905.1171242157765,910.3928149845584,910.2352876366422,910.8393544670711,920.339497813827,926.482329673725,936.408821928946,940.0911155596617,942.5091980353753,946.133123682328,952.5756788902789,963.0329253956976,971.4110949158911,975.7110260577942,966.2262468971587,959.9778492692624,957.8515860752469,959.8104264405521,974.5337757345434,972.3019089418021,991.3269528267597,991.9291745722038,996.0804780461182,995.557241219876,1006.3550737658608,1028.367675395383,1039.392527407023,1047.7323416210988,1057.6760846885807,1077.9319884134268,1094.0761524149284,1118.805333103165,1120.001012983697,1143.558048755164,1161.1172359323405,1199.7732149633987,1206.356185793019,1207.6884311077586,1211.7478877770827,1243.19442433923,1270.646014973055,1287.5726469285821,1282.5158984366915,1294.7302583927183,1309.9836004544975,1338.4485365587525,1337.7567836922162,1327.0076631887919,1327.8658528398994,1343.8150758497948,1365.0157945605974,1362.8250606936474,1357.1025200840643,1362.7224068808582,1375.8718549448242,1388.361891149389,1406.7538703092055,1402.7100814646556,1412.0174952625591,1409.8342280360655,1420.6927613754683,1427.7040866904886,1436.348831286406,1451.000308241285,1458.9911287969508,1459.2189709346126,1469.6098469905455,1469.785914092051,1468.711162858349,1473.5907543363228,1484.3362256281928,1504.249803522427,1514.9711999093845,1521.3266466647954,1523.1541737847228,1525.8821434677668,1536.7002420984884,1549.981074168798
395247,225,"Yuma, AZ",msa,AZ,,,,,,,,,,,,,,,,,,,,,,,,,,,,,,,,,,,,,,,,,,,,,,,,,,,,,,,,,,,,,,,,,,,,,,,,,,,,,,,,,,,,1231.5594243012727,1261.2196797111467,1261.6072796960661,1272.6144114617173,1289.372320893042,1315.7648799264623,1328.3693013019767,1345.8610797975048,1328.6997068497478,1330.0650575101965,1316.8887276102641,1317.8948468442602,1323.6491429748417,1333.5152001697477,1360.1638591720105,1367.509800672649,1375.4840807212224,1370.0193545473164,1369.862813253298,1380.4990564316213,1368.359098926827,1379.0755037657586,1378.410757982015,1403.543569509757,1402.719373692834,1389.5865544203873,1379.350857628868,1387.9341785765423,1396.4847092980465,1404.9978541564167,1410.436885318187,1412.910519496444,1432.5929846416502,1433.3741250062671,1442.5890547285126,1434.2916734107066,1438.121303416192,1448.3804614360959,1454.1133048901067,1451.789284375778,1447.5770988143859,1447.5646741604844,1449.8666666666668
394623,226,"Gainesville, GA",msa,GA,920.8293280391388,932.8325024076507,944.8035411922367,947.6535144901101,959.6532054951797,956.3019842911639,967.3528100600201,967.4665130570748,984.4104816192361,987.0683615676369,995.098241987618,994.8591533919029,1004.5513299069816,996.9512787241694,1005.118841170649,1005.1610176356946,1015.1519870135062,1018.2562778292016,1032.7888055256046,1042.5909697870322,1056.2223434062707,1053.2656262514056,1057.608211451421,1052.6945602676965,1055.2727722595669,1061.9473793875372,1055.833459216132,1058.7317561761722,1066.9991854908237,1090.0748683971385,1095.1314979778672,1093.9820718425722,1087.4369781594962,1090.1312619016935,1099.3490129919755,1114.496860527072,1127.1779270810923,1127.0086207804377,1131.702940531544,1136.0958637852698,1145.1823467503914,1146.4430754639322,1134.8875673107125,1136.4490745717385,1135.5400353973755,1163.387041525421,1170.5564423499266,1179.165157716993,1167.8957254274726,1184.332791641011,1195.8045133679052,1204.6279930160104,1204.1454874493497,1204.0178038800273,1220.224075322405,1230.6094834952173,1244.129656474797,1233.1816492587218,1233.7368935959526,1232.0914420066601,1245.0788713474992,1241.9803517220441,1254.860341577967,1247.2417462441051,1244.19047777186,1245.2123961153861,1245.3597979142714,1254.781565413102,1266.1614358199083,1293.368500125553,1313.5505553520502,1327.704179838635,1338.412885872306,1346.907234831151,1353.3569243047718,1372.2033283597127,1416.217142445645,1464.0192791744837,1508.719242965769,1535.2492306360282,1549.1954135871122,1563.5323737058347,1572.3475744655336,1592.5390052445318,1601.8811096686602,1613.9567908462902,1622.2703361845001,1635.386798806353,1640.6854345042852,1646.6188949814652,1653.1460054980041,1655.016597363089,1664.5409339678872,1668.4954203705233,1681.5904097884263,1684.4347537277886,1701.902168439744,1707.7853565778016,1729.017526493026,1733.535772332891,1734.226408556581,1718.9271251547552,1698.9023993700887,1694.5339362407576,1697.8340786382046,1710.6881474539407,1711.4753169401263,1727.4589460809473,1726.1930995732123,1739.9016352334038,1721.651829654109,1720.3568874873984,1716.228576312872,1741.9335174135324,1758.8646398765577,1769.1813903720495,1771.504274435002,1767.2727598739457,1768.61160159703,1760.2309130294532,1759.9306378900567,1752.5816557526948,1762.3547032824872,1765.027666292544,1771.582497187969,1761.2966381116728
394716,227,"Jacksonville, NC",msa,NC,890.554424058623,892.4973014126128,892.5085791733509,891.8411613708795,889.3659180505291,888.0878917726128,887.0589045718656,888.6712086773869,888.73646640126,888.7614695729508,889.665741073396,890.263687174605,891.2677613600191,890.2200557818386,888.6405284859801,888.199736254536,887.6627044773587,890.0431781149304,889.9664137412266,888.3568349593746,887.5065078006486,887.3783322875955,887.6898654035293,887.0213949159639,887.7235164195843,889.9962117509942,894.1653529406848,895.9540869937836,897.4810930932163,897.9934590250638,900.9674988512941,903.3061069159442,906.3185242730282,908.6765319177123,910.2546850980145,911.1883121444308,910.1473321404259,911.4191458939532,914.1222400104855,915.8495530076367,918.3894647547548,922.8504689547798,928.3551568499693,934.5128661245342,938.6706345158453,948.947818257948,961.5639049115642,979.0613113738915,989.0600147921571,993.0446190554509,1000.0093964198849,1008.4672557770741,1016.2351848222787,1022.0518252188807,1025.9636801955708,1029.612632011967,1034.0555524647489,1033.1593249983807,1030.1156793996088,1023.1595869495538,1022.300978237318,1023.8099450066002,1032.0408390751325,1031.4840719908634,1031.775984926467,1042.598515781846,1051.423047482341,1061.56124974649,1068.0655619177667,1079.4986882717417,1094.377523691953,1102.7826679922828,1107.7323414342388,1102.0012852663683,1118.5848872475517,1132.6187231203785,1150.2425755295244,1157.7996480575478,1172.237693748085,1188.5540653510636,1205.0830924208453,1225.3880178068023,1242.5803329060102,1268.9568845507613,1293.2093282885921,1324.8601362381678,1338.2472345181156,1356.5151868201744,1373.9901310717755,1389.4585203430693,1409.5656153652712,1418.5011229880236,1433.6293521849298,1421.111041685319,1416.9345011834635,1413.4591418196871,1421.6408729900243,1426.1059728111945,1430.0667511613756,1433.745309076653,1438.7387839118085,1449.2798517098531,1451.4396197460073,1453.5636757004638,1457.7330979889655,1470.4020144260892,1479.569976090352,1482.0607930652718,1482.6265077415799,1488.4947239354985,1490.1287909836574,1493.2511199516005,1492.3228899085484,1497.136652225018,1499.2768956043108,1506.2969635232726,1508.4239061021765,1515.9469577168895,1522.378060992221,1531.3517820174354,1536.4102801472447,1537.7793591224572,1545.8002367315964,1551.7198466126117,1560.176180820611,1562.2079082060466
394597,228,"Florence, SC",msa,SC,,,,,,,,,,,,,,,,,,,,,,,,,,,,,,,,,,,,,,,,,,,,,,,,,,,,1034.905103633367,1031.9205292835943,1042.8156786859251,1048.0614520024503,1066.2426509042048,1053.5474278433987,1048.712801948242,1052.047361933208,1059.492678687612,1072.6671745412632,1059.7750664738894,1067.5227228789179,1051.4736285985377,1069.5349014690805,1087.5691811979816,1111.5727952044674,1108.3066935751863,1119.3666288619315,1120.4390773058406,1122.7758275339434,1124.680312431793,1131.9979808044868,1150.3118624362073,1167.6984409186143,1176.1158952474311,1172.7667736234714,1167.4476943372933,1178.0263307620692,1188.3177261429914,1203.7916520312322,1208.254886928068,1226.1332569556039,1236.6090081798843,1252.255666138894,1252.2093145410681,1257.6056051676726,1276.376422090603,1283.1876821393364,1301.4361397771825,1292.7854281888106,1320.5332996289108,1342.215835645731,1377.3824458196,1369.1956763272904,1367.692493966029,1356.7624262769987,1373.4595194153005,1377.5434151930954,1387.7803104463133,1389.1726223880223,1388.5156781377946,1391.3395170237018,1397.793982091682,1386.6724275333181,1369.4549996403757,1379.2760621245643,1404.5940060935757,1430.7549338079307,1423.1484163546777,1425.2090157610444,1425.9015206376866,1444.4591643511155,1464.0397413617302,1482.3328032726965,1478.9537075954897,1490.2143092714916,1501.9344181190952,1510.0256196973808,1502.9433424016274,1498.0123685535734,1507.7976733082194,1514.2768868713924,1514.5750990917168,1507.0698473256796,1496.0177248677248
394680,229,"Hilo, HI",msa,HI,,,,,,,,,,,,,,,,,,,,,,,,,,,,,,,,,,,,,,,,,,,,,,,,,,,,,,,,,,,,,,,,,,,,,,,,,,,,,,,,1988.9884475041129,2037.6110430484896,2062.031697993263,2090.67239276169,,2132.300558228816,2149.700882861102,2146.906833034738,2217.0798514698936,2265.69428795322,2296.3305314620648,2265.6103031396774,2264.269076947514,2247.3317471414985,2236.8677308575575,2238.700986822033,2264.2224099318955,2310.557599274508,2313.7452655829597,2331.428081251129,2314.726560845523,2337.064481425449,2331.046307922108,2371.4215053751122,2378.832932587639,2441.6204389816867,2475.6216433317436,2496.407625845742,2442.78160572868,2439.4792265020233,2452.646748443302,2499.6249203823027,2519.0915585210323,2523.407757700995,2553.2382437244414,2558.86116987793,2581.7879779404866,2564.025930066881,2568.377856058928,2575.5423393476667,2620.9420403033746,2627.59765078637,2636.444946505333,2611.5113216222085,2609.1288171418023,2600.4566119702704,2589.117948717949
395118,230,"St. Cloud, MN",msa,MN,820.2472519686886,836.5436443507865,835.6431386758894,835.3979328460485,834.6936024160111,840.9526541767771,843.4454549726611,850.6851070215347,855.2410332393349,859.0802651582294,856.5857026946054,846.9868790012465,843.5718650066699,856.246951097358,865.792065273389,874.2233275057143,873.3728765770131,874.5361440881419,884.5750663335043,883.1407413474913,893.1507340456911,887.1406102402384,896.7197230315788,898.7600721995818,905.4883915791573,898.3653655095261,895.4112449420971,898.8674227370283,906.6949747255037,916.5003625463612,913.9261424502336,919.4249904428623,915.4198410782999,916.0190549582858,923.4648284741523,920.1504266898174,947.3406122269528,946.5226471898026,959.3372377680421,949.7775541219727,939.0323608661173,943.470724665687,942.5529093560868,960.8331553669817,973.138900358285,989.986045534759,995.0374644003234,1005.034683550047,980.8096279278952,985.3525005097956,984.6295146889493,998.1681282602077,1012.9139582151321,1014.139437312728,1024.3324441117281,1017.3597832057178,1018.0715681130152,1016.6663598053442,1017.9434028419562,1023.2379509492702,1038.201294412321,1048.5599062032677,1029.1236917811987,1023.2672639120507,1022.2446807285982,1028.8922016681563,1035.4394459457583,1042.6762579742085,1069.9382522957317,1077.477530575656,1083.3336101032733,1075.5110051174654,1077.665076495813,1080.3113824038658,1075.1471136014509,1079.4557212414718,1085.783488093413,1101.231612419159,1104.0943707900383,1118.169369147757,1118.8139894553453,1139.2127261250344,1153.9133175911732,1175.9177905337388,1195.1987530702136,1200.3070452795796,1221.2785582867862,1223.30339270373,1236.825690288173,1230.6050760591968,1243.2115557762218,1246.2351804539926,1249.935137248875,1247.822187732846,1245.3101383921999,1247.484968057318,1247.2715666289566,1253.5797340252398,1260.233476536211,1279.608837915462,1290.3582679995789,1304.2272295912255,1295.7938225824462,1289.9783883726616,1284.2463355187683,1282.3047962279768,1291.4679945446808,1283.2972957342852,1279.1626028674284,1285.4486183753652,1287.1049616108603,1290.9784248548056,1287.2391217096463,1297.6357244563799,1310.1411922570574,1322.283484159602,1335.87610279264,1345.0744751058305,1346.6426528495674,1357.791782583971,1367.088777318742,1367.401842077666,1367.7418746840979,1363.365189643845,1366.6447976743816,1360.5942322956168
395011,231,"Racine, WI",msa,WI,,,,,,,,,,,,,,,,,,,,,,,,,,,,,,,,,,,,,,,,,,,,,,,,,914.8486494824833,928.0020809892878,928.0401364945468,936.3505163541372,925.4143264624347,922.7784988612203,921.8401667094155,930.4653630476745,928.2530058963249,929.447541533066,931.3094042506851,933.1995322203517,936.8769930024752,938.3669751262847,949.9150820069106,953.9035755708544,970.770115757614,967.6747662465597,969.7135650339915,957.5405999370938,960.6431353644605,973.5720562699921,982.1597135704218,995.1261389462492,990.8570037184109,996.5928798137734,1001.0129502346908,,1013.9496584828976,1021.1234246465996,1025.1781642738388,1035.6188739756444,1051.5609154245024,1051.9729600365524,1052.1726047156671,1050.3913910554786,1064.6153493173197,1088.3382553770366,1097.277862418932,1110.8830955813419,1105.4542267507375,1112.5138352556605,1126.98687236044,1143.450194081954,1150.0417312041106,1146.8393822830108,1154.749785713267,1156.7974321240285,1166.1505674515836,1163.685814114568,1181.5263161156172,1189.2658230212012,1203.151352361011,1208.7282173228564,1212.1845433007686,1206.905824666309,1205.4157176514063,1225.1781881629474,1231.7926192801872,1242.3237709408124,1234.2023791541494,1238.1748456512323,1228.562121466495,1224.9328681206475,1231.5233411928054,1237.7624310339343,1240.5380463791953,1248.6249163972243,1257.4075254507293,1258.2046652408287,1264.1642053652465,1270.8358502359717,1285.5174247096174,1295.2411657203636,1309.4809920738414,1324.1374369030445,1332.7497047021159,1343.969696969697
394380,232,"Bend, OR",msa,OR,1231.2988702630967,1238.5283370896632,1241.167179787856,1247.9444261045492,1258.9565737997968,1262.729717952188,1277.3834260028216,1292.2213488635798,1309.7166776779056,1316.0633782207856,1315.3890779793637,1307.071193613334,1322.7905927517465,1341.6831453810973,1354.899237965944,1359.2869972579008,1375.2410958611515,1392.8415289210182,1397.9037457433733,1398.322686527923,1396.3862133193293,1401.0901024050966,1418.3404002931966,1430.1304725498624,1443.6354289601554,1445.8941726045246,1460.2165882399197,1462.4246837215326,1466.2785245564305,1468.8819067081224,1479.2081615292313,1479.6348930859926,1478.563523158991,1477.8214748438832,1478.1297724280564,1486.9559710418102,1486.6129749447261,1487.9690476667174,1486.4638032520897,1493.8558907136169,1505.488352337441,1507.057622251214,1512.235826054056,1523.5715448023993,1534.9172254279235,1544.4298020932708,1559.3177038186193,1562.462694767166,1571.9619582245984,1577.3020813920566,1585.567462834822,1595.0480456443738,1597.888424847435,1609.5505648500268,1617.03305102383,1625.8314404047476,1636.139643027801,1646.8268316054607,1650.36053862442,1660.718220289478,1669.9869220380294,1684.3850360218369,1668.9687670200594,1671.1630591518965,1676.68040612093,1687.3639717837395,1709.810642356413,1733.9400942600041,1783.0598753058662,1838.3050057269236,1892.9529231863073,1931.2768001454617,1971.733057539866,1993.0063930093152,2013.720468024015,2038.9091137432201,2082.8304690491136,2136.989819649627,2178.5355665408347,2198.2702969873444,2192.845905239335,2166.956619107107,2149.686028005027,2153.7700841712362,2171.660639223414,2189.6563121663307,2199.148572597612,2206.991319415419,2212.994858371792,2205.516913013586,2207.5214006407127,2212.0024390215867,2222.639216230065,2223.9706364205845,2225.726247548722,2219.7819886219772,2217.7890133813526,2217.7560979402965,2234.2886573147007,2244.4871208367267,2244.4773547611267,2243.147702664559,2239.876950100469,2241.9740791552645,2238.8637927589793,2248.4420617393075,2259.9665023719544,2284.063521071381,2283.8039005756627,2291.5516093019,2283.0507001486926,2278.3325196188866,2280.426543290783,2283.0539544823546,2288.141192378938,2291.917933758399,2300.359274262259,2306.8446764691926,2309.4392761360846,2302.0399978881237,2308.1818938013353,2307.904123088746,2313.5394800100885,2319.791485881903,2325.8048632933283,2334.5345943673815
395047,233,"Saginaw, MI",msa,MI,,,,,,,,,,,,,,,,,,,,,,,,,,,,,,,,,,,,,,,,,,,,,,,,,,,,,,,,,,,,,,,,,,,,,,,,,,,712.2297208796799,720.699189395423,718.6722624457061,718.8827595566486,726.9166433738633,752.0028953090491,765.2043945770919,767.1299464165779,756.2002801071143,761.1916695616617,778.254629416786,789.744464540176,792.9790942084917,793.3076821376773,803.8771639618888,821.0497370401405,831.4003997235641,828.8999866652323,821.2073780212378,827.3794965383365,834.6954748455516,837.7441611894353,834.0531809393866,822.8027303780021,830.6659690090377,836.0670849765056,853.5284379312068,849.4184082669534,853.657699348442,854.9008474911661,863.4892878045796,865.8675198670908,874.43679876287,889.270291574068,891.4121030606653,901.5316812522399,898.6432382315176,918.5318312369211,906.915786081781,914.4113536854688,916.7624021641066,923.9499629209722,930.5760808441561,937.4155633528588,940.9864912501861,938.2318822885579,945.9605497025104,952.5629614762555,960.877751931141,952.9526886759669,961.3940242870057,964.5325396825397
395202,234,"Warner Robins, GA",msa,GA,,903.0955058900928,902.211100565528,906.3047426703594,903.5506424253864,899.875898595146,895.8506725572878,900.2558068051053,904.9428504846294,907.6947000373816,907.8061518469117,907.4251130070168,913.9280713158959,911.8742245946744,918.3076462343776,916.1831463780879,923.5145923184538,924.2439486281191,930.2029508799294,934.723223264772,935.4480603971468,937.4591056529512,938.6800162890494,944.9373175994536,940.5924191674625,940.4394774565441,937.3937528853398,946.2678414227805,947.416974926286,959.8628367191993,966.0059484386817,965.551136330003,961.5414198925212,959.8338561903981,965.527107464324,968.557109713088,974.6225072245043,982.2214092667157,984.6937628510848,982.9709084326444,983.442789327336,984.3761012720396,989.1160895822193,997.1402251871075,998.0925986302581,1007.0568146805731,1005.3050974097922,1010.8021166426719,1012.5589629347684,1016.2467859246592,1022.6783089637564,1028.2769083955743,1034.565883489563,1036.4449372969227,1037.686282974897,1039.871970866605,1050.39575871874,1053.497507344879,1061.7700281619577,1064.8861251739197,1071.660254838538,1075.6968302837292,1077.3807631890468,1082.4662277499408,1084.7769475666635,1094.6177269823754,1107.7752841438034,1114.5939206829626,1121.3365391363432,1125.7691600953583,1138.95680196098,1145.7551534909344,1155.7215993893578,1161.7268380504304,1176.014294646465,1192.572631902096,1215.2595822485143,1218.2282630307654,1226.4586951333272,1229.955194158447,1256.000114961034,1281.3460311679564,1299.0909597409463,1318.6435872214547,1341.7368836009155,1356.5860896670165,1370.7842536923713,1375.3796758151286,1380.819475467728,1393.7963941851092,1407.1089431437565,1437.5972809462698,1431.303964325735,1442.515715249827,1441.5167062309595,1458.7321997506986,1452.6800649848321,1463.4590426131724,1462.7134094940507,1481.6451777932723,1486.8286171711404,1510.134756703357,1523.1627754411338,1527.6215348817623,1531.1884583813146,1526.9999904066221,1534.7300040862,1534.3124114135749,1540.7672868006707,1545.771111415471,1559.039308368572,1569.913692887667,1576.8595147448607,1568.2213457291161,1569.1310276534973,1568.6060578099773,1581.7376000646286,1591.6823278150503,1599.642439554268,1603.7213465412276,1612.7996479545084,1615.7708448157143,1617.3999815932884,1612.4038157189223,1616.6869094366957,1622.4655487881294
395151,235,"Terre Haute, IN",msa,IN,,,,,,,,,,,,,,,,,,,,,,,,,,,,,,,,,,,,,,,,,,,,,,,,,,,,,,,,,,,,,,,,,,,,,,,,,705.1730777263755,697.4752440603418,706.8688595592959,711.0418474570608,728.7393015813761,740.6236325615502,752.7212859510615,760.5454127344923,764.3178543694415,767.4038783829004,780.0933009868047,775.1372591282759,781.2496623487001,796.3630654253826,805.3178930764519,821.2843615759942,817.7320354769272,812.4700460730803,809.5306247259066,811.1995574766096,819.9474611059661,821.9406843710028,830.2404294074057,847.0350511689833,847.1684384130403,839.9951950081703,835.6696033919729,838.2359033851279,852.1874026797341,850.794368250274,845.8103099360255,850.8082751828483,855.067485138544,867.4333641925637,864.8748383902451,873.1616936122863,874.4689471768916,882.185565875229,888.1771151578524,892.5879268730215,899.5420107878721,897.81726292726,911.0379161516198,914.7741172461815,916.4519539704569,915.612698648191,921.0491097525804,917.6423095090354,925.6502039803589,931.013686671965,937.1914714535668,939.7812975009592,938.1258764415269,951.781954887218
395162,236,"Torrington, CT",msa,CT,996.8750747853933,986.0420931387571,996.7719878230702,991.5110933606192,1003.6470045285746,1000.5787329594257,1011.2731042565955,1008.2334771753532,1013.0157487779039,1021.3477669867273,1017.1653295885742,1009.6409979259643,1011.3219259389354,1024.688419313137,1025.2672994347406,1027.574839209317,1019.8941270124084,1018.1358246975485,1018.260230227085,1024.3345109874679,1031.316283171866,1024.2503484660272,1036.8972384617707,1050.0236433839232,1073.6482140347043,1067.06715582845,1063.7611156153444,1063.3714278497118,1070.8646867840969,1084.8841082146032,1080.1063341655863,1074.8912201856856,1066.7670128573873,1084.2420046365726,1082.9125214541791,1072.0907003347224,1069.0949940130247,1094.6333991298561,1118.5924933141873,1119.7307400319896,1103.9349778683,1105.2579456756534,1115.6249828455389,1125.9831318720433,1135.357053981339,1126.2562459157712,1142.497434627407,1140.8407427430316,1147.402005545351,1130.4577147828127,1121.64117450544,1129.7131163656052,1148.8935490633946,1151.660664330347,1156.174165974544,1160.4811125516803,1167.1585138965331,1178.5936956074459,1176.826284447705,1194.6310153268541,1200.733046765768,1217.6431468299045,1228.3062180496113,1261.5360236531367,1258.1583358304074,1239.3222749580991,1243.8312609342852,1288.6464202713335,1363.1125875171108,1377.254749316089,1401.6964581825287,1390.8261609605302,1421.5025314771972,1430.5753916034328,1439.3057370936922,1426.3149196749448,1461.5456433303368,1509.8881454929133,1541.6302169109563,1523.2558605997315,1493.42087672538,1507.2566283608824,1534.610419041264,1573.9421139867227,1568.1744132449605,1578.130514769862,1594.4406321622832,1642.093046909463,1656.3651838310022,1689.01185259467,1655.4555444022465,1644.4162244461447,1620.0458134049868,1668.9447463278661,1690.0903432396196,1709.549754837086,1721.4474647118525,1745.1351469651759,1755.8329987020065,1745.827799358509,1730.52617002905,1718.1308441073622,1802.925966490459,1874.766542150588,1923.8926823512377,1921.7458902430417,1895.3118867662463,1880.92873677812,1859.8124247766436,1903.4394686583819,1945.6465637527224,1968.7038660547519,2002.8727653489502,2015.3067239987142,1989.6105427142656,1976.0328144507093,1991.3615058539494,1997.4058992338823,2034.2940360159578,2061.7765981072585,2108.4638017696857,2090.957506379395,2080.192896700352,2089.334369390929,2098.4993270085074,2118.5892255892254
395009,237,"Punta Gorda, FL",msa,FL,1051.8228752562138,1066.373416366146,1068.6964368017982,1082.855510868217,1077.1597009601192,1097.8799111339677,1107.2477288218645,1132.8143483175131,1130.0249208965577,1138.5527037679656,1134.640875160448,1155.8605572741012,1162.9073784654254,1166.8536018955103,1167.2994167189083,1159.8013695910925,1162.3547385998254,1155.5255680784155,1165.969312975662,1170.4445148172404,1175.144371222153,1175.2547606651365,1176.7046688642229,1182.301887103175,1181.576109528679,1184.9238067145732,1206.693720407887,1224.4321846137075,1240.24793437,1240.8721531651695,1237.8994827542974,1230.5345294348615,1235.1915332793578,1242.2397721675597,1250.110422655809,1248.9359584013166,1261.0620272399076,1267.3297487858079,1268.8825231147573,1271.2612785123756,1276.2182016584877,1280.445482150231,1287.0899447163683,1291.047597527659,1296.5098351580086,1294.3136714437576,1296.963828850173,1288.3385158540268,1298.2761875162203,1313.7121421006166,1312.8685801588233,1315.2673496242808,1315.3379060631241,1324.6631452386089,1330.5496365450401,1341.572983760765,1346.3202853929254,1356.454190262515,1362.5822086951775,1380.471057622891,1378.928425556384,1375.6408861878838,1364.1081620907369,1370.7416898770116,1392.946978165495,1403.2548357524274,1425.109598130947,1441.2013986113795,1445.2700750260974,1447.446437491447,1447.4293551343608,1463.6948455495108,1468.2344484009807,1499.1025928879912,1521.5753499009365,1549.4815731482572,1543.9345614888223,1568.4557218085267,1580.5782130160615,1632.4158381391517,1693.6880993367,1748.3078025562284,1800.1671734905312,1810.3190972037762,1868.0472146915542,1875.8039033557682,1889.4537034022887,1901.156745852404,1944.2879830564686,1992.151131500296,2029.7294789977689,2004.7747862821604,1991.8003788032945,2001.5152817405562,2047.9311799841503,2095.293602058285,2093.7353591249594,2096.1237117159335,2100.8091631899315,2115.839578670923,2121.7000900466387,2107.4371931955916,2105.2634594469027,2108.646745052429,2100.4733147003667,2073.449584182059,2039.7403032004738,2030.1420851339735,2040.4742947259138,2067.7849441672683,2082.304978019866,2079.1133595469455,2049.263465856154,2044.084735819814,2039.9289994774986,2049.411744568773,2058.6221907799018,2071.485683670988,2071.7224994538497,2061.456263079496,2047.5476024795757,2027.601936153241,2014.3486698708994,2008.718843734653,2020.2750842215887,2019.8896269118306
394386,239,"Billings, MT",msa,MT,850.5501835036424,875.0670263244058,887.9513187547328,902.6003950860032,906.8003891519778,912.7352421055576,903.1743588110426,898.5400578726385,886.2011842291743,899.8283394325274,896.8551414957277,900.5113681460696,894.3102809768227,904.1551900364431,906.8754350027282,904.4808973812786,902.0224898957051,903.9110298048341,909.9549848521738,913.2332104644825,919.5374159717103,915.1634623941798,914.9163054375005,904.4240514138008,909.667993795262,911.9786519654601,919.5368284641047,920.5992396462073,919.2531199713458,919.5551321286241,919.2953886901919,920.1850285404969,920.2415212613032,920.2937390981743,922.6576079541691,923.574149273907,924.2537880439471,923.5278695026911,924.0537842471415,926.0710673232987,927.7998729742822,932.434775627602,936.4773677185425,940.6011195360259,943.0539280937569,944.3347381402833,948.3098200535724,954.6161659111555,956.6895857852157,956.8687525002737,956.4388885831854,959.2002517846364,963.5618496092185,964.4153004490475,965.4763333174143,966.7559456051531,969.2250973565034,974.8543526475248,976.6794573142743,979.606256158369,982.9193695013064,989.1431369285639,999.0064953261934,990.3761597321895,986.5363690266219,991.1463399692952,1008.4054274505953,1024.87978431707,1040.9238303943837,1055.6957373025937,1066.33096252327,1074.260747548882,1072.639548425786,1078.3589829686252,1083.8083633243439,1113.56532548252,1134.2445720080866,1158.154602182569,1162.0312671876193,1163.2062355743033,1171.1395369217591,1183.1488503818716,1205.347926439324,1206.8693020769913,1217.0947207371337,1222.070402799397,1245.842960820848,1258.7892537859877,1276.6892361104829,1287.0260472032633,1302.2900394394194,1317.1858039434007,1321.3675814600776,1320.0049608365582,1312.3857419859805,1324.558223124117,1342.3277754450405,1356.620897922369,1360.5546193122664,1352.0816934597076,1357.998475705965,1353.351537114349,1358.0692096588639,1354.3378660146957,1360.1219613482533,1359.18528334748,1365.7200149337798,1380.4224198701663,1389.6563289104,1393.2231531579707,1385.6896141470088,1392.69949283796,1388.1376866402322,1393.9555940674118,1395.7489272129317,1404.6703909084852,1409.845425721296,1421.8553020054921,1428.7849034735655,1424.00227854973,1419.1747208907552,1421.5574352539759,1433.5496434323984,1442.2121809386913,1452.2948997358183,1461.3162037037036
395018,240,"Redding, CA",msa,CA,,,,,,,,,972.3281811224217,980.926425846178,987.2562636878653,987.7194919915212,997.0953178387061,1006.4189334768747,1019.6793534965489,1018.9899528888014,1009.2724111040117,1008.2106343434345,1015.9508664608907,1020.7021635106667,1020.734772994841,1025.737081663671,1027.5266112483348,1034.3776395588402,1033.847540945046,1041.480549139122,1044.7702618197645,1044.495948548521,1049.2280886752962,1049.0758065328998,1050.0193810759338,1054.8249869736308,1066.5474330082566,1074.8443621097022,1080.3060925635855,1081.4817482050235,1088.3644139118576,1088.7619469190295,1089.1262689597067,1093.410010924769,1101.5110600605713,1115.397786220228,1119.24475209954,1127.5069228946245,1128.3495347915718,1127.5703198306333,1139.0817794423228,1147.1325811511829,1153.948691329999,1162.161382251995,1171.4120040256828,1181.6217367787606,1188.1966724304946,1190.6158116927463,1199.1960550017986,1202.7138992640987,1209.344834352145,1218.0975324074147,1219.1839827144827,1224.3504599437842,1228.6960928061574,1233.3908129750605,1248.3571494044943,1251.9567052223124,1260.921695280973,1266.4858530523477,1267.9485170538567,1274.6189725103643,1276.1167083936043,1294.498576558386,1298.7504523499254,1315.0122986255617,1321.7121361469906,1333.4322638782296,1352.131230901282,1350.7588075665037,1354.1100181968102,1364.8176564410874,1391.6434581943709,1417.6049845953842,1431.382031558258,1439.0238768183224,1451.953052978648,1462.6537668031942,1472.9229862314523,1470.123968167488,1470.0075129252302,1492.898749636483,1528.5764080794422,1532.7827862776019,1530.0530117505768,1526.4501330439896,1542.4745141589635,1547.1409520495322,1553.8591294061753,1551.345775867978,1560.6535457505897,1571.3458895317485,1573.2539211420908,1574.6308874145673,1563.5718218285397,1578.6958783102577,1584.035729314283,1589.907264492384,1597.9360174906362,1603.4278100960667,1613.6807469043608,1611.5392353550178,1610.801627292495,1613.3069450795801,1624.752747473668,1642.9880549790253,1640.4221984013604,1652.0560710805096,1661.1023328165466,1670.1838723505944,1670.5416576254115,1679.309772507355,1682.4431358209447,1699.8959145460922,1710.5932561590241,1720.5106336810206,1726.7744136493561,1723.250509422664,1739.5754195248883,1737.799990877577
394748,241,"Kingston, NY",msa,NY,,,,,,,,,,,,,,,,,1084.0448927865527,1092.7232140020726,1085.9556078034452,1088.7685571511747,1065.698473400423,1091.0964146445172,1087.1369244041339,1097.8834815423816,1109.48646263962,1157.1615607364674,1167.9054988629744,1171.667641806151,1168.4920911462225,1166.5022604708558,1162.7207197824314,1151.6144784996861,1188.497379767353,1183.370124843008,1218.052008722047,1240.1227369374724,1238.7412268017406,1212.3216095949629,1175.7365889352122,1199.7309214402208,1209.2731538437963,1255.5812971704377,1284.6304508051694,1309.7617776463192,1302.1085486273926,1297.462944052999,1287.5746822331926,1250.8421698182656,1252.9558325090452,1273.901590763602,1307.2842620349284,1298.5884440661523,1305.7879046641663,1285.771088364892,1285.967281463092,1294.1965382880887,1309.783780492793,1336.3808629313198,1354.6319407240671,1399.5036974409143,1428.9241780533016,1450.0805347353896,1402.0826968164783,1389.486428367627,1399.1014810907827,1404.7263353514406,1438.750634853302,1469.3361054358015,1509.3908287680565,1542.6592564384653,1559.7070906429433,1610.8038762020067,1623.6834205064367,1627.931247600805,1597.65407628398,1616.537710095878,1643.7405185037271,1699.6015032194896,1726.4783030184644,1750.273698149586,1741.5386126177514,1761.385897336057,1764.455920777962,1772.2212357960532,1767.5253377974034,1787.830810323739,1841.2035384530966,1861.4447739853977,1860.9610286956797,1854.0785453379813,1842.3617641025028,1839.8743826252253,1850.2756748118709,1860.329037060083,1883.9249839936094,1884.4895815299062,1896.8187495174348,1882.4927911826994,1885.6563078087358,1899.2276433542334,1919.7010469669945,1896.2896232234107,1883.432612803369,1874.5158074762899,1873.7872171320662,1857.8386195201606,1872.2398117363539,1892.086391857756,1918.1437749785023,1940.1315454474716,1935.7290982276713,1940.1716298847807,1937.2854058808305,1943.6393245967838,1970.116131344736,1989.1220996824154,2001.4005052824455,2019.5003195224529,2009.824368894858,2004.7984950208727,1992.4169892894338,1991.0364355968252,1995.2178312331343,1992.8135396692635,1996.1094732793897,2012.9666666666665
394960,242,"Panama City, FL",msa,FL,997.0174531625976,996.8367360474892,999.3320933964394,1008.1412558913721,1007.4270874127479,1011.1752419812,1009.5711362067179,1017.6979077215503,1021.4962856875793,1020.9217052298899,1024.8620946306378,1027.6538717317258,1034.0120498223873,1035.69534084664,1043.5092859525316,1043.908472718515,1053.0461164533008,1048.5317030440806,1052.2264219545693,1050.3210618102537,1056.952204158845,1055.065754297239,1040.7341625673855,1038.4574424468037,1045.2502544105932,1059.0058622344009,1058.0736183162599,1066.2501384620757,1073.2883029187917,1092.373998202967,1091.9561837129781,1103.311548718712,1106.1513046887592,1114.099245960876,1107.4569704381383,1103.3584356577253,1106.3159006418757,1110.558712898635,1122.1463174766388,1125.672635439643,1133.0006518338676,1138.2877400511304,1155.259454847127,1176.8800255467424,1185.5729863029164,1212.4619753353115,,1344.5919012883433,1382.3884163587095,1395.9220859131171,1423.391368836808,1452.5266959825622,1475.0624306871448,1493.5688319300768,1509.040784410996,1511.184733451005,1526.1243455946517,1519.1657739109287,1478.3556407831925,1443.6863254570249,1418.1738415723046,1405.0623478214864,1415.555989987645,1414.5666238414028,1406.2782318445732,1409.1400386778187,1413.886554539912,1441.1246520597708,1454.4870736393534,1465.2168661839598,1471.7738826945115,1473.6018870646994,1486.5534661502293,1500.4951857826684,1530.7814196096829,1548.7178920869824,1570.9958064444484,1582.9373558173745,1602.3027792750872,1634.0305826787353,1656.5046663975786,1687.198926497805,1697.3368733288073,1735.2208798445754,1761.5449700807794,1778.130179657503,1767.5327577333915,1769.7940580058555,1778.9402848891084,1798.969726122683,1811.3482198562706,1809.5673410211573,1814.5905326046739,1799.0896490634889,1796.992257312317,1788.1993511841763,1795.7227590846699,1811.7049889365428,1825.0410479539444,1829.8445959678425,1827.229381755776,1819.9240434916292,1810.6168090296312,1805.544513958483,1802.6015691767795,1816.9469856696116,1830.9365500777267,1827.9973983634795,1820.1895300278318,1807.5966755799075,1816.3558162222698,1823.9472348362704,1828.623098255464,1830.1553419552097,1837.1363941907985,1843.1992932959636,1846.1207765508332,1842.7706887268407,1836.8035364170378,1840.5835127193238,1841.7536510632938,1843.9188940340923,1835.1784990861493,1828.450108353307,1824.9687196496482,1823.287685883768
394729,243,"Joplin, MO",msa,MO,,,,,,,,,,,,,,,,,,,,,,,,,,,,,,,,,,,,,,,,,,,,,,,,,,,,,,,,,,,,,,,,,,,,,,,,,,,,,,,,,,,979.1117391092147,977.7152520636198,982.9130380825909,994.3221112587487,1022.7713174402074,1041.455048931279,1038.8124303413977,1047.8579138306557,1055.9133934939218,1062.4016041562443,1049.973432161766,1057.9267674262605,1056.8714396305377,1073.7543293215103,1078.6868667675806,1095.4026009956813,1090.363565798206,1090.149096379255,1098.1968753542028,1103.1326428372709,1111.47931155436,1121.0897042948075,1136.6892024051147,1145.6645750413982,1143.3090173901135,1153.4058795424867,1147.2683020503666,1141.3357765619676,1128.1074182679556,1135.777804441174,1151.360987088921,1164.01790284722,1166.691564192709,1168.6097620693229,1176.4247261769035,1177.2842617693093,1190.4003181224223,1187.7104042260798,1202.1742752347286,1209.1123587864856,1229.3195609859106,1232.5491485986595,1229.7634779238251,1228.092833092833
394539,244,"Dover, DE",msa,DE,1011.8719989390069,1010.6761272285297,1029.5221599878791,1030.17274432441,1037.8087086070832,1026.5255219517544,1024.6930105635447,1021.9300335349441,1017.7522775109373,1022.5368709519373,1034.7026906451879,1046.19201658884,1043.5313295616354,1047.6507901417974,1045.9684009070163,1045.463846261684,1042.6018035368986,1052.966537733842,1057.19178066171,1057.5193250454672,1054.4392774202224,1056.7012301538794,1053.2845837370405,1045.9004488382598,1049.291149977967,1054.9025994913022,1064.6118289488627,1067.9848859792785,1077.8886202198496,1071.5451760562048,1078.822417844106,1070.8771605410577,1079.95482920896,1080.2420495945073,1085.9720169786974,1103.2395070724854,1107.8436331281544,1111.0097654901165,1101.8926097305803,1101.844533494909,1101.3375220933406,1106.6431999773035,1104.9833554903378,1114.9434235324602,1121.1519908180037,1124.7688739976109,1116.945740250292,1113.682093046933,1119.2431963329072,1123.370139838406,1131.9873766622413,1137.2960504491073,1139.9697497578493,1143.9218476818976,1147.3618191920248,1150.0612340250427,1147.814883579355,1150.6226392178407,1160.4343193712741,1161.913669057343,1160.9982504993654,1161.1385899008496,1176.2368753318347,1172.639993903353,1169.2778448062243,1175.3119851429358,1182.5097589109732,1196.1948935489056,1201.4088301266695,1221.6855028895013,1231.905381858666,1249.5458459594595,1259.8776852135518,1287.5040733972555,1310.123855824217,1338.9638577907526,1362.5879615481724,1370.5808092082252,1396.7122702184831,1411.3242382735052,1444.0678513469768,1456.664657041356,1461.8400608078045,1469.0513172589688,1458.4613597587534,1464.6614576236623,1464.5649904320449,1483.4688704207176,1499.323223272938,1513.8367211472228,1512.7291270295766,1514.1348100159787,1512.2918256403032,1520.9486541838971,1536.9330503260046,1564.2770430555315,1580.389718982486,1570.2089261710812,1553.5340592837383,1540.5009124944147,1539.0886135447515,1554.8845948439755,1581.3425938293403,1607.4490674104443,1603.5837468634277,1601.8111009030174,1598.7018496236628,1610.4745548635315,1621.5617955616212,1634.445009199545,1647.8584501146913,1657.026110113633,1663.2837550223342,1657.6704800779476,1647.3782742138592,1638.7301651281139,1651.3043782202978,1661.0150292577057,1670.135297155265,1661.0332416795477,1661.952010829494,1669.779142350223,1681.654257276839,1690.5458508436452,1696.6560016161843,1704.0248366013072
394559,245,"El Centro, CA",msa,CA,,,,,,,,,,,,,,,,,,,,,,,,,,,,,,,,,,,,,,,,,,,,,,,,,,,,,,,,,,,,,,,,,,,,,,,,,,,,,,,,,,,,,,,,,,,,,,,,,,,,,1606.9484818887483,1605.6337837372548,1609.687198396541,1611.5333688858254,1656.0484633613473,1663.190592461609,1654.731894636393,1658.996445898074,1698.67973910335,1723.0625720340856,1789.418062087727,1757.8263926631814,1784.0141797124634,1740.8681124820566,1734.271327279372,1751.4655837933456,1743.660768621653,1767.0887325021138,1806.1577745722927,1844.180152049586,1863.9478115625639,1875.0529178836925,1847.025389615954,1899.4660555785838,1903.715316004031,1982.2222222222224
394712,246,"Jackson, TN",msa,TN,,,,,,,,,,,,,,,,,,,,,,,,,,,,,,,,,,,,,,,,,,,,,,,,,,,,,,,,,,,,,,,,,,,,,,,,,,,,,,,,,,,1059.4570738886118,1083.9054187688603,1108.250692212549,1153.0663278713305,1146.8821039066281,1137.4382389260081,1147.9342376899012,1166.264411564318,1167.7072602542573,1180.0682189500646,1198.491169935725,1214.6559123994173,1214.0694794125357,1221.5008465189017,1240.5256392615577,1250.174507868232,1247.5588399543667,1255.639871358695,1254.517316673191,1270.61548958054,1278.524603751084,1289.2638587776041,1301.3603593256032,1307.3804987937951,1329.5345347366522,1335.476590825316,1328.8453825917632,1321.8631135515961,1335.7555371595342,1358.145655023611,1384.567509540067,1389.4141349098702,1406.4234522090492,1410.2334970879435,1409.5841608831163,1411.1697441100466,1417.6812114816614,1426.9257226030843,1439.5743968297313,1451.8622335645268,1463.6021154573173,1462.2708714486641,1458.1657232497478,1460.0995475113123
395246,247,"Yuba City, CA",msa,CA,,,,,,,,,,,,980.8322524388738,987.9438231855146,995.0141523129599,1001.9565655620621,988.2949081054087,998.211306918565,1014.8982435092959,1024.5542011738714,1017.7720291479424,1019.1243497042113,1030.5799204385526,1040.3113640914037,1055.8677779221166,1065.2868254634327,1072.6598589631008,,1070.5028745662087,1075.0530753260405,1086.3515922226334,1105.0041973426974,1115.3352640928892,1115.9440802605156,1120.8735402965615,1132.8257185577852,1136.072295713357,1139.188683986198,1144.508179180207,1155.842600455512,1163.6596802679962,1157.8615710362856,1166.542694966353,1159.6859291405206,1178.9816601182604,1185.2544898242616,1199.2919837164593,1199.209563387769,1209.6365552241236,1226.178448400266,1229.5566262959287,1237.5097625663109,1254.6707785131537,1273.0030796506967,1274.2866132295317,1286.3472537621872,1284.5618632569265,1296.9888075517401,1298.266684941459,1308.0715404420491,1313.1877441366198,1313.7574084004539,1323.9912252449087,1331.9160616472966,1330.9763413491423,1333.1365618395344,1336.9789843001092,1346.9475854735144,1367.6198376450548,1382.8190771641707,1420.4426131424452,1440.9511799432019,1456.452478416135,1459.669706402596,1475.474166501748,1498.01062952464,1525.9636105032184,1543.4654428565402,1572.3140845841638,1590.5677628768435,1610.2462941304686,1617.02139232928,1616.7473783439805,1616.337824317975,1642.3590156956946,1658.0127657268001,1682.5838882520266,1686.2918032908776,1703.688015673789,1711.9188644881824,1718.4838056502588,1720.9193770782447,1719.0037929093971,1723.4577556453942,1714.2776388528791,1737.471229568002,1724.3636759319302,1744.6861764537493,1717.9742175633623,1722.8439159620982,1716.3422329835141,1731.2617475545758,1739.6893762459383,1744.6295451787996,1751.8001433827776,1769.875706481046,1787.1904528284822,1788.924251321047,1797.7409102139607,1795.4408558641958,1806.7805503623224,1805.2904090614438,1802.7981999151664,1821.1597054956333,1834.1433204395153,1842.8977245560359,1850.9093987478811,1849.7533261557733,1856.2435316402518,1859.0283589734274,1868.2840447096692,1871.5818125693681,1884.8894279439946,1896.0786310684375,1910.1704830484039,1898.4197327919574,1893.887663398693
394406,248,"Bowling Green, KY",msa,KY,,,,,,,,,,,,,,,,,,,,,,,,,,,,,,,,,1045.9917428674648,1039.4342564809835,1036.7302257214037,1019.6568699443967,1012.3586104733138,1014.5000016533805,1013.3631861035848,1015.6174779260037,1021.5592812578766,1028.0433012968738,1017.5568063761765,1016.6697232123157,1017.8721134448774,1025.0845518402782,1022.7785842666946,1032.4112458536931,1035.0729458656713,1039.5531246499745,1040.9174082533175,1046.6233019109677,1048.869361409874,1047.6839048459808,1047.9245749171816,1050.6931039066533,1049.887355356068,1051.5802198180318,1057.055236185533,1056.2481999930978,1061.2505351229938,1060.6842089791953,1066.4977784043856,1070.0542932460714,1072.0803352711164,1077.7238131216611,1078.4242571320547,1081.682693003807,1086.2675192148354,1090.6657550473042,1087.4178531434413,1084.5959309311886,1091.0253292124546,1100.3090373079078,1112.2161205556574,1114.812827031998,1126.6376513322457,1137.8300146747422,1156.0647656635595,1173.8427277247974,1190.4103701077095,1199.6993823021653,1217.2217612259442,1236.2507183267137,1254.1607593666008,1263.0371758643505,1275.161333477783,1290.0233044284807,1289.4347777997423,1287.7423251757832,1284.8070442567455,1290.3747505642546,1304.0674524310573,1316.4430696673296,1317.8540474647639,1315.6826051177072,1317.0791226228723,1313.480262226821,1316.0927836577014,1316.8577816660857,1345.5645506508722,1358.3262765116806,1368.3329244842487,1367.1557019085838,1368.0111716455554,1375.546103326081,1373.1398920070867,1367.8210793374533,1361.7792475623569,1372.1423378184086,1380.04483375393,1395.4719849857483,1398.4024633782908,1400.7334653330156,1405.0095004726059,1412.7686507534263,1414.2032109769007,1411.8897031023837,1420.235036100293,1431.1619943310163,1439.742202038767,1438.5282584863896,1434.1510800799288,1423.401368392103,1410.1575514794893,1404.5578431372548
395119,249,"St. George, UT",msa,UT,,,1040.049653930132,1043.6541045778504,1045.524409180726,1046.371935490506,1050.3049011417816,1052.8008847667477,1056.3542694821142,1059.7137564436273,1066.637652670143,1069.6235893115563,1078.222800868846,1090.4073264338936,1098.2199160245211,1097.9305872092502,1106.7664031171944,1113.9780706065305,1132.1358719373725,1128.2728800008722,1139.209796976522,1143.3986834029397,1151.9018562136623,1160.970022801091,1164.947039557055,1173.7537785846207,1176.8191975172056,1188.8920833285265,1193.9130450704604,1200.0235068734207,1204.970884669798,1217.237196759419,1231.6544917574006,1236.596903359127,1241.6913781972873,1241.4526200871176,1246.685641423468,1248.704150856954,1253.6183714442361,1261.1798861029654,1270.5921946492078,1279.1648895507642,1287.4588827266946,1297.3845510692495,1300.2197835166592,1304.9562208546183,1305.6542316047896,1306.9775348604794,1316.81841847989,1323.562463844119,1330.3696069812909,1331.9050987499843,1333.4758643814134,1335.2351046976983,1334.9533694997588,1334.5744599151437,1335.047286311951,1340.200564559162,1346.9391056153154,1355.7097925714854,1355.4995337967123,1357.6459090126505,1358.8271989503978,1361.2540555986852,1361.3637529097987,1367.8591360349203,1382.2486625592899,1395.5873510799804,1415.900259825366,1437.1270970641117,1458.886310582983,1471.978292300853,1484.1242160865966,1503.8942971926153,1513.1475606965603,1532.0650438389423,1544.3321819385567,1575.2429130567623,1599.9591767633801,1625.651079518588,1639.9153857490192,1646.9521616133864,1653.6280385111195,1667.2824914720338,1688.832563204776,1698.1110068202627,1723.7063327315884,1733.0245217298957,1749.1228386147418,1749.7750631839658,1757.0483684424973,1755.6491991046055,1755.2107371962502,1747.6930457536741,1758.137192432555,1766.152400754388,1772.629086773333,1767.522476175846,1771.2903047499046,1784.5894334330021,1798.0801048688022,1793.1647871039474,1780.6037103174533,1782.802133777908,1788.7029341543641,1797.2651850452114,1793.827425344598,1799.5202975967668,1793.1467076564695,1796.282349357049,1785.797086305227,1788.1021899470368,1790.7285144912682,1804.629136463129,1818.4784675938827,1824.6781452632545,1829.1368412258753,1835.84994975721,1842.581349383302,1841.8723101010023,1849.1505597623564,1856.8184233961479,1867.510735391434,1866.5491083108118,1863.8052263307338,1863.3982983550766
394896,250,"Muskegon, MI",msa,MI,,,,,,,,,,,,,,,,,,,,,,,,,,,,,,,,,,,,,,,,,,,,,,,,,,,,,,,,,,,,,,,,,,,,,,,,,,,,,,900.2599013024616,913.8376226518301,917.7281230802403,918.582659896048,913.2407464465568,923.8765954413893,934.9533901356361,947.2808847230518,963.6507852944111,981.6701394626467,990.1091055899316,995.3766755220792,1000.2912586265434,1007.4981281201316,1011.9306544601874,1020.8496675870576,1025.8653172692934,1024.218157221011,1013.0923133087043,1022.6434099385646,1020.7242638918119,1029.5604086485218,1030.4287457899388,1044.8604586625183,1046.4626362919626,1036.4469258294766,1037.7612943632041,1047.821826663855,1074.5510881866423,1072.3561551421994,1064.061657062384,1066.2402376993678,1089.6590892031447,1107.0270325522565,1101.0789750901372,1105.4733898735008,1109.849761472258,1126.442585691161,1137.4765721721412,1139.3627372091669,1131.5698463351691,1146.4210962448224,1170.076959011863,1174.7710155110613,1167.0238025553394,1159.166717888024,1175.1836987073827,1176.3131269723556,1183.710826210826
394299,251,"Abilene, TX",msa,TX,899.6924518837834,901.2081328799654,902.0853182729372,900.5716819345422,906.4796180579776,908.5446597789745,909.7184906484924,909.584341839425,911.5158215177205,913.1510632167032,918.4460411220942,921.1461074286985,922.9974900861367,921.8916898418812,918.3223109658657,923.0612681944548,918.6586136812039,922.3740490414402,922.0291734429121,925.6607466300909,929.2580705651395,930.430304254295,931.7573025071755,928.0479265301508,929.2894380933947,934.977101449531,948.4977317192418,954.6334612004317,960.7131752639773,961.3700960276266,961.174695787953,962.186216437674,963.3651188172521,969.087469550583,970.0971513099252,975.673764835133,981.4367781233708,986.5752591794861,984.1224072157935,982.520098008145,983.0065203045534,989.7307444127863,996.0410594417127,1001.2277442359639,1003.5954022267067,1002.2834530712785,1007.6157928619944,1013.3474235196669,1018.802166774928,1017.136652840546,1020.8293866960629,1026.1469771366292,1031.756002775048,1033.7428623909495,1037.5112893733424,1040.904477161347,1046.488696162365,1053.3395316333338,1057.374529157298,1060.1418059704613,1062.2331215504955,1069.5293034951778,1072.5826899731196,1079.269351735695,1075.8885166328705,1084.748306342973,1091.6129671532674,1099.5055064244805,1102.7716714085389,1107.7283943678738,1115.592590286694,1128.3325375308248,1144.9345564167181,1151.229602223013,1158.2112735031458,1156.917078641235,1168.5336812449034,1170.236763900202,1184.88542570799,1199.1088114845713,1216.4893400871235,1233.4261456939007,1241.1220023206042,1238.6374230215156,1236.748224419215,1243.5177064920965,1257.9632871488923,1271.2925626113085,1286.0382146967938,1297.126040929672,1301.2059395958072,1309.0875303194173,1319.3654946532338,1320.3036735710716,1328.4704536869451,1331.4298394834977,1340.0323987281313,1345.6801588162211,1357.7475709478824,1370.3629609118454,1365.5920322579577,1367.8256910812825,1370.277750200326,1364.8716056669593,1365.367857059,1367.5736419995842,1372.9714819375818,1372.366063075276,1379.1416702878587,1382.08405339518,1383.3380208866147,1390.6707641065561,1389.1256863628503,1391.394857753411,1398.4213237611384,1410.030146789078,1415.9162766070715,1425.7132074598217,1431.8096101945282,1447.80586762463,1455.6434387990969,1467.3255709939538,1476.3316172502293,1481.811493955199,1503.452888040956,1521.04262125903
394707,252,"Iowa City, IA",msa,IA,,,,,,,,,,,1003.4572555837742,997.6803780322297,998.7473239035028,973.8203356035301,988.0409361454509,988.515015369082,996.232014758191,990.8680362179402,992.024673863977,994.0837918512902,986.5953449083922,979.9352505051882,980.5554340022513,1002.9412900543841,1014.6305437407322,1018.7112690869069,1012.948584044051,1010.9020642159248,1015.7742397254074,1022.6437809405724,1017.9223812766415,1020.8067710351029,1019.6181673792775,1039.7327741966535,1039.6667730553127,1045.5356062043272,1037.797483489427,1041.4474501055076,1036.0750359657432,1040.5052078685255,1040.2535970155495,1039.956536109658,1043.327967698725,1035.8475324521078,1036.0886940644848,1035.3923985631586,1046.1220287004944,1043.7485338952488,1041.0931279761585,1041.0781109115294,1049.0976041779786,1050.4291412091145,1050.0787730983263,1051.2386830513874,1053.893532521102,1060.106254474101,1064.1354530862423,1057.9179172373724,1050.789784946636,1047.3345054261279,1052.80164975545,1052.6223049156981,1057.6260393074274,1056.9137568513788,1060.1584787385136,1060.842198536837,1067.170875116262,1067.5200849079456,1066.1011547413764,1066.279715012927,1065.0332064115862,1076.8058710894115,1078.2420216504756,1087.900251657983,1090.0555334737867,1097.2908569152708,1097.469801251716,1102.3444747129909,1102.9027031256885,1105.9495336895002,1112.6076900070186,1118.864792542239,1128.558517102069,1130.0459322924178,1138.2174258473585,1137.0073094475435,1136.849267669597,1135.138357637838,1148.8923198933956,1159.1440847655865,1166.1483284389922,1168.0642430058126,1168.047394468677,1174.3238713708129,1179.0674431745495,1186.963867582216,1189.9214403714323,1192.1672046560384,1196.8454254100498,1206.6554794452775,1208.6550624296976,1211.8986569289777,1214.3761657203856,1226.3024788866117,1236.1235902243402,1237.5106655716183,1237.938481596656,1239.0407100616223,1243.9857312060308,1253.225971173311,1260.107009720621,1265.3181689825888,1266.7265404005632,1266.912126247244,1272.7215575436194,1273.627175612431,1276.684691717902,1283.4362631698032,1291.2285801214955,1298.575643109512,1304.5440450088602,1309.4920265905535,1315.3242137192703,1320.3983817910373,1329.6872494678478,1340.402914979757
394351,253,"Auburn, AL",msa,AL,,,,818.5717552873685,864.929438000532,908.7349181938373,1056.7573020463772,1064.6752267730446,,1065.5516431041997,1062.9736980390826,1078.3052346539116,1080.806443824241,1076.8900928552002,1062.3865078848933,1106.3156908980336,1114.7803443886853,1133.9658544922745,1082.0872297244282,1081.3014575963389,1088.8594492994562,1090.6964094871878,1098.4619223179961,1098.133114739082,1113.9260776750484,1128.673506847378,1140.5420182903977,1155.0268581969194,1152.778725845615,1144.925680778089,1129.9964570331542,1138.857422635986,1142.2035581206467,1147.8640546318907,1161.9927881753947,1166.879092983402,1178.4434065614325,1179.9590603997558,1195.1733524361653,1202.8542209938369,1207.1981199781244,1199.6791505170866,1202.9258293552252,1206.0434873094428,1212.8858646917247,1226.8719351550835,1226.9348246037403,1235.8799177590188,1230.267738276178,1241.338025466651,1239.3851462854948,1232.3337361845345,1239.6058586402037,1256.3731647251143,1279.3747494805534,1284.1398767427604,1286.8827893107905,1282.900921320374,1284.3274869429515,1284.4170526468038,1289.1364991644778,1286.34257362605,1280.5528756942629,1276.5267080845717,1280.5829018421052,1283.0093908644533,1288.4630091346187,1293.772388335167,1304.9285927626747,1302.6192325656243,1298.430826425967,1305.5777149858527,1317.169558139347,1329.2094493083,1337.2698516392782,1352.8564927690315,1348.3000449662254,1353.371073010292,1361.593158247059,1388.4706627723594,1399.3038552255593,1416.4339096399297,1426.447513396034,1448.5631593112737,1449.7282460140823,1448.7083424444018,1447.5900268822134,1454.7718861059107,1477.6546147812646,1489.5119864380858,1506.3150136851125,1509.4014068572833,1526.6191754335198,1543.0453389608451,1553.6111592101538,1542.0660424480302,1550.187957536617,1560.1468421596205,1584.1863896304505,1582.9820004517135,1604.519411864376,1612.3648819014124,1622.733781713998,1603.1593782765065,1623.461916360516,1643.7181096333197,1665.6423639993318,1675.568976221934,1673.3802880561557,1684.6889495802018,1692.7494854498418,1713.6407538794952,1719.2887397626428,1741.2878099505888,1749.5039422106317,1784.9221554572064,1783.7925101425938,1782.058818410283,1783.8738883890564,1803.5561107243773,1826.975915724813,1838.391945246582,1844.3583964992024,1850.7153432438804,1853.5048936436574,1852.0333333333335
394860,254,"Midland, TX",msa,TX,,,,,,,,,,,,,,,,,,1190.9259491254256,1182.5333549136658,1165.7069472932499,1150.1455122821892,1149.810763028411,1153.2085447586708,1153.536555745451,1150.4126894333206,1187.8023690123891,1213.656154425996,1257.0947484646033,1288.9217568155013,1307.0469424481148,1309.5386901497156,1312.0125522759233,1340.4227285615134,1367.627918224833,1402.0496026843578,1444.9007745694937,1469.4636853714653,1465.0519351840587,1442.0425241076728,1458.9956099694716,1501.3768126986613,1569.5808781287235,1634.1434563683824,1661.479868893775,1658.2280568544593,1662.098754302864,1660.270736697655,1659.898746630933,1682.0916544205377,1671.9500065380996,1707.2969882911507,1696.649543334556,1665.968867526662,1620.3580334022427,1596.7507725727637,1602.236968943734,1614.5248614236336,1617.0723461869939,1618.6189402623706,1612.3655771387757,1599.4179014111687,1611.9064898089612,1575.685033423368,1542.3893598933146,1443.3572313251352,1381.7151342971638,1332.4184262958445,1303.7461071204127,1287.9129101478231,1282.474835645184,1297.116585204178,1298.955889386827,1291.8507068601773,1262.619621029824,1245.743316907766,1242.5384482904476,1256.5063647402078,1271.5745108228202,1281.6676977738778,1281.835610352443,1281.6070879140027,1276.2410909637028,1264.8317474809585,1263.4959147818017,1267.3343263385582,1279.3704104076598,1293.411657323071,1321.3880603404712,1355.0391128815381,1381.3498101682937,1402.172132792735,1419.7844316528049,1435.2105205169087,1458.3694917392725,1478.5504856944171,1498.2880918012984,1511.5205818126553,1516.4423977673657,1525.3820346480486,1524.5936685912231,1538.5426532218528,1546.9530369119886,1571.872518651738,1590.523566733136,1609.9579085293647,1602.846720903744,1607.6499446173898,1608.6723803367047,1623.559767401436,1632.3576700268493,1644.082628333376,1645.0827649057828,1645.2606359027072,1649.0077062687228,1638.2871809719068,1636.8724346470149,1636.1315245181406,1652.4844373506598,1662.13071691554,1672.5400765152683,1674.034048196068,1682.8761708232632,1685.848675465641,1698.0354248858353,1701.1193179105346,1706.5222312409812
753869,255,"Bloomington, IL",msa,IL,,,,,,,,,,,,,,,,,,,,852.1217545229771,851.6200468087069,839.6609720856993,845.2099601072537,844.0616339588221,858.2796407037931,863.1271163299357,863.0961456060663,868.1847307531181,865.0377892086277,871.6854548381737,867.5511720696628,857.9487654486942,854.9893737948416,865.0211131627747,870.8994893578426,874.9691024668756,862.3643796484816,867.7945787067513,871.2459535390706,879.1468379501223,879.9419742897304,882.3949966587296,879.6302962820781,865.6240275060555,871.8554909113113,874.9267191480377,897.0814746268765,899.5629207186765,891.6399843660112,891.8787156793458,892.1991648467233,888.2028532512893,898.2187639844294,900.8368797669506,910.0393977025542,931.3007513525683,935.1796686832515,937.7574693718715,923.831304655747,929.612430738477,949.2811519234518,956.3779514020514,969.8497649906944,951.4829187432656,958.3365473646224,949.2863042117714,965.5452185684717,948.9510266133334,959.9747125027463,949.1140404934313,965.5933490983713,968.3067828430753,968.1194957800533,980.7880392584556,979.2473385382253,999.8014037521181,1014.7332159747028,1044.2771346165518,1053.3016095139078,1063.1678742468844,1068.3283259375237,1091.3879249394322,1115.2485310459658,1131.1372776882972,1140.7140312731565,1146.6786847119313,1164.2428667020786,1185.3015332472835,1202.4857467982567,1221.3049762559526,1229.6072972454415,1234.1943909277304,1234.4087556027257,1243.1255101640168,1252.474505737504,1254.926120043979,1265.7857998509544,1274.4810335198074,1291.4599682728685,1291.7104514720331,1272.8956224880096,1264.550247784866,1269.1204184093722,1306.5168163890207,1330.208878118291,1348.1446233071622,1352.5887746214582,1369.0719733432516,1372.5012598594276,1400.4852979121438,1399.1537813490263,1399.214994060093,1418.5545534346993,1436.1477178876914,1449.0072249159969,1436.8769873526114,1438.9936065739073,1437.4782955683545,1444.8629164338454,1448.7955248127348,1460.1470547285255,1452.949110673843,1461.7941720040162,1475.8875788547114,1485.5032008800993,1489.569975845411
394671,255,"Hattiesburg, MS",msa,MS,,,,,,,,,,,,,,,,,,,,,,,,,,,,,,,,,,,,,,,,,,,,,,,,,,,,,,,,,,,,,,,,,,,,,,,,,,,,,,,,,,,,,1072.1291564031633,1078.3413801447102,1093.8467487269204,1109.1202438676082,1133.9656189746454,1144.7396744274117,1161.5869250375379,1174.8148736763333,1184.5691357823562,1207.9057722516477,1192.7305758989207,1204.4244032281072,1187.0147828222632,1197.862700293281,1193.2761525606809,1196.0019394415758,1200.4126254574876,1203.642972447963,1208.801129941618,1211.437445367524,1205.3863293303525,1204.9303188079714,1178.3158284841732,1186.0892275926208,1184.5464194643978,1223.1026724870967,1228.5741584461196,1246.4699410353994,1253.7513358175324,1257.7441278202539,1259.9430713611387,1268.2602257181693,1287.0048659856595,1295.6134269090517,1338.6957834250388,1340.8549681133377,1362.9109771234243,1338.736170536908,1348.5935529590633,1344.9748159075368,1346.772475022846,1354.4683333333332
394944,257,"Oshkosh, WI",msa,WI,,,,,,,,,,,,,,,,,,,,,,,,663.9364550351008,684.2303215132735,,681.78588413318,682.985750071302,681.8329898347546,686.7155290712254,689.0046605146566,697.4822204424015,699.2971391878973,715.361551210393,715.3735753720563,722.9747641382542,718.6832098192439,724.0867366888401,725.9431750211554,717.1353048226102,719.3069867212528,725.9509190572419,739.8555754695674,746.6544682949589,746.5006177099217,743.2665056022724,739.6090984593651,743.5401691762122,747.3236350529447,755.1443071628775,759.855425166134,773.4643480317078,780.695457352156,781.1934543252283,774.1609878067281,773.3612270931112,781.487200470153,787.2228150645346,793.6239328918966,791.9041132669869,793.5753176571749,791.7707457935273,814.3950828128178,818.3214291546898,822.357330482656,816.1175533843317,822.9878934198769,824.734702835973,833.7935425766436,844.3010845383074,849.2934530451286,,862.5889175137793,,867.1098271953549,871.8599794254907,891.6953310873442,899.8586204729231,902.2638621993509,903.9097182960206,909.121584824358,921.8620198606336,917.6577853447511,928.0563873656723,932.2838933683389,948.2327054241314,962.1595703428139,966.8817017752295,969.7044505407549,978.5587779921772,991.1034402135758,998.2382061422755,1000.1325554793264,1001.6438527378531,1016.9061126519055,1015.7918156210399,1027.1855872116796,1029.4627910535298,1034.5898510478262,1037.5626629576993,1037.9160370250145,1047.7632755225948,1056.462153014995,1064.1131401940138,1073.9123435859053,1068.6514122366882,1067.4264631564165,1066.0181553202433,1082.9531196709963,1087.9964649522478,1100.5837806217385,1104.1411322857784,1113.2889919418574,1105.231237765509,1105.8923784876774,1110.795630044204,1115.9760540953207,1131.5882097536019,1141.347113429446,1156.4947178335633,1152.3906861506155,1160.2158793488804,1161.8487496262367,1174.1630659382242,1184.126352003868,1202.4547008547008
394555,258,"Eau Claire, WI",msa,WI,,,,,,,,,,,,,,,,,,,,,,,,,,,,,,,,,,,,,,,,,,,,,,,,,,,,,,,,,,,,,,,,,,,,,,,,,,,,,,,,,,,,,954.3686824748917,966.1445199974278,966.2244503382993,987.5698054274088,1001.41126245624,1003.605898878516,1014.264789691257,1015.6773787093591,1046.8913331856288,1045.2861038349308,1059.5412377354203,1065.6292427606697,1077.8532381056816,1081.7810525458906,1069.0609877055776,1077.8170178146613,1083.9974418124118,1090.3027276447924,1095.6749518137776,1097.1780650055578,1098.7640708382605,1100.479553673526,1096.0709359814157,1093.5230301486915,1100.032722764741,1111.3669069695584,1128.7708330719647,1124.3858600796957,1121.184715705879,1128.7294425564935,1132.4322625630682,1139.6075936334616,1133.603419041918,1140.3671138917032,1148.8765614497681,1154.576975659213,1154.4247499103071,1151.3015747080758,1153.3048150292875,1157.0555337014216,1162.6296323156305,1161.7740776490775
394651,259,"Greenville, NC",msa,NC,839.1016695290938,837.2378345032665,845.5232733783803,842.2342065039659,845.3984803920983,852.0249243602443,855.980844907966,853.9646704098714,850.1507647661016,851.3785699651455,857.9378100941046,862.3385647879154,865.1788947383781,863.9547058275245,864.895532510299,870.617162687931,876.9044975730079,877.5750906382617,879.7223156290288,880.6927925316127,884.5265941235904,887.6799960138517,886.1235469317905,889.3449662289173,891.0694579706555,896.4593576258653,896.7945971560558,895.4978243823724,896.8614700800448,900.7672603166329,906.8524750080505,912.7542643356854,911.6902232038389,910.351261656241,915.3356921419511,922.0278081639497,929.4502095751855,934.0397298604369,938.282799984323,949.7981897634122,952.80249574209,950.7922486342394,948.5648833938998,954.1102160500014,961.3473022193689,974.0357542971302,969.7265274369079,971.8874459084086,970.521943379565,979.8393431422109,985.0062544275988,984.7740526286675,989.6354644735655,998.3382693464063,1005.9295174829897,1008.0258914969664,1011.7751924346902,1011.3756618659785,1021.9218768363767,1025.6998387156837,1032.4601877965742,1031.5822048523662,1040.3479550013571,1048.5934915833764,1051.7299189021064,1049.365829490512,1054.688460692136,1057.635289074354,1064.7952434352255,1069.8257443589287,1075.3035489448268,1088.9693485684902,1092.6729780043465,1105.84441227125,1108.452608016812,1121.7853168701638,1132.771276322735,1153.8661942998338,1156.868532402053,1167.477770469818,1178.2332914787478,1198.423470940012,1203.975992481316,1206.768991369056,1222.378455558763,1241.1795409678748,1261.2778533609337,1279.9011024381512,1294.728905672996,1304.5521112872716,1315.807489897694,1326.9871215156547,1334.721782058442,1337.4354241779697,1350.51034724816,1358.024069240703,1372.0227802653822,1375.4439200414702,1392.1239859763546,1391.465977924912,1406.066520332297,1411.6142810203585,1423.0462153986387,1421.911491242402,1428.0062151321238,1427.0006570332373,1433.115833665526,1445.2574836625947,1455.1464770506832,1459.6364963020271,1457.4977478953433,1461.2512101918032,1466.26958584059,1475.6187366577287,1480.7288484068897,1493.277768953772,1501.1596320442834,1514.3036691686373,1519.3434004131834,1522.163436436375,1520.2042557685927,1526.3641887226454,1530.593592361803,1538.7432117984058,1538.5075010550784,1539.6557959168847
394428,260,"Burlington, NC",msa,NC,,,,,,,,,,,,760.122235316486,764.7814070283486,783.8850605558619,787.2301606621868,799.1755218818753,784.5055976749677,785.3536402536313,780.0201667077473,784.5231827758668,791.8893851265022,799.1406705875831,804.8559984931464,803.5246474710111,808.3483195507347,810.3471695616593,819.0360350460629,817.5797836080756,826.042894881105,823.8691750120811,830.210779320034,830.8930704835541,830.1632688116529,838.7009207514802,853.1994569354257,867.1283423033428,869.882939498217,864.622385353921,864.2822509869715,868.7219371038194,877.307970338814,891.9670921237965,897.463116620077,897.3986040979372,897.5403502792382,896.805400611061,898.4728374293426,902.8870097269365,912.3542584633863,925.9451546516267,933.2827491792846,939.9289585230126,943.2778570187265,944.0588047894407,948.62468863681,958.3170802038462,967.7152868237206,973.0837101172668,973.3673316276816,973.0581578940747,972.7822576698004,973.21318242746,978.2878981108323,988.4328759837475,998.7668360507248,1009.927377455316,1003.3072824803425,1006.4170943408765,1014.5279546484406,1030.5629379099141,1041.7260691369454,1059.0440686157017,1085.3312782365463,1091.8738454989414,1096.6998436346944,1101.1513012514906,1118.1961189572296,1131.3102437773587,1149.270043123576,1163.8533982809859,1170.7040687673073,1183.0565577417192,1195.9183331343622,1225.0129115705058,1232.8153043932844,1265.7122453174416,1273.8859689856993,1291.2521133752448,1290.834965115695,1307.9339034006514,1328.572596120497,1336.397429237497,1336.4076251407353,1343.4487466007372,1362.274884031454,1372.3721689998808,1369.648564336329,1358.3041473514882,1364.1184594904146,1371.1219878247146,1385.58686478124,1384.0636225380676,1393.7518606643232,1400.6946942073353,1411.406359995997,1412.4071273496816,1416.0020389936685,1413.594098476452,1419.2612091021676,1432.0603660622473,1446.8116697554312,1456.6429980043374,1475.0106850389327,1470.2465242859464,1468.9703173077935,1476.6042766026749,1486.5782021360722,1498.7823939455482,1502.701851068349,1511.5508121878904,1524.953411213919,1531.6401417566601,1533.5278956516588,1536.408262158699,1532.0587177039165,1550.1653968253968
395210,261,"Waterloo, IA",msa,IA,,,,,,,,,,,,,,,,,780.0862990300218,773.043852241628,779.4888271283104,783.2799644252264,785.4383101695606,779.7253815769984,785.1579670133008,780.3421095673751,789.2207879664204,789.9091892489157,804.9227792430896,806.4897125155753,806.2543591868422,800.3006868787966,799.918978370281,801.6458122835248,808.1565622423828,812.594646409961,809.7354175747647,809.4381113844969,808.2448846077324,814.7086407313698,816.5175163438221,816.4746882956891,815.4854609418192,819.8105842093222,824.9647159080039,826.5184441960145,826.8865473315426,827.7978506288334,833.358338529476,835.4440669742224,838.0131601004797,835.3336204215727,830.1184912008597,833.8573161447064,836.7847503460019,841.9022539010912,841.6890838033485,844.1090153728256,845.1635720383782,848.4718433333835,849.9674851785346,854.6264649444258,857.0066736871038,861.4685473932789,856.6436154060631,855.0612679151903,853.1603011378676,855.7695335070154,858.0213255699059,860.4587559741317,863.2962792636349,862.3074917733666,862.2787091555954,863.7718604065769,870.4017659613481,878.6687383006449,886.2199444140826,893.4334293933061,901.8226596883029,904.7569185872205,910.7927241318328,907.47803937424,907.7756420380333,915.8868108366372,930.1809465591233,940.6672336468266,944.8095475576582,943.7257083466535,942.1257772065584,939.67028436079,940.818687022503,938.0908133973312,944.0831778320379,958.3927443074067,967.2948226797594,965.6560294473273,961.2280669056629,963.0953817901224,965.5681577659451,967.7618230261057,977.3290265742667,986.3285865319773,987.8853395100259,1000.1880249672477,1002.7698682829254,1017.1563255924076,1018.679281898083,1027.2955327812467,1024.498718890592,1022.4653804426864,1029.2312265524333,1033.4693200510892,1042.470249469049,1049.232269304087,1057.5474702603524,1055.794537139597,1060.0430847407822,1052.642655113879,1057.3996577551652,1060.3530528811748,1072.0636189525803,1080.686536664073,1083.0391913038604,1088.3797574798316,1085.991087568795,1085.6761108389187,1087.0328487708762,1091.6233766233768
394480,262,"Coeur d'Alene, ID",msa,ID,,,,,,,,,,,,,,,,,,,,,,,,,,1048.5666702008125,1050.1917807411169,1064.831805264836,1071.5176214554722,1077.7367760462487,1083.7808120641812,1083.810914904749,1093.587633013613,1099.8223776278414,1102.1013150353267,1098.3354839172775,1100.0598556274813,1117.8723735386457,1134.4762658799966,1141.9592363880245,1152.8557981438537,1150.9969048059254,1156.4044693285857,1164.2092201806352,1167.253736942308,1178.1766756582706,1186.0764041113198,1192.0342103933679,1196.535277032101,1204.8455165587504,1206.761093571569,1208.4365975952196,1210.3511133744812,1223.1734413153463,1232.1240656050618,1242.5738883465074,1251.594338709504,1257.6925094443545,1267.8149409341959,1283.306008798599,1299.2944633302163,1302.8720656587552,1291.0907584936492,1284.6667085000431,1285.6325890049502,1280.9581789044128,1305.357686262039,1331.0575817243857,1366.0038792199173,1404.5512844968193,1440.0060993594009,1478.0623861933168,1496.3662665036777,1515.802634062901,1538.5920542390948,1598.4985201952418,1659.5028868025247,1723.7268098522136,1741.5817471626326,1756.5518701509654,1760.6081052589468,1761.5836314097985,1772.3936538347448,1776.1454555771961,1795.4620723576877,1822.429079623084,1851.0298875167534,1864.1915920213285,1867.9623729343737,1862.1747368885674,1849.2239261998238,1833.0422953868529,1827.6378565847708,1828.1099839311935,1821.951456307671,1811.2882309283048,1811.201214207883,1814.5437480343714,1812.4383982195252,1793.5013237361368,1785.16133459416,1785.3715887148176,1793.848296606679,1797.567460689037,1798.6170371411083,1807.9291585967867,1814.2917976210558,1827.254133005761,1831.8942553647137,1835.2917929329208,1835.7720234414257,1844.8154121772795,1846.4982333955295,1836.7545229312468,1842.3167181305002,1853.0663006697746,1862.3455402081975,1862.4638709458993,1865.828407410151,1867.4156256369747,1867.9594699045138,1866.3885870976828,1869.4460564613603,1876.2377956887408,1885.7878427764479,1901.8403812296858
394553,263,"East Stroudsburg, PA",msa,PA,1003.9643747672516,1009.5153400365881,1020.7846763778555,1029.7582420028236,1028.9148417626789,1029.9251609421658,1025.3195019818422,1034.9191361960231,1032.9269255442327,1031.8829298135672,1033.6444334569526,1035.4991411763256,1039.2233596747092,1034.1249931585899,1032.0787131605925,1029.4606245603502,1036.7889251789536,1045.6444976993373,1056.6612368712197,1058.4560955610261,1064.582784777647,1067.665383921897,1068.0744478028087,1070.331654697045,1073.223178053333,1088.4396325479229,1096.6445075598638,1100.1972318184592,1096.4988277757327,1096.8462625210714,1095.578469180221,1100.2250673734484,1112.566552178155,1124.9954124536284,1117.59677022217,1123.0715050147294,1130.6368274860347,1139.4874494144522,1139.1782153700683,1139.3648054298155,1151.8074026355287,1159.071721393043,1164.0504772649297,1164.8174349041283,1167.2820088420347,1169.6858399309049,1183.0083880314003,1186.9913737547968,1193.1095679794416,1189.4087500417306,1196.7169584123446,1206.2831525131178,1207.9585681494107,1211.225349488703,1216.8802125586394,1224.4483165360095,1226.0476617675763,1228.1879741959226,1232.247230700051,1236.6471861278355,1238.171654615545,1244.2094441634301,1273.2546258652853,1282.0769062571921,1283.181753921469,1289.7275257126657,1306.2117178929188,1323.0970333679763,1346.162961976962,1389.415663376132,1411.9979941943518,1422.8280822071017,1432.2825542876074,1456.47370604236,1462.0255453015566,1468.7807361640146,1484.310723520058,1522.6867881364046,1555.4083858735019,1587.6427597112788,1570.411800799813,1570.0945773943974,1569.6055961375018,1619.8080040524842,1643.9235905500425,1660.0224092146047,1678.0306054804141,1726.291492611891,1770.6118637496702,1762.9480003100048,1740.9015039722904,1738.8727785088902,1764.170009723374,1775.960154057823,1780.8820101824074,1781.785761402794,1790.417917458174,1804.1797437923967,1826.2468674525542,1830.798873667598,1824.81461624175,1828.7587406789721,1834.669293058734,1835.4201231944455,1830.9990679956247,1853.0836206056324,1868.2940193627087,1875.6748939728564,1886.0214382825686,1896.6602294190827,1892.0444077495529,1881.2313502134373,1888.8510408207705,1898.7237828461257,1919.3544973383364,1933.1296955013995,1946.7832204007707,1940.5838104192142,1943.0676609427421,1941.4061666481057,1938.9702117665502,1934.5876199586842,1937.5584773071628,1946.6071527139745,1946.4556216767965,1948.6574074074076
395007,264,"Pueblo, CO",msa,CO,,,,738.2509912855303,737.4979207245468,728.8088590829767,735.5508949813876,741.6063865250876,757.4937185484282,763.9027814911686,772.6256494131736,772.4990062003852,772.833197390807,771.543853485658,773.5364041021503,777.1711530903608,785.3278014269177,791.5585719938543,796.1114023967211,795.560580308061,802.144628308314,804.9041194758262,806.4893432647862,815.8208869662709,817.0111716756744,823.366800764418,824.5543535648884,841.2933237356223,846.8869973381263,850.806846906213,842.8052476933817,848.035526135815,846.3547926172417,857.0020682158748,854.4920861887063,852.9567501747837,854.4933438991109,858.2228738521351,876.0508855498715,872.2443924192585,872.5052773218047,869.1969558925028,880.5716481211791,893.9960333374123,901.9053212209487,903.6908310063047,909.4384612337132,905.1817130650204,912.4722787061286,917.244027954905,912.06615175664,915.8986612484736,921.6011038086318,931.962541999855,936.7700002953692,934.6829123159904,938.9573170661309,943.1656408130191,951.5911154120952,966.4008520084881,972.7776215464584,979.4009127831721,983.1642650997794,991.9290057143078,1004.4416828505712,1002.4040880413886,1004.5946864984835,1006.750552352073,1026.7812520151417,1033.1287678565068,1048.563982163567,1056.7017638945522,1068.6483802919606,1079.3510327908577,1083.3018042969102,1094.031629437579,1097.9998802354346,1110.1501720219403,1122.0520567649894,1144.9815644710216,1163.1339668984717,1177.3298837656089,1185.8268722794287,1190.906417896725,1189.720424676502,1196.788167935375,1211.8883200085731,1229.6665946234148,1236.9697394849618,1240.5840894801595,1247.1052614583505,1247.689074930353,1247.0463117523248,1247.5522000473666,1259.111149952319,1265.0532195071619,1280.629528697344,1274.505989328197,1276.0233437349616,1263.3043453163446,1270.6202267821518,1274.9887653955457,1271.896062601677,1280.2916663512358,1290.4914387165977,1303.3895718997048,1294.486984926856,1299.001003615425,1305.8414794528592,1317.2964969130883,1310.1043406508552,1310.3681229412375,1315.6274918772167,1319.1892151500804,1326.054855165089,1324.396300189056,1322.5033148881257,1319.4285756524548,1328.5166845617277,1331.2525527446019,1328.5930971735593,1331.2215822619903,1342.8281425021964,1354.9922784018117,1355.9039405535418,1360.0547619047618
394392,265,"Blacksburg, VA",msa,VA,,,,,,,,,,,,,,,,,,,,,,,,,,,,,,,,,,,,,,,,,,,1124.24668432406,1141.5077397292994,1168.0651941971666,1160.5631332512075,1153.2766587206368,1151.5749152988863,1140.8110510756835,1172.860377537446,1200.1852886411752,1215.123422095705,1230.4075470374123,1227.467133074159,1231.982298561123,1232.7417309324842,1235.7711931249212,1255.6913296369078,1279.7197295722303,1305.0616220909117,1345.9261637514296,1346.0521145693178,1307.9934903544338,1296.279548665941,1306.0454448571315,1295.1865761897338,1309.6276009291905,1322.3805570617337,1326.83105086082,1336.6599293030529,1340.7279377253215,1350.016616556992,1351.909206532672,1363.7717206667512,1375.7797805059868,1368.9315572352357,1368.9594626155188,1399.3971830585615,1420.5476017995586,1434.2621404485146,1425.9275065544953,1418.1644311717153,1428.720943238515,1448.130757698112,1475.1742104196123,1493.6415675433707,1495.5734746020678,1513.8528073833827,1518.9394028267398,1514.9819000338828,1505.154104105751,1527.568652621202,1538.9808830484396,1553.4282389815314,1570.087123381725,1588.1581003156077,1598.914876503699,1589.4027087028055,1604.6398227068416,1617.128823192346,1646.8216519965827,1666.0683193745424,1673.4079822533517,1664.3562153930172,1655.166512046948,1680.0046408564003,1703.8935046071722,1705.5241514385636,1701.0936273818818,1698.7015618057342,1713.5722232064343,1712.7009957594041,1737.2509933076383,1735.3877464868556,1752.1065031768908,1765.1943415400096,1788.7622286379026,1782.2493286729398,1770.5159753650619,1772.4792736384877,1780.5691633972888,1797.8170177587438,1791.2292503484207,1794.053840616986,1769.6115217861866,1770.6538461538464
395215,266,"Wausau, WI",msa,WI,,,,,,,,,,,,,,,,,,,,,,,,,,,,,,,,,,,,,,,,,,,,,,,,,,,,,,,,,,,,,,,,,,,,,,,,,,,,,,,,,,,,,,850.0621370447608,870.5103852535204,869.6905272629343,863.7204951286506,878.1455794390664,889.1012950669483,904.0947299017577,893.7920518512994,887.3702250531994,885.424192249522,901.0435979922964,919.8897050562739,926.5707038919037,921.8819641380009,915.9026939295443,913.6798692374898,912.4032825967271,915.4526727256831,918.5581983036758,921.4076247444223,928.2952736269573,931.152994138649,928.9177451148576,909.039537802698,914.6845372594872,921.8507914410831,940.7414287254479,943.7409741797256,941.2218701730367,942.0606952440631,943.6310195102105,950.5287682767932,952.7591989125748,954.9473877904254,961.9730508068488,976.1830280304455,976.2703055943776,977.7447300163527,974.2098702041441,982.0944985605888,990.5
394731,267,"Kahului, HI",msa,HI,,,,,,,,,,,,,,,,,,,,,,,,,,,,,,,,,,,,,,,,,,,,,,,,,,,,,,,,,,,,,,,,,,,,,,,,2182.301402144198,2194.7420639741395,2350.5726310664836,2466.1346361003807,2540.013063596026,2589.0128683347257,2677.2131682487548,2728.9567436987186,2794.108303530491,2765.6614595953743,2769.9850475352487,2827.2302278829006,2940.6078286314178,2975.6380672973723,2940.122953095249,2937.481660693157,3006.7217835799174,3003.4633040163803,2996.439440061056,2971.9038517657264,3016.5978618350377,3057.79510030983,3080.3452514541514,3194.375127723857,3279.0066052003635,3287.12065929739,3175.9303411900296,3074.538314664503,3078.473203903128,3150.5882213592536,3178.8663443043934,3232.69814316067,3234.042690887956,3316.298930365096,3388.647753715684,3373.4494289445274,3313.601382142285,3325.637399812186,3480.0027111534323,3601.3476009162187,3584.1932832077728,3525.3719959438254,3547.395148542615,3552.193172881738,3558.847759162542,3520.7399204671474,3492.1525602993124,3473.901057949349,3490.8295075141473,3502.952477762953,3466.8218161283307,3448.052824565074,3459.2343437142154,3477.625348903751,3456.092000835422
394720,268,"Janesville, WI",msa,WI,,,,,,,,,,,,,,,,,,,,,,,,,,,,,,,,,,,,,,,,,,,,,,,,,,,,,,,,,,,,,,,,,,,,,,,,,,,,,,,,,,,,,992.9001386886769,1006.7407883909185,1008.8052495079357,1007.7241816131848,1020.390937904295,1022.9447713581051,1029.6050151765392,1020.5538499013622,1023.9326991780613,1024.0498789760934,1035.0557861407824,1043.0459166233768,1047.8301761493813,1045.582088791473,1053.734869186714,1066.803852239705,1084.1353605656138,1099.0702201116744,1100.4055696337143,1098.0631795668326,1097.074693264874,1113.6681185395744,1123.022624432392,1126.167609570947,1114.2826231336614,1135.6469257657936,1139.2960845873786,1154.382243075161,1144.3439188259697,1139.5567936200428,1149.771035996405,1167.1889143241783,1181.6146464908625,1182.1734358993826,1187.0989424623453,1192.6841862907736,1211.7134282690802,1209.576327552103,1218.0936481960257,1216.4859769559341,1230.1366634563424,1243.8333333333333
395170,269,"Tupelo, MS",msa,MS,,,,,,,,,,,,,,,,,,,,,,,,,,,,,,,,,,,,,,,,,,,,,,,,,,,,,,,,,,,,,,,,,,,,,,,,,,,,,,,,,,,,992.128442295128,1032.3485998128497,1081.1970058563452,1091.1790510910917,1097.9106227527982,1100.0786689251668,1105.0142387817705,1109.4786311537293,1101.6881109850854,1096.1690378353999,1091.6677920075108,1119.0782758082746,1130.3748376832807,1150.876556166171,1127.6503045328466,1144.5216232451644,1144.395282018691,1156.61328546546,1155.7942149805467,1159.0053484575594,1164.374409431807,1183.0192897918057,1188.4083503034917,1201.0026107497577,1198.6314181467374,1205.7113756483575,1207.762143774339,1207.8750213245496,1207.1249058198568,1209.3965191510881,1219.7543620163035,1227.5910211307682,1241.5177840344527,1244.6641256647672,1260.9259349552635,1253.173711498593,1260.4218129874798,1252.1408648994086,1267.2160676804324,1272.3934816551478,1288.1705936616165,1297.2547014943639,1305.9166666666667
394393,270,"Bloomington, IN",msa,IN,881.6154368640915,881.1813347386892,878.7183446030649,882.3370861073357,880.9277946673006,882.0997595735745,,882.7121074584456,891.4537753984665,887.7579322501388,896.6175121776133,895.2616742195193,889.160718152859,885.6136607301893,891.7010215506857,898.9883525992227,906.9906766173359,902.6807288463446,903.2909734081704,908.2036888527113,909.6388671444413,910.8325460777669,911.5044372658076,916.8779901766251,924.3707494023021,928.5601991324035,933.0972838837756,933.8235297837482,938.9461624505816,937.2935556515154,943.1290924331853,940.6095417566693,946.9256784598758,951.5564505864859,957.0981732223456,958.5783275699099,959.5608334231391,960.7762119287411,960.8889128431882,964.5490294480024,967.2714867818343,977.1284542043267,979.1928786706818,983.6345295651209,989.2820446054525,993.5452722962071,998.9667368936811,1003.1639270165023,1006.5149787717941,1015.6094327421057,1021.3375003168325,1025.7800207816772,1028.6897330479435,1031.9893215669351,1036.459228851888,1042.5332205904886,1043.31605807157,1046.4589629238972,1047.8964298587891,1051.512085074271,1055.4656243460122,1055.1589349096548,1058.864789805472,1058.3414546563586,1062.539692343129,1067.1234309546498,1072.8392767778964,1073.557392648743,1082.1627622928002,1087.997606612442,1096.4398716714375,1106.5936224475997,1115.2128976237798,1118.065072562175,1117.2123898165132,1113.5411587694211,1121.1886993027092,1130.7615507472108,1140.3696313505911,1159.8737316874722,1175.6286474443089,1194.6430765809016,1202.9366139839804,1190.8093879841836,1192.4268294198414,1206.667109493061,1249.222920620933,1274.592012923539,1285.5560828932585,1288.2253953527074,1308.6579826547331,1321.6851124051739,1321.153199489529,1307.9467986404973,1300.0327192566479,1332.2241741930654,1339.8199061432658,1353.537849823413,1334.1175707343143,1349.5124070086415,1350.441778505711,1350.958058058131,1346.1475111028765,1341.6784904934136,1345.272194478973,1350.606546615222,1361.3297914274324,1374.4549286219549,1383.4595119225785,1381.4314756121307,1375.971445617922,1381.1919831850228,1393.2396552900525,1403.1681766077234,1410.4402694839216,1418.685232115944,1427.3912150846159,1439.876069333758,1447.3056209095434,1436.2588106827707,1437.8166995385143,1441.8777059727363,1458.5094914498534,1453.0822925008904,1451.9017920145889,1453.6981912144704
394930,271,"Odessa, TX",msa,TX,,,,,,,,,,,,,,,,,,,,,,,,,,,,,,,,,,1125.1972644822351,1166.566460029317,1196.9570128809996,1225.2509801277943,1236.2089369523505,1269.095340770642,1309.9196387030584,1304.1329400027212,1319.5023417653986,1330.3869751927184,1388.0563709989567,1403.0265362445666,1421.8228524148103,1408.3862613005565,1414.8439192061835,1442.131493974313,1441.8602113613347,1449.333002383295,1438.7681340408674,1460.7863114557015,1473.3175495060027,1480.1502054875948,1434.1697994449105,1419.7781074666261,1399.7922185168572,1394.8923830723568,1379.904695584342,1349.3271677768266,1343.734493009281,1345.0783904966963,1318.832502479081,1269.069285832953,1209.6383948775167,1195.9041973465658,1190.9921929806953,1175.6445852406487,1158.079796936021,1160.0075811744089,1158.4558308634932,1157.6902807390397,1152.468631394829,1141.6760805596386,1141.7341945740732,1136.0312454689479,1137.4251799107064,1118.6640415885504,1118.3050495364773,1130.3311566711398,1148.6126819671365,1148.974438614456,1150.3024844781805,1150.5051578027726,1158.4991353050818,1167.3061564887562,1187.4784389066779,1211.9929669590201,1241.1896511720718,1274.4265021158856,1296.1008170142413,1313.3710202377774,1329.8830996290612,1347.7137828582072,1370.421628281782,1380.0646915233337,1389.1532427845818,1386.265758887633,1397.3159155405058,1415.1755434826414,1432.2463373580333,1444.1125636075353,1450.7935963225036,1455.718984519171,1449.2747539042562,1454.9199160794133,1462.0411877891302,1481.4763163458056,1490.257506908214,1506.5923025316592,1493.7748037458323,1486.7057081152934,1476.0161330648234,1471.8614875105281,1473.8664639282822,1477.775932899638,1489.8495512326451,1496.3461245299716,1499.2713512298203,1499.7717870331674,1507.3350020393837,1515.6421734412754,1536.3058459421195,1549.193726587489,1565.169690860215
394710,272,"Jackson, MI",msa,MI,,,,,,,,,,,,,,,,,517.9923657587314,524.8218606705111,526.050297764516,528.4088239584834,531.104786060491,534.5385462352413,539.4095166051486,532.7879216185701,535.2357865428937,537.6671428396718,570.0431524462755,581.7752825136707,586.4145833068976,571.3277357976373,575.2197430844428,572.5106530900232,571.0974295738528,568.0759998595066,578.5962919721163,581.4086400051715,581.8251889637628,575.0541584874062,563.3503786201866,566.7313104102113,571.5462181710251,577.5896020084332,578.6909224759202,583.440148791768,582.0909890734616,580.0123573596911,577.1972749148392,589.0487091252121,597.8918746639622,603.8963751700135,602.0947519823518,600.4860524607886,601.0590069204435,607.9088489922851,610.8505580228112,614.0257603605563,621.006320265435,629.2185113838381,630.7922687446951,626.9460156893423,624.6057886676156,628.1110861750335,637.4571998922077,635.3276331548207,636.8901622895254,644.317579424342,669.7722702492733,,681.8278718134134,667.831743705534,671.2262294042479,670.6351082349521,672.1864590997559,678.7944513136799,676.1330384185122,690.7958728343078,705.6061447342025,717.5867008408459,721.7966996251355,729.9386095707818,743.8924092275032,743.6186131681941,742.3137404186466,739.2909425699653,753.1462671059543,749.9747617367221,764.0624116937996,776.4191415612614,785.8743305300786,789.6817224915426,783.5951278753354,792.4044228298033,788.1963782977415,798.893949821164,807.6972411466878,820.4222686351515,838.7569078785428,854.6731364244376,861.0713092346563,851.9317634087416,848.4319669587429,875.3065391962914,880.2243035252861,876.1349884154569,838.8545851307316,857.840544468384,868.663298177071,884.2216823449702,868.0261983366082,869.8005147932693,871.755972469738,885.6165944685396,905.5101681991861,,893.293818620394,904.4038077981772,946.9803720788753,941.3730131998198,943.7713877618576,941.2491649024107,957.7985997824035,966.151441441673,976.4194541211792,985.6429693890303,988.6651302547729,1013.9861111111112
395125,273,"State College, PA",msa,PA,,,,,,,,,,,,,,,,,,,,,,,,,,,,,,,,,,,,,,,,,,,,,,,,,,,1359.247521792891,1368.630802635136,1379.4460853704697,1383.0929330757456,1377.7985508404577,1390.4975886969569,1380.5886908075904,1392.3223503982076,1389.194665522373,1410.9596219138991,1404.0520891894057,1412.1875695750837,1412.9376813768943,1406.4096345642256,1401.8635286493914,1418.744666061763,1423.5226882986956,,1396.3689304902186,1408.1706220740782,1430.5845622415736,1430.9575309674485,1430.027851270439,1430.8619737227298,1444.1072337209935,1455.309787723655,1464.1466668169778,1470.4161394484404,1485.6727922739524,1497.4816889073927,1522.8163572206263,1516.5681434288772,1517.1249735825525,1536.5799496236577,1549.8177950897175,1549.9842572528526,1541.0898623554656,1550.5359776755038,1563.9870298843327,1580.1410917045177,1587.011231052625,1605.7119363623844,1603.7140341674333,1607.3389528430766,1594.515183937979,1599.2641681980024,1614.82002201834,1635.9942297440923,1653.827185625875,1658.6447812398258,1672.0515835831902,1672.8102110368889,1671.6136242287646,1673.179303331372,1684.1118240541064,1698.5622550280855,1730.7337863867904,1735.4931656526194,1734.3810450824408,1725.959010737659,1722.847036732269,1728.037384202588,1728.9878594769973,1743.8278813116501,1754.7561582940239,1758.901751644562,1763.6020905525927,1768.3704930117165,1765.7122269541203,1772.023117150508,1778.6664547592347,1790.9202985141753,1802.3885737840753,1810.203514857216,1816.2301838543765,1817.3707664884134
395079,274,"Sebastian, FL",msa,FL,926.7128623296276,949.6864506426685,961.5353871166534,968.4237134145061,979.2786701011488,984.9888471495133,991.5183285381169,1004.8410381463349,1008.8452574665313,1024.3198316710636,1048.7860891327036,1061.2453349249054,1061.4944337103616,1039.960806019024,1044.473298840036,1053.509305319707,1064.1021588499348,1068.433735247145,1078.3971639081867,1090.0650691662026,1091.331261844887,1081.2704841244058,1093.3555257403752,1105.432787709301,1131.1641274532112,1142.2192822327795,1163.6038409693351,1169.9260741531602,1165.101524873568,1147.6799500282268,1149.4871276266938,1162.6800580477654,1196.1802251827828,1207.605570646839,1208.8179832564147,1220.3136027675778,1228.664900540424,1240.3599524862832,1222.8605819093298,1217.451769434021,1229.3351416074804,1245.3024438927923,1269.6404931217521,1254.6114487694588,1254.1968647364477,1248.3048991033495,1265.0940378533703,1259.403110816916,1267.5308366816005,1267.413506405268,1285.0179154966606,1300.1758305829667,1306.6041667948186,1317.7112106011298,1310.9374594825247,1328.1054635764542,1326.2882378208901,1342.8847700002812,1341.5372600735475,1353.553927168008,1353.5114098087738,1362.5764391945643,1389.9732938729194,1401.3950040207715,1402.1572956194905,1392.0754656612203,1390.9156528019826,1418.1834499066504,1446.5452321880239,1474.5899317074716,1476.0232811145654,1472.5335519802031,1491.5950545968976,1507.8239546281136,1543.5482363366436,1574.2784075767202,1594.4507188531575,1640.384791940331,1689.4660530624014,1716.8330971720238,1724.370406020244,1702.9555779613845,1761.3742109326781,1828.7538598017004,1898.336519638888,1906.5740421994099,1909.923259982128,1929.6408548633015,1951.301044751259,1974.758691425999,1963.9950591704362,1991.3550767817799,1994.7274110499638,2057.09093965974,2054.6336690659937,2028.3930638525246,2012.0621528424415,2035.1207574480575,2065.90955342076,2073.3778612982387,2101.5095427451943,2097.987740182491,2110.2971436730704,2107.492548714498,2141.6159775285037,2163.466893663897,2186.420985745667,2179.2141126308,2163.200985362292,2157.3057357897333,2172.315514440657,2171.588095269316,2174.794502118701,2176.81980770582,2188.145301004293,2196.0654059578674,2191.8217674149078,2173.952189709611,2169.4050508850714,2197.456828470757,2226.448949033668,2242.076755288061,2237.892944518873,2254.2512151129936,2257.1849152591185,2275.8769157088122
394814,275,"Madera, CA",msa,CA,,,,,,,,,,,,,,,,,,,,,,,,,,,,,,,,,,,,,,,,,,,,,,,,,,,,,,,,,,,,,,,,,,,,,,,,,,,,,,,,,,,,,,,,,1935.8862529995774,1977.0607784378478,1977.8493771379724,2004.5677422609194,1983.1874750619006,1998.743540604488,2012.3999167314623,2050.205487724603,2046.7244481097277,2072.2241812622174,2061.198069858438,2094.587156691531,2061.0534690336367,2065.817037036531,2054.500071333938,2060.797093597235,2078.372296166366,2105.834652501491,2119.211055291863,2146.451351948824,2151.543814823056,2203.9788927781583,2182.4635434461115,2171.663759629748,2166.09273780165,2171.6415924915605,2197.9246282847816,2200.5465927102555,2213.3640836534983,2195.527187221921,2200.2688995597605,2186.318217623576,2211.1986859931785,2185.59408084741,2218.5929088669873,2222.438402767158,2252.7064663363385,2260.010582010582
394523,276,"Decatur, AL",msa,AL,,,,,,,,,,,,,,,,,,,,,,,,,,,,,,,,,,,,,,,,,,,,,,,,,,,,,,,,,,,,,,,,,,,,,,,,,,,,,,,,,,,,,,,923.0161088515425,946.2218775984898,979.8663804353345,967.0125235972662,974.824261094306,985.3229663674937,1010.2333392702868,1029.1290418268404,1024.388557977707,1041.9909378124946,1043.4146901357894,1054.6458843972355,1050.5239737485433,1052.0792326460842,1053.8326963615928,1098.766332967789,1100.6779011163223,1118.852728233173,1095.1330490075022,1146.431639970759,1152.2411452645479,1151.9125852913708,1112.9758733173023,1125.913479098728,1141.8137739153926,1143.849506995622,1155.014730752867,1157.9315236291427,1171.6804807242363,1169.310960833064,1193.6326223505691,1163.0141377946445,1177.0233663302486,1190.3678907469582,1241.04738003018,1251.37907556112,1257.3486519755538,1273.8388404125856,1281.315343702251,1282.6547619047617
394453,277,"Chambersburg, PA",msa,PA,678.8247402036776,684.5075836749119,686.105141872075,691.7733598341038,,698.9829441010043,700.4922978638032,703.1966134148837,702.2414820971194,706.6224715869834,714.659172091608,717.5158977078933,722.5500342606562,715.7737331454628,717.4529661085841,716.1852412858071,719.243321858605,725.6495937072011,724.4152224173037,725.0233485803408,720.7937040289265,726.0211418317191,725.9995479898222,732.9175937333549,730.1622749443527,733.8651340287691,734.0687957128076,732.9402511171,733.4875573844803,728.1655674996288,732.8919639392749,738.2018129631384,743.0375291897326,741.1553570274676,743.3927983599705,744.9550684818176,749.7170004593437,750.7438095101753,750.4543358749951,755.6421867004708,757.4403550415012,761.8391139698242,761.2188703931955,763.2279505398069,765.3528786309582,763.6443257123235,762.6327159709364,765.5631116139191,770.5952199698323,775.0565032790339,779.6859937920367,781.1116896236665,783.3649050159596,785.6617870735992,788.3793729249976,788.243333770193,789.3122901649808,794.4836610846218,797.9308148689562,797.173130410958,794.9311246956808,793.8118294586947,812.1639064586241,812.1702964124551,806.4818857118634,805.7365593336393,818.2995868678909,830.7388290780669,845.6150868180423,851.8668220826154,856.9497261884816,866.2167389588319,863.682092438875,858.5348667195068,870.0682644733997,896.5771819365087,927.1230455305096,935.1805180588906,923.7453423468568,927.9960468689816,930.1378720041446,948.9542795345991,956.5128968994424,964.0078888249319,976.0657329553236,991.7336639482963,984.2094833641646,980.4276849683786,979.0443395934026,993.8615241820041,1011.4980887335643,1012.8401437834134,1016.4084923830112,1013.8851031314967,1026.5587152664496,1026.145943261059,1037.598237772144,1044.0698928308234,1056.9897569161762,1058.9478435048543,1058.9862193765634,1078.3681255577917,1080.9989319668575,1088.9817392262444,1088.147991217018,1091.2155470852024,1092.658688221296,1099.256758586707,1109.00428928399,1107.6197208404924,1108.0962480035823,1114.09905774246,1126.6006859511397,1125.60685657253,1132.1742992266732,1139.4341038993202,1152.7701400753983,1162.6151114467082,1168.3153655196954,1176.6031460973525,1175.4302049122075,1185.0591222273515,1194.5658906483209,1204.1160289895618,1208.836258078499,1211.3095238095239
395193,278,"Vineland, NJ",msa,NJ,,,,,,,,,,,,,,,,,,,,,,,,,,,,,,,,,,,,,,,,,,,,,,,,,,,,,,,,,,,,,,,,,,,,,,,,,,,,,,,,,,,,,,,,,,,,,,,,,,,,,,,,,,1611.7359366011624,1609.374418886094,1605.8865425977574,1610.8009113982812,1591.4680929187934,1609.2270052167396,1622.439435784159,1648.5818719043352,1658.291252457275,1677.598823908492,1685.519644218434,1690.1191236762656,1696.5392169594359,1695.5710785946933,1708.429642224783,1722.5730620787017,1773.5470975196288,1791.9990651090102,1799.458350768261,1787.046892190497,1788.0
394703,279,"Idaho Falls, ID",msa,ID,689.1256071540956,693.062736395141,696.3299251719615,701.4215309485334,695.9463577318913,697.1765371123615,696.6960786666878,695.8022245794959,703.3600233581504,710.2008525190458,704.3728103234715,705.1235662649939,704.8855580784295,711.0638674645965,715.4355591565457,716.8949828521443,724.3557735933464,726.6239273925199,734.1393664036593,743.2656466241608,742.781734951445,744.452872723497,743.182566801446,747.9138549719584,750.4777796096847,761.8016756546657,764.6301634073344,770.0950315734144,769.9235904390257,777.1681307537635,779.8282656102657,785.2265209055092,796.1812656905287,800.1470771822104,810.707909693571,810.3887914897153,821.7163130220277,821.0752875321708,826.5265073279379,826.2023940846136,827.5716159725079,829.5204315211568,831.6396689879606,837.0885562749713,845.9237508250122,855.787103847134,866.3745082934087,871.1984020978229,874.4329642842235,870.5143541890358,875.9011274905891,885.0383235384254,894.9820444698568,901.6649035689472,909.650852768202,913.2733603865786,913.221810125064,915.9661758900922,916.0595347739961,925.1793887387518,930.2207436166109,945.3110064150198,943.3323294211491,950.4027607585085,951.509104380574,958.8553157120855,964.6166034582569,981.9510759362794,992.2701795525273,1009.3803948829009,1024.9594395213294,1029.7997858811352,1044.5087245924112,1065.8721612203349,1098.5792824604607,1112.3791516771398,1127.9607460798725,1143.4014471346654,1168.3808043778208,1188.0396011952553,1214.580334688058,1234.9504459301845,1250.2267710276067,1267.6359751677617,1279.0518810897033,1284.4345488107638,1283.766348273677,1303.1073014879858,1312.367112309328,1321.8532368075612,1314.3763569446232,1315.4861629739714,1312.7213802118836,1309.9507498478645,1311.3257236638315,1318.362567851893,1318.2900380203569,1322.5050230464474,1323.6688314017943,1320.3834104191214,1326.581270322536,1325.5743087099802,1335.2624041952743,1328.9023010347464,1336.2546155895955,1336.0168693492458,1337.4496228831651,1337.5121219595521,1345.2132608720683,1353.7114803080765,1358.8054430474733,1356.1055232127742,1356.3764660029135,1364.0148279640373,1366.0491570818908,1376.3789515103792,1376.1196275638006,1382.2497075774097,1385.621374666449,1386.66167162843,1385.5339748849597,1382.2045078427839,1383.209944252121,1388.3667602335736,1388.002150041657,1384.8765586903519
394639,280,"Grand Junction, CO",msa,CO,921.5396871859632,925.1302236773557,922.6566612237449,924.5026107239859,929.945627603358,932.3652177508616,931.9117952157029,929.5520785091674,933.5683211960929,939.1034414476305,945.2125449842122,944.7673537480462,945.4306026382342,946.3575939467682,951.2861260949807,954.586808876453,954.0916841542795,956.2501771941118,962.2952739368136,966.3522682150121,970.6120660472692,970.503360283923,968.4410165791724,964.6224284075853,969.5451189824338,977.2796512626768,985.8721687195515,988.3900269080195,997.5398663008687,1004.3792022038491,1008.5154407692145,1007.4765215371551,1007.925817733505,1015.3561485546187,1025.8241619784903,1035.8128715711578,1039.073815714134,1041.1301359539962,1050.7503350499685,1055.914270867779,1061.0211369751685,1065.0490064508876,1073.6923166654258,1082.3881077075073,1082.9847457444785,1090.9669835418144,1097.6365120043406,1115.7607259606082,1118.6450270678306,1124.631104450401,1125.2264936657348,1132.9545546240686,1137.989408182827,1144.6604350263021,1148.2358068542096,1154.928162137555,1166.9561397267837,1170.1093917108062,1172.9298372364992,1167.3156186647507,1175.195541238094,1180.4849388181196,1177.6521657116243,1173.3535133828839,1176.71148383469,1199.288735426753,1207.132012799381,1212.8666254838774,1219.3071629165695,1241.649478032387,1255.3137371340208,1263.9195251735982,1265.63883136859,1272.10356218525,1295.495499295407,1299.025267897289,1317.6550495999406,1324.474221346705,1358.1138703387292,1373.5625101633095,1394.425130820387,1387.861351951695,1412.4042682965671,1432.425179887486,1446.8781698502637,1457.9430189258273,1458.8914474439173,1498.8951846113348,1494.7125909698889,1512.8687897300968,1499.9834652018976,1520.8601195323008,1517.7545299735168,1531.7728394746662,1535.9989697929268,1550.9663669807335,1563.626682253423,1563.9532529964247,1566.0499320024285,1562.6156250769986,1571.800635419751,1566.0874380484372,1572.5361590144269,1577.3610281298645,1587.9991697817863,1611.7543925575328,1609.1154032780507,1608.036599139386,1601.7891358173958,1629.2551169785106,1658.2507650847085,1673.092891924357,1683.2850946072238,1685.7432190551585,1702.3677268737115,1706.5764590361434,1716.8882105185305,1713.0165889295524,1728.2314764283335,1737.4884230753667,1753.3504514853196,1748.1269410848968,1742.040199196945,1741.5007831916419,1746.698126077041,1760.4166666666667
394563,281,"Elizabethtown, KY",msa,KY,,,,,,,,,,,,,,,,,,,,,,,,,,,,,,,,,,,,,,,,,,,,,,,,,,,,,,,,,,,,,,,,,,,,,,,,,,,,,,,,,,,,,1111.5962879472877,1136.6680701152577,1128.1258590425539,1123.6586000186878,1124.602281596982,1144.9948785878391,1165.0465334796813,1176.0860353620794,1201.7903731644042,1212.936787015583,1208.4409465234924,1231.1477039871709,1246.2726398265975,1282.358591191282,1288.6253052977577,1304.2346987927476,1327.9147622829391,1349.4728171952083,1359.7961473144667,1372.0113799820354,1371.7711972590494,1393.3511526039993,1409.999395795897,1438.3882843877043,1438.2177582230745,1436.8572253408158,1453.0400529250524,1471.9990498066334,1473.5277963784026,1447.7937819944507,1447.906656160632,1454.182189622762,1459.7766061962272,1455.5075737532757,1461.532362309784,1447.0538217890796,1453.0893307932859,1446.8509228048342,1450.072295729308,1445.5274057071117,1448.4385847718645,1467.1759259259259
394917,282,"Niles, MI",msa,MI,,,,,,,,,,,,,,,,,,,,,,,,,,,,,,,,,,,,,,,,,1105.56580636423,1107.9877794524414,1089.7958674158251,1077.646069843634,1085.27447508958,1101.992286634842,1097.3098813932727,1106.7611316543919,1103.659575271863,1115.0740194122302,1119.8181905253423,1114.9378297756905,1122.1192740413471,1118.173280085622,1133.1759504746685,1125.5435747825638,1129.1598661180917,1125.5841831581108,1138.0619923422355,1138.773840037803,1152.3868212536747,1156.4296364338184,1176.215823309729,1173.0160274442123,1162.7131681514595,1155.082896250956,1153.4681969369713,1162.6937611470396,1176.1664757696294,1189.4896477460834,1205.0902874523404,1204.3745835105076,1201.8311942203075,1195.1869305399493,,1236.4552192210274,1254.4750857317342,1253.9475654488795,1260.2300032837009,1273.6723837398886,1294.0958222509762,1300.8415097380503,1292.4396875289774,1314.7520691670582,1323.579923597237,1334.5568884625231,1334.4782972227251,1342.1847167088138,1364.5981208958635,1395.715470204584,1420.5405337588566,1439.0800551712196,1424.6311980894761,1432.393245011764,1437.3101231744001,1440.1677436800078,1452.7731051707601,1470.9988213819677,1468.2482634809683,1468.1498972771742,1485.8329256200527,1494.7756170354467,1500.5441987894505,1489.3432550371974,1494.0456735377297,1521.1873170954884,1538.3052369186419,1529.9506149970098,1510.630643358493,1526.556304871828,1543.5131726248514,1576.5665797921445,1559.332261100625,1562.7245109748385,1564.8607130678852,1581.1374054341647,1599.6377094915451,1591.494126169653,1596.103205328098,1614.4178661314236,1639.2103171278993,1631.8245371806993,1635.6203746061703,1623.310825096927,1637.5116366724485,1638.5858585858587
394873,283,"Monroe, MI",msa,MI,,,,,,,,,,,,,,,,,,,,,,,,,,,,,,,,,,,,,,,,,,,,,,,,,,,,,,,,,,,,,,,,,,,,,,,,,,,,,,,1016.3065817431291,1036.302188103232,1051.4895610739366,1067.3070144848432,1090.235911829235,1092.4436484923672,1107.4257631766097,1134.3814674937003,1143.9222656423422,1143.6307147910036,1151.663633837515,1147.7373742683108,1152.0429929634327,1148.3610623449856,1141.7334129814237,1140.4250334148746,1133.1828804909278,1137.9057546397405,1121.8314913031948,1126.6094944619167,1128.5039629516684,1156.2507986448693,1149.4962224074063,1148.621761454732,1147.4474807842994,1159.8868359076437,1175.6318360052135,1174.1523121923583,1180.1021511270985,1186.5479285984613,1219.4323589092128,1222.726680937087,1235.1091708892084,1214.1007327730958,1212.7425668799774,1236.8655470823653,1245.081083130525,1245.6676596448326,1245.7096837741854,1256.2653726014657,1261.5653260068898,1263.386703005704,1251.5786285700221,1250.100879159551,1245.3343581086308,1253.4741690111184,1261.5370338732828,1247.6000000000001
395066,284,"Santa Fe, NM",msa,NM,,,,,,,,,,,,,,1121.5131731067681,1120.7831327136837,1093.5008287425437,1084.4289362515494,1079.5962215581985,1125.04562704369,1124.502457689546,1146.834170999902,1152.4168580646426,1176.9752409590474,1168.016257530455,1195.453181933929,1192.4620579195976,1229.155043959527,1219.66744016443,1225.7496326279424,1217.1144081467655,1214.4497330704214,1218.3337216223736,1234.2339447792756,1247.2982499248715,1256.7488082853258,1250.623950245145,1235.7689473990947,1240.436774870266,1258.2714190663385,1293.7845607741533,1310.1164044733098,1322.5553611095818,1316.0538991952715,1328.4657663585645,1329.2447660572889,1338.9191221247195,1350.9758629626579,1379.1985505829598,1395.7234004653228,1393.2126780530916,1381.0845678109454,1384.695740118719,1392.3592147298523,1409.6168771016196,1428.9620799937527,1441.0821661858306,1451.8810813394066,1461.1336427569056,1466.716308484521,1476.0908628320012,1492.5133830090374,1521.3282972258496,1497.3846083562885,1483.4889295711903,1457.3810277403352,1454.378915332728,1444.972862254066,1456.7769250177193,1446.29594202798,1477.5628422200946,1495.467569735615,1519.9046053664463,1525.349448336325,1523.257699934333,1530.5031816024573,1537.2892342272216,1564.2598509469074,1590.9443240645571,1639.8264713735086,1673.2739264107386,1706.1794613064387,1711.3531548390547,1727.7148961877085,1739.7320247801833,1756.6790799298471,1776.329717416231,1799.866497823723,1829.245236252615,1832.8783843126039,1839.8191323790381,1831.9056103709845,1849.3635760084162,1859.9091226944445,1871.332943862117,1875.6459778168125,1895.3766206148177,1917.9084575251786,1922.586735835225,1932.2285383118522,1949.791241129848,1984.9404912625732,1998.9289535941027,1986.180152130709,1981.8378880864238,1979.1848795581598,1998.3526555229187,1993.8703857124815,1998.3382046450429,1991.9312648984333,2008.8293968178132,2015.8696084282553,2011.965285621881,2009.8800736065866,2014.6315093322385,2039.2827788448803,2046.0179045520174,2054.297237400807,2048.1691996000063,2060.038344174524,2056.1182191563967,2057.037375626915,2046.988956501864,2039.1872678995599,2032.815512648563,2019.4612850027754,2008.6900406504064
394493,285,"Concord, NH",msa,NH,,,,,,,,,,,,,,,,,,,,,,,,,,,,,,,,,,,,,,,,,,,,,,,,,,,,,,,,,,,,,,,,,,,,,,,,,,,,,,,,,,,,,,1618.6822934473053,1642.751790226477,1707.6097372971324,1729.2352466118796,1755.776506580997,1747.223995637148,1770.1922439652253,1721.3956242984068,1732.1004187216474,1734.4367677604669,1803.7616550197602,1837.057008636222,1866.5734931039674,1892.6853819198177,1884.9078391141272,1879.4228357850054,1888.9055260626535,1879.1735714423323,1902.750248490541,1936.087019832211,1973.6011800127235,1963.055601331289,1946.1172834354284,1935.400378455525,1934.9176016596703,1929.6010004715527,1951.225548960805,1976.631976560091,2003.4010514408235,2043.1702654137473,2051.6531429071083,2077.5163331888566,2069.360666555222,2094.4993068070144,2099.8333012780063,2122.8296655999306,2132.1810293342846,2143.998424138862,2139.835846708288,2139.6264192049225,2128.398148148148
394314,286,"Alexandria, LA",msa,LA,,,,,,,,,,,,,,,,,,,,,,,,,,,,,,,,,,,,,,,,,,,,,,,,,,,,,,,,,,,,,,,,,,,,,,,,,,,,,,,,,,,,,,,,,,,,,,,,,,,,,956.5295201846803,965.2552239573556,964.3721392767673,980.7796476607231,979.8821262882537,978.7562429624112,970.9751230835182,983.1509029235438,992.165630754451,986.257362560742,998.4744044177952,981.4979394737074,1011.888473254628,1004.339003063283,1015.5455268424043,1009.0959847765735,1014.2575432276052,1016.8181523597132,1024.537797961365,1021.6761884301728,1020.1869000485815,1041.7108213155302,1047.4252863214617,1066.0096193556808,1050.063713545519,1058.101851851852
395163,287,"Traverse City, MI",msa,MI,,,,,,,,,,,,,,,,,,,,,,,,,,,,,,,,,,,,,,,,,,,,,,,,,,,,,,,,,,,,,,,,,,,,,,,,,,,,,,,,,,,,,,,,1841.6892939651914,1848.3685562921835,1868.5891857508946,1866.141573706914,1846.4085791489938,1896.923387148857,1916.4158698077479,1951.1482756513174,1956.1700016958903,1919.4472508602257,1920.5730253003032,1926.6676781835342,2011.6645883980464,2051.0210997035606,2069.001686193262,2061.631463578637,2084.617430681353,2063.9683413249777,2080.8216308666674,2079.190804654245,2117.149149564244,2137.2540467360145,2185.2312600034325,2172.7004349487934,2156.8232330325063,2124.357014169797,2115.7624501674145,2136.2663040397033,2151.635457982181,2173.8268867095344,2177.666310265086,2180.0444880352643,2163.320460292366,2177.4331174661233,2157.0691820375023,2186.8311335076637,2182.5487692548422,2211.1763843586964,2229.0
394359,288,"Bangor, ME",msa,ME,,,,,,,,,,,,,,,,,,,,,,,,,,,,,,,,,,,,902.4309194940606,916.6332791180513,927.5518761625232,935.5723847962947,937.6558565380162,929.608227097808,928.719965929292,926.9682245604122,940.194797392345,938.5331560367422,937.3416700541798,934.78763265579,937.8563398630021,941.3197170641153,946.8524310316586,943.9545140811578,951.4141174733958,957.8274178310535,963.8349856851913,968.6265804775609,969.9853075717914,980.029848181251,985.0041789493431,995.9961368755718,1003.3748552424654,1005.2412747057664,1004.0203449964106,994.1246050462054,1000.5704219675667,1004.6794053014358,1014.1605296741419,1025.4805118302968,1029.757316242469,1038.8198250486498,1049.6584084641263,1051.4801620576702,1058.5567072996373,1055.632574320733,1076.013061517362,1091.5121448260832,1104.8771248613482,1112.9086358486056,1119.085176038655,1139.9585773412389,1161.4493430624468,1174.7401067730168,1169.7763913288607,1179.7200250207065,1192.5026335576897,1217.08065148673,1210.1035473653615,1218.5541837412907,1223.044988722327,1253.9002880715523,1265.3007160175155,1271.4825622243309,1268.5357648255872,1284.2512817294325,1300.446708949337,1318.2220681143906,1302.9987124815393,1308.3468642451517,1309.675859905723,1315.571315998784,1323.1909768482499,1325.7928429937547,1350.9041124509833,1349.2578777849303,1350.0855813847504,1342.611400400312,1347.334047422513,1338.4689171473249,1357.4887009220242,1373.8764217172943,1406.5036217667437,1415.4520788043944,1409.9870884355134,1400.0731839533746,1389.1599805614462,1399.7036162638615,1413.141332155723,1425.5103079348034,1432.2351089287113,1445.8519663235852,1452.8978293000578,1449.2796173031459,1441.3416374503968,1446.7758301040103,1463.799394479699,1481.7596511369206,1494.0371572871572
394685,289,"Homosassa Springs, FL",msa,FL,,,,,,,,,,,,,,,,840.3163807567394,,866.7428358611511,870.5500078344959,873.9897179758775,877.8170528912585,893.4500214559512,905.8942561915466,915.1104250257438,915.9688515888311,922.1268433979852,941.5597967115247,948.5109855393187,958.1919258764887,954.9200541279451,971.761082180251,981.585375089928,999.4316628049417,998.8680041864044,994.318947442075,995.2602104933034,1012.3172215518462,1027.9495586744513,1031.933616107058,1032.2903627194532,1038.326264027635,1041.4473297333466,1031.3817904946795,1026.003821837898,1031.2541882944108,1055.1039624514199,1059.6927282945867,1053.4607895130162,1038.525975815387,1046.360658024104,1048.4920205294993,1058.3053595254128,1058.8284181807453,1068.0201700266725,1079.4627412805655,1091.0304797736117,1090.6151300711153,1082.2560435828777,1092.5488582139874,1109.6424659849422,1128.1159860954454,1129.2208894288424,1119.9415487326696,1116.9259495138242,1101.1388635059961,1103.2324246467788,1119.8365263137662,1136.447165305682,1156.8297943857076,1168.7850423284992,1188.6515546325013,1187.5672083354966,1213.4001610623648,1223.892823764365,1245.9795117273645,1269.9594626620533,1294.3100938670566,1309.6212835012368,1306.905358921327,1331.5333177236605,1355.0693363597431,1385.5657172780097,1405.5081258405505,1424.7602479675568,1438.483356559028,1440.5207173177232,1452.3802823110327,1466.116816336496,1492.853157585949,1515.3491515336077,1534.0575158866181,1544.202080107378,1515.170221406295,1508.4451088663336,1498.840347432747,1529.7483835050377,1540.8909575446073,1572.8360437300178,1579.4023645173843,1577.6368682667453,1584.0509604966167,1595.6876416229306,1600.482917520633,1602.3597426696506,1627.740442748615,1642.1505675869478,1661.1331804815234,1617.5290206405023,1624.2616803719718,1610.9726665514086,1634.956713171889,1643.889657831457,1641.764592570388,1647.5273792482537,1656.1790206866501,1664.3019623532664,1673.059746388734,1677.4321629827723,1681.7698145310892,1713.2602155699553,1716.916049512691,1728.4513827349056,1720.5683159345062,1728.34743667998,1737.7008107538386,1739.517309797482
394662,290,"Hanford, CA",msa,CA,,,,,,,,,,,,,,,,,,,,,,,,,,,,,,,,,,,,,,,,,,,,,,,,,,,,,,,,,,,,,,,,,,,,,,,,,,,,,,,,,,,,,,,,,1663.9828632548847,1688.1987240941673,1706.4773630905988,1726.4450373521117,1755.2734272544722,1759.28799987192,1782.9789925049686,1771.34137053281,1805.222892743345,1794.436779097477,1805.6591108961513,1801.7654294108559,1811.7949166304686,1819.4411391787808,1815.781481898173,1821.1208518882815,1828.259571086108,1836.986109890435,1853.484062774504,1839.8364885756152,1839.6628923626672,1831.1544102561675,1850.126484300417,1874.4688376529916,1881.6660707090562,1901.58431007377,1910.5377473419057,1917.2425928590642,1911.9811855899543,1917.1696912048035,1908.9200369405235,1937.3362618699605,1936.0027653499137,1958.1382492383302,1953.4073584996863,1950.2005841774273,1954.2406568273634,1942.1959706959708
394723,291,"Jefferson City, MO",msa,MO,,,,,,,,,,,,,,,,,,,,,,,,,,,,,,,,,,,,,,,,,,,,,,,,,,,,,,,,,,,,,,,,,,,,,,,,,,,,,,,,,,,,,,,,,,,,,,,,,,,909.6541761125119,,924.3329587613435,910.312611006408,903.9096314775254,906.0119203090127,902.7977984026755,926.0238924660623,929.1898963174672,939.9959859005239,937.6676810619807,942.857454235793,933.8123323036563,937.6289078085588,953.3178524328316,971.1121701570692,995.2624933412195,1003.4104067650209,1018.909629455672,1008.6664916237901,1020.6672859387126,1029.5035458171963,1042.968471288661,1044.374909561521,1047.434228181804,1050.8828439650367,1047.517832264437,1049.1666666666667
394598,292,"Florence, AL",msa,AL,,,,,,,,,,,,,,,,,,,,,,,,,,,,,,,,,,,,,,,,,,,,,,,,,,,,,,,,,,,,,,,,,,,,,,,,769.8689822283214,783.2590326999982,812.3349965288934,804.6916796709559,808.4627510228686,807.4620762096133,833.5605200883759,850.3094204903231,866.520690061987,859.1082296230426,881.9126841273135,900.4260412926601,919.3539047526552,911.1075538047678,919.3590614539099,925.7731755800667,952.0232554769872,952.5476928405592,965.786782747762,958.0688773732019,960.5728329838978,982.702767429474,983.2894411015883,1002.8491295705571,996.5148891690825,1020.8589527720967,1023.4476673291922,1029.8548540397237,1031.8213561163504,1051.4455744156046,1068.3676326003629,1073.7522584094015,1076.2262664510858,1070.6097809293447,1082.0084982569565,1060.1700982707623,1069.857414474184,1074.8671931046745,1091.825492178015,1103.6356939820262,1100.6668949569016,1109.4439066618652,1104.7091411491012,1119.8561763551602,1130.8821154828083,1143.3147157967169,1146.1749761194915,1166.5573215441016,1174.4219735534227,1175.5925303515087,1173.8598902938256,1175.859141689603,1186.5728698692508,1184.3790432027483,1190.2777777777776
394537,293,"Dothan, AL",msa,AL,,,,,,,,,,,,,,,,,,,,,,,,,,,,,,,,,,,,,,,,,,,,,,,,,,,,,,,,,,,,,,,,,,,,,,,,,,,,,,,,,,,,,,,,,,,,,,,,1275.9219784004267,1285.8417504993638,1304.7878409834434,1314.3719236343288,,1277.447462771822,1271.5080976300694,1285.491702484041,1292.9812789986674,1311.755738919603,1324.8854809295576,1350.4061567462704,1344.6658172357888,1338.1179392522956,1325.0628235067168,1338.5589086307823,1360.7381540437439,1399.873735034386,1381.332092508482,1377.2477592607568,1386.2896844342497,1397.505620927273,1404.4843127985155,1398.9341723309783,1405.6028090920684,1418.34380573868,1422.3283393020602,1423.1752652824864,1434.0093094130111,1444.881895198077,1489.079365079365
394802,294,"London, KY",msa,KY,,,,,,,,,,,,,,,,,,,,,,,,,,,,,,,,,,,,,,,,,,,,,,,,,,,,,,,,,,,,,,,,,,,,,,,,,,,,,,,,,,,,,,,,,,,,,,,,,,,,,,,,,,,,,,,,,,,,,,,,,,,,,,800.0
394306,295,"Albany, GA",msa,GA,,,,,,,,,,,,,,,,,,,,,,,,,697.478352703232,694.8755534839785,690.989320322088,694.823753026655,694.6886167855691,698.2434620667096,697.7632671961587,698.6517944965391,693.9745065063232,689.9845664040386,690.6525395247,700.406682085076,705.6945028514211,706.2677329203945,705.403611140377,706.154961217236,708.4253862339957,709.5398001387512,713.056876443851,716.6657639668225,721.8011546147161,729.9969792350885,729.5254482454433,729.2670281512559,729.4745429613646,735.3047856825461,743.6539397777502,746.0811006627475,748.9068959234459,751.3417382444269,755.2068193199119,758.648847165659,762.7281431466198,763.9270707035554,768.0729962040498,767.7591693814721,769.6011819111995,770.7226558014663,788.1801589334357,793.894520709074,797.1616690421369,802.5078148123256,806.4081333884111,820.3170886758163,834.5603128913011,844.9822088884965,837.0877682177542,834.4972052772977,838.7831937979399,847.287106995807,864.0073909442388,875.1206375601374,894.751630103062,901.7468903604312,916.1842220500102,924.9457727717837,919.8777945620604,931.5809326449036,945.6456968511395,974.6415926614172,977.4796761889752,987.2239341685621,985.3188877729798,998.5789703229783,1002.8120287976009,1013.6934482308693,1016.5598127805106,1016.5255784776189,1028.2061716147684,1028.8326357126405,1033.8239765615153,1027.3462841920482,1033.753383940158,1038.7858502253823,1048.0637843303539,1048.7354560671376,1047.7828737307714,1049.9887040127542,1052.4818083521782,1055.1055451600323,1064.9438044560768,1076.7025318806911,1092.498928684375,1097.8554059971616,1107.610665047009,1103.704864336956,1105.62410324478,1104.8615046036975,1109.405754571253,1108.102284064936,1112.5387311143538,1119.423690233714,1117.894669370813,1116.903722510328,1110.9092548471756,1115.4352065537828,1115.9097773350363,1125.9860262185243,1132.0194403311514,1141.6023132579585,1149.8327401298798,1160.2619047619048
845167,296,"Ottawa, IL",msa,IL,,,,,,,,,,,,,,,,,,,,,,,,,,,,,,,,,,,,,,,,,,,,,,,,,,,,,,,,,,,,,,,,,,,,,,,,,,,,,,,,,,,,,,,,,,,,,,,,,,,,,,,,,,,,,,,,,,960.2265000685546,979.7003547681859,988.8741608236172,991.1027386771026,991.9781020497693,1010.5729140418086,1020.9448715355124,1017.9921595327198,1014.5095389365172,1025.5107515583682,1045.1138490012202,1037.6706934593287,1040.5833333333333
395102,297,"Sioux City, IA",msa,IA,,,,,,,,,,,,,,,,,,,,,,,,,,,,,,,,,,,,,,,,,,,,,,,,,,,,,,,,,,,,,,,,,,,,,,,,,,,,,,,,,,,,,,,,,,,,,,,,1137.106135761184,1125.6599885453797,1127.7401884000437,1153.3195366836774,1164.964085037702,1196.030319843636,1203.1201497277532,1212.1885053866404,1214.293208047792,1222.3619982105688,1208.8732757133016,1197.3382930267155,1200.8965051051512,1230.5621393173356,1239.9144965415662,1230.4858874302704,1227.544626165969,1224.6610272862845,1239.2452333075746,1251.649935374426,1260.2047932298287,1271.4912815137684,1284.2845457399198,1303.8003366333025,1313.1566175162156,1308.2027378835141,1311.3404502532203,1318.8447821178643,1325.2082029090393,1326.08055261193,1324.5462962962963
395223,298,"Wichita Falls, TX",msa,TX,730.6896191553923,727.6827548874179,734.0541150679115,735.5041781464092,742.3832916785962,742.4557723471273,748.7918562159628,747.5307493261644,752.724588660858,747.382497856122,738.1706159821166,735.130986701244,738.4284078748889,745.2201716346913,748.2014581294098,749.7426164473356,752.9816130031469,756.4872836574244,756.1752597791534,764.6799021535646,767.4528965077544,771.3295884495664,765.1967305438914,764.7621653306508,768.7392238247877,779.5637501799304,781.8109205141623,782.3647097113324,779.2897580054973,777.4649047805782,780.7571206461445,783.1169992808337,785.819994771525,793.3258678652576,803.8840542223043,813.3402194090003,813.3740576496921,807.0574363851607,809.2646573812484,808.2889891759365,807.564973527015,807.536477829974,811.8589107522231,818.2891454096642,824.1899013747751,830.2219289537255,837.0531467436344,839.0721865379855,836.671581756249,836.0695570022637,839.710700935317,847.1679486798272,855.861697733556,863.7570311999799,866.3579993949546,866.3362077534962,867.8105662766133,867.1569106208694,866.9998867919775,870.2819070514867,880.9191599179695,892.0916774969091,896.5210712498558,901.4257163354052,908.9358708078713,909.4825147168757,914.9659021471048,917.4199228657279,929.300459071586,932.437673219684,951.4059801928934,957.9654194782261,977.0284403641799,971.8934728130945,977.8001826070147,980.8014432573831,990.8132410174746,1019.2714262925846,1029.4736083515425,1040.1263170757716,1044.5213630041387,1061.8297998823896,1070.969760214319,1072.1592573580547,1083.1597240579283,1104.5042230529546,1118.4716074492312,1127.9224608541367,1138.124390518134,1148.3081560191913,1150.7569633306102,1166.001055889608,1172.085144241018,1177.9117513014498,1166.9465078833368,1173.8295743305423,1172.4096905201734,1181.57109789713,1187.0528636427648,1207.3562510251054,1201.7262882478217,1202.9058658675451,1206.7489203058083,1208.2335109384326,1219.383655159713,1227.10062554206,1239.3678167682988,1247.2272149402968,1242.7444806737235,1250.438626990761,1249.675494352917,1241.796837604134,1244.0784813116468,1255.0074258331713,1262.1893839693869,1264.751195947186,1265.4587599867243,1266.2229885784157,1272.9956131964138,1276.4228007498705,1290.8932029821017,1289.2168408125158,1297.3102857882336,1304.6774163162181,1317.0261608875076,1318.7731193926845
395152,299,"Texarkana, TX",msa,TX,,,,,,,,,,,,,,,,,,,,,,,,,,,,,,,,,,,,,,,,,,,,,,,,,,,,,,,,,,,,,,,,,,,,,,,,,,,,,,,,,,,957.9696415592645,962.9343236849696,1006.0282509798851,1006.2753024808037,1022.4851410647776,1022.8582455198671,1029.0688423050915,1047.0306068496534,1052.6660390809916,1068.9306086009078,1076.0724793165564,1081.4219216236065,1080.0449747517464,1086.6975592860842,1086.4137921815043,1087.0572009234024,1085.5446577637772,1101.5468694882675,1112.6107827726569,1110.7801083235443,1108.1600728405006,1117.093536524325,1129.021654068208,1156.0182284056445,1164.6459808558477,1176.3742043266307,1169.5466659914327,1164.6846434862543,1156.8717698535543,1155.2894610543572,1172.6497737216966,1186.0151669866498,1198.2824933390987,1192.313084932585,1192.7791449279375,1189.6740630624643,1196.578295851989,1196.4852211323164,1206.080941868927,1222.4567466647868,1238.8068678230054,1244.0665420626867,1235.984032484322,1234.611111111111
395182,300,"Valdosta, GA",msa,GA,,,,,,,,,,,,,,,,,,,,,,,,,,,,,,,,,,,,,,,,,,,,,,,,,,,,,,,,,,,,,,,,963.9784948922793,967.0127156091296,976.0112303305766,969.9131148143804,980.9514939063843,987.8239713539984,1008.8000494104909,1002.9183343969132,1004.6937585514087,1006.1079888862837,1019.2741190094212,1024.1889533704752,1018.3711686173219,1030.4109445429133,1036.5976298228607,1059.4617986638928,1080.0340502220733,1112.1614468836012,1135.2831295291135,1165.0889185267451,1177.5316051970551,1189.6654219105353,1200.936358607174,1222.4306737480083,1244.1563905602695,1247.0099711488938,1257.059952756032,1263.029805489393,1272.3246275841052,1258.7426972342084,1233.783569668216,1230.6949954886563,1246.236748583698,1245.6557929823232,1245.3391300772817,1251.4751131777382,1265.7081935288059,1277.180520854957,1274.9357205734937,1287.3190877115082,1286.193148801675,1305.8124590536697,1321.351559571011,1326.0870045858912,1317.1341158037214,1325.4310824693828,1331.8137998412558,1336.0296344160727,1330.1653385574489,1336.141451790962,1349.7312617650132,1348.816059693714,1357.023978504461,1357.7288098035685,1369.3345427579472,1378.1363032580812,1391.6899518513628,1400.3261656467357,1410.3479215035597,1417.0788688833152,1428.3633237584752,1435.4862331326483,1442.8332406377456
394800,301,"Logan, UT",msa,UT,,,,,,,,,,,,,,,,,,,,,,,,,,,,,,,,,,,,,,,,,,,,,,,,,,,,,,,,,,,,,,,,,,,,,,,,,,,,,,,,,,,,,,1272.9303722821055,1285.4138367622863,1308.07780359997,1404.3446035515292,1414.7515361361939,1427.211510841144,1419.0690154364725,1419.9875879521771,1414.3694963621842,1440.6912507647128,1495.2569977191495,1528.2661289575647,1500.4700250238352,1469.4130117535926,1446.0872454074197,1454.29752263542,1452.130623820334,1457.5317496798111,1462.6728776168031,1461.006304644951,1457.7235457732645,1460.8535664520784,1478.5222048179546,1478.9651300685691,1510.8081784112674,1517.281057574545,1521.559812845739,1494.9243792318143,1501.516325450756,1504.273738718079,1519.3650584017853,1530.875388776197,1541.8071783577907,1532.1561429144385,1504.2212513090642,1502.1793669596395,1511.2191881818842,1531.430550059959,1547.1479350869934,1558.3711375713528,1565.2948717948718
394595,302,"Flagstaff, AZ",msa,AZ,,,,,,,,,,,,,,,,,,,,,,,,,,,,,,,,,,,,,,1440.6930454735154,1476.981349284736,1512.3067809953425,1502.6845521374132,1502.8371742695265,1523.2804054698722,1527.5381268542847,1533.7585513172398,1530.041906439818,1543.4238781080228,1544.4943346274874,1549.5126568073542,1546.711618789148,1545.5536051685563,1532.4881015287478,1546.3547617491847,1542.0717174453073,1544.2445794624862,1552.5894861539914,1559.9926246552393,1570.9322377755534,1586.0988375347704,1608.2740610956896,1629.5165792459406,1625.7069764615594,1606.7594011738277,1602.8305194288616,1611.6316911352915,1630.1650728773814,1655.3505415045934,1663.43488648583,1664.339516902718,1677.7600097428092,1663.6002855776367,1687.8901037426467,1703.7884817294375,1747.7039606673702,1764.677419669342,1792.4103824672038,1809.4857641401209,1838.392296461203,1841.3885622870966,1867.9925911776477,1914.740460747726,1972.9853920964435,2030.501462312079,2061.102493599799,2110.2860043391656,2119.9841134596877,2127.3357906223996,2122.9726337937987,2130.2157278541213,2131.070748896431,2147.13670945043,2169.094121528835,2205.279270646155,2213.716717978464,2221.938649205354,2189.3952226610077,2169.7526449583106,2172.319016607013,2203.035111043278,2221.182045926632,2227.5556985073104,2244.693463160309,2276.0007606049903,2295.6980814499266,2277.3993715367787,2264.6850848079425,2266.9312476880773,2286.5430515186076,2286.9505543917926,2284.484927101314,2288.4410915252574,2311.5917367704537,2316.443578185539,2312.650773402388,2300.6931567966094,2289.413775668487,2294.874892656088,2306.4586843387774,2307.4336616526134,2318.615431712657,2333.794794281369,2346.5599046007455,2340.643298586708,2327.520267292662,2331.542634449995,2337.5664614683083
395036,303,"Rocky Mount, NC",msa,NC,,,,,,,,,,,,,,,,,,,,,,,,,,,,,,,,,,,,,,,,,,,,,,,,,,,,,,,,,,,,,,,,,,,,,,,,,,,,,,,,,,,,,,899.9195116384072,908.9245985046,935.1423770980161,931.1263944540596,940.0559242466838,952.9725757269442,970.7411360884339,975.5063102987258,993.8224744827716,1004.4017464554145,,1037.3765576216308,1042.9850091837084,1038.5034702724229,1050.709582198857,1055.5133367546177,1055.1258525235587,1044.6906997422018,1046.2653434980598,1047.897364212304,1062.5826038065336,1069.8460987353078,1053.4401113090075,1072.3006974083075,1096.0344322767269,1124.9231944026576,1115.7026575745288,1113.9147100597831,1120.5266718009927,1137.1963034586806,1145.6328804870914,1161.827633923409,1159.4989532980933,1163.2616610687605,1177.443189195062,1180.629410364859,1173.938676748586,1170.9673073683425,1185.3878105859199,1204.8609302307752,1215.888888888889
395000,304,"Pottsville, PA",msa,PA,,,,,,,,,,,,,,,,,,,,,,,,,,,,,,,,,,,,,,,,,,,,,,,,,,,,,,,,,,,,,,,,,,,,,,,,,,,,,,,,,,,,,,,,,903.4665596056244,914.6529869858808,908.9073261473108,920.7984351754939,912.6921433999701,914.2773795356126,917.0838812249324,908.5632611081204,926.86870407591,949.3166811733716,961.041838913451,967.9181516715897,979.2840194785318,1001.7396112585762,982.0620731005178,976.3250125664828,980.7292134542257,989.877580019071,997.5299308246705,1000.0395094889882,1012.8633594097055,1013.9053690961406,1017.2258256367027,1027.7821133782625,1023.47635170595,1021.3565866466533,1058.1491796651637,1074.2171733841367,1090.08224179927,1098.3280876718356,1105.627616892392,1118.134485233618,1106.893969388826,1113.2416544030045,1119.715319776739,1119.3361685080392,1127.6980231012833,1130.6984126984128
394515,305,"Dalton, GA",msa,GA,,,,,,,,,,,,,,,,,,,,,,,,,,,,,,,,,,,,,,,,,,,,,,,,,,,,,,,,,,,,,,,,,,,,,,,,,,,,,,,,,,,,,,,,,,,,,,,,,,,,,,,,,,,1419.2833534788265,1383.4212987867104,1384.1822243029112,1382.3739084302256,1403.2485815705827,1406.9441372174865,1387.8119727214696,1399.7004968198378,1416.064526122925,1437.4526743740169,1450.4974515634378,1467.5653253333082,1439.1822933131257,1464.017197036226,1452.2288558022092,1466.8652160438369,1451.5750239257302,1458.0805088672712,1473.1782310400342,1472.5
394783,306,"Lebanon, PA",msa,PA,,,,,,,,,,,,,,,,,,,,,,,,,,,,,,,,,,,,,,,,,,,,,,,,,,,,,,,,,,,,,,,,,,,,,,,,,953.3465338107352,1003.0385635876195,1001.1423985097695,1013.6049302935867,1028.3558730346601,1033.487595151262,1042.22823614028,1044.599419283745,1067.4626336071863,1092.0974986724368,1117.7630542787165,1105.2083190071203,1111.421569061963,1101.35120042506,1114.6875075020835,1133.0001184601683,1165.4038963480195,1179.6939245360522,1177.2740256438342,1185.2026469453358,1189.266065825578,1182.9127858963122,1211.0312979704606,1228.6402184896515,1254.6285868158566,1248.7049794891786,1268.7940074312353,1275.933405855714,1253.6487785025322,1264.1323066591913,1291.8239599593667,1310.654456053106,1290.3686736409486,1277.656202358978,1274.7853396653984,1296.0896408740175,1307.7307353085187,1333.9113593115685,1325.8943984466991,1338.483159926397,1355.2723429533992,1349.643959764241,1348.164575316901,1349.635427476556,1377.9548016413244,1406.2704760413355,1408.709142458335,1403.6658321777368,1398.3639809179626,1400.4903803087304,1412.6289203479248,1413.2206726417621,1422.1951864648304,1436.3277777777778
394880,307,"Morristown, TN",msa,TN,,,,,,,,,,,,,,,,,,,,,,,,,,,,,,,,,,,,,,,,,,,,,,,,,,,,,,,,,,,,,,,,,,,,,,,,,,,,,,,,,,,,,,,,,,,,,,,1462.3665734214082,1454.8461644579531,1465.5994177670705,1492.2183509788924,1544.008876841753,1564.995789110779,1545.76254911592,1523.6296003240093,1508.4311888734906,1534.8908369721953,1555.4218989833155,1579.8965094975154,1580.8920659651922,1633.876757149488,1652.9551902001572,1671.0435700117782,1639.3700476402887,1636.62779999819,1632.8098638855283,1690.4967403899527,1706.303593305951,1706.2017879827733,1702.2720928957315,1698.4267344018872,1711.0115530667024,1687.5512014412654,1691.8124220810816,1691.7248930665917,1713.385388331683,1724.908029906703,1747.2247233788266,1730.7777777777776
395232,308,"Winchester, VA",msa,VA,1147.0363552233766,1152.0989203135314,1154.0127656683946,1149.5741693151133,1139.8473498726441,1140.6433372135184,1143.8312776967275,1160.3816766417006,1153.4706576804265,1148.2022446715343,1146.36214713971,1163.2448916927738,1162.2258088235958,1156.709377157684,1149.2569470288875,1159.347700009175,1170.7844414651067,1180.3662295591391,1185.1015640417318,1184.6674962493735,1183.7476378250892,1187.899344431531,1187.404209832584,1181.0293107198677,1182.4504415990798,1188.6333295966904,1202.3809719831424,1199.7848171318196,1207.4253821356913,1209.6325016970857,1218.6324207931289,1225.0480816035383,1228.3824009327013,1232.4458144625125,1234.5846611182324,1240.9655353428286,1253.839249763879,1259.661526868263,1265.5302111354342,1263.6248119837944,1260.4253825678375,1259.7832703279519,1262.5291224782343,1260.7341974662804,1264.4905764187208,1269.0469648747562,1277.6469033642215,1290.5165723296172,1290.5573403440085,1288.1917977337052,1288.2988321407274,1298.964921459838,1305.5624045516358,1313.1558443354559,1315.8157783920897,1324.060206706333,1330.3015269222235,1334.497191745014,1337.4386634498985,1335.8283688097335,1340.0494270081904,1348.8810034237467,1350.512555821789,1370.4329431592414,1371.381296358609,1376.793674738734,1383.6167455803134,1394.135132359431,1399.4947181075624,1414.4712959670255,1410.3999271920425,1431.3987017809523,1444.7992605204909,1463.1455722364087,1470.297512229788,1457.6975656819916,1479.204518553576,1498.7200331278511,1532.3803675243785,1545.3398073281314,1577.9684676892014,1601.0822996226177,1617.6288622705783,1623.7485250256093,1630.3458318706128,1644.838299272943,1658.4476241856862,1684.8978279315943,1696.4440047989183,1704.7953727043173,1701.5048155252073,1704.1676357712142,1711.241612913213,1728.2399790162924,1743.5183838009564,1744.3266875141112,1756.6146906335748,1766.0326710316629,1776.9238901910849,1775.2867942288774,1775.5128157924355,1789.4726942091631,1798.286936363765,1813.751983470057,1809.24604025093,1801.9192111472971,1821.5511458358171,1822.1294051490859,1850.9431591977232,1838.1896112191275,1867.176689449616,1873.2225379668944,1902.9373579563585,1898.486830762127,1910.182001816307,1917.5070233972929,1933.177872660487,1947.150684451806,1941.7562516798062,1959.771517806884,1948.4777161756933,1968.9440758539226,1954.8906646565374,1962.368255307672,1951.290848425197,1959.3606237816766
395221,309,"Wheeling, WV",msa,OH,,,,,,,,,,,,,,,,,,,,,,,,,,,,,,,,,,,,,,,,,796.6042940386742,778.8660340923193,782.2263913179602,790.7721640650399,799.4917089086764,811.0672009933586,824.9419422468479,831.2207036559678,821.756641797727,817.1698616834847,809.9936469645901,800.9620226749781,805.9897288529248,807.4694794639993,810.209267018023,807.4155128989688,803.1988821424912,805.7561402411246,810.2625917376723,821.1183382957194,821.0918604211412,816.9712333588195,804.625144193563,800.8547203663281,805.2971943385064,800.9649076903873,800.9884918574146,800.9532577931342,802.6377348093431,803.8823646280686,794.5448092451239,793.3969324408625,796.6721531179397,814.4698562456347,818.171114593854,827.178147237472,813.9848823492109,815.4047890588122,807.0418093214029,817.8304489261267,817.6456022231739,824.0186429059379,832.7346508759185,836.1542937121762,834.1508286287597,817.9077440127124,823.6970347041477,829.9350957647812,840.762747601128,838.916170330882,841.9994738357628,848.6113204425551,862.4762278425164,866.5923306936028,865.9967207804189,873.7688599864318,886.8568396638891,887.2493838673699,884.5425597754665,876.9552151422872,891.6430458070486,890.1722815485646,893.823124116771,881.7445470018087,892.6913458155042,885.0505979548874,899.8471113941836,905.5559207009587,916.7437130628864,920.9420905797209,912.9309252275269,917.0434963160106,908.8897470627106,926.156858879134,931.2865657360098,942.8761798583344,935.1691079176005,945.8457399207145,941.0787996524961,940.4820297623367,934.2539741379318,942.4036021283616,957.3068348281306,965.1363707086831,970.9436820422823,966.9722222222222
394879,310,"Morgantown, WV",msa,WV,,,,,,,,,,,,,,,,,,,1119.9698976017803,1106.3081363522504,1124.379691407401,1123.1012512303607,1148.9171854790454,1180.6151676300428,1196.053252109336,1190.368489966651,1165.4058397439026,1159.300544916276,1161.9154156564946,1163.4438857687908,1171.9358003078717,1159.1264701235757,1153.1306224463922,1152.0287119661873,1161.6340233804694,1183.577317068635,1178.8214814608161,1175.550095471905,1160.9373627985779,1163.0813706750307,1168.3402304653957,1167.4427294205123,1163.2021493759078,1169.6342409578426,1185.2116415270493,1199.9043466593,1195.576965263068,1181.8800640246034,1166.4450936798148,1172.0232672430639,1182.0840810814154,1183.8745521982228,1186.1309201606482,1195.0331857811652,1202.4517411779075,1210.9778076677544,1204.6564362054135,1201.0703012322547,1201.8769702382617,1204.4976114295807,1223.3095585445055,1230.2666638365256,1211.329819018227,1207.7951525622514,1206.6047225980205,1217.0156087923597,1235.04290551636,1238.8363972975392,1236.665489437704,1244.006221223128,1228.20472055818,1246.9367060966024,1250.0952942756956,1277.6365277587336,1279.5575651375955,1292.4721060018176,1304.3820788833661,1304.7317859259897,1286.8161212698797,1281.8678067185424,1282.143476951711,1297.6891804868815,1310.5877834337584,1315.5297848677958,1332.9931649963607,1337.233867219454,1355.4170486321968,1352.92236041666,1361.1101085473717,1367.7887676500404,1377.837568829152,1381.6477001505978,1401.8115745434932,1408.6017129917823,1419.8739079008096,1411.1279628411355,1402.1436924783507,1411.6963994553403,1404.2066879196527,1417.3560266366549,1419.4589277505845,1431.1420487412913,1435.9394733450642,1437.7787736963373,1451.020016958856,1456.462504414891,1458.7710072628845,1454.0573864169269,1455.9299476267802,1458.513914485199,1465.453871972386,1463.6241090540282,1467.0176981836073,1480.7179648399708,1488.0290535671716,1498.4193130456981,1490.5971236982423,1491.85003721133,1494.596990659955,1513.106699561084,1524.5086509566738,1527.936911186696,1534.0485801451168,1540.573848871077,1546.2097219830584,1539.457802197802
394756,311,"La Crosse, WI",msa,WI,,,,,,,,,,,,,,,,,,,,,,,,,,,,,,,,,,,,,,,,,,,,,,,,,,,,,,,,,,,,,,,,,,,,,,,,,,,,,,,,,,,,894.2748281763713,876.4519263136707,887.7540768822817,905.4472317956734,931.4007489272449,937.6178535452495,938.1143481371354,952.2204941784063,964.4251282336131,977.3985112722847,977.468536776549,979.996976510473,993.6276202634457,1006.6569625096632,1021.4488752048122,1015.4156037885476,1017.8571212284396,1024.1102763100105,1032.8403423410673,1035.5212478755893,1037.0030666778864,1040.1628040722535,1045.6727378254761,1041.2082582473126,1038.543303357455,1045.2080445933839,1053.0084096150565,1065.2314849893555,1067.9677682962583,1070.4418161527444,1071.8370668090884,1076.7389476969622,1081.5388683690364,1086.2279046315145,1091.187700992377,1102.855851033363,1106.9562895254082,1109.3082032098018,1103.7633866013027,1103.4783210246217,1104.239702712989,1107.0905355617351,1110.2352472089315
394900,312,"Napa, CA",msa,CA,,,,,,,,,,,,,,,,2063.5077571363777,2055.1629393311814,2074.4761018571235,2107.297088814956,2123.1838217739582,2113.046531006564,2101.5292721223786,2103.711066578731,2125.6627587773455,2133.851085897546,2162.2281291135823,2156.9688414288516,2168.456156486467,2167.1361256347336,2172.034821009972,2172.8354224526147,2169.2230993113344,2166.4038049969213,2201.872867919171,2242.1651658447695,2294.396236767151,2300.9649332686686,2300.8650893808976,2282.250909428957,2298.2997817682417,2310.244704440219,2333.768770878795,2331.6331154792756,2344.398354057774,2347.3887265234343,2348.7699700806634,2328.4567383532544,2332.0696372879056,2326.2662961759615,2355.4024168140963,2393.158005175656,2398.7647440142955,2409.068562004248,2401.8025360214788,2412.382528233663,2416.065544896152,2428.8745452664357,2423.881641478516,2428.4181440509587,2404.35573511094,2411.704138128076,2390.200328608368,2460.4960780961715,2443.4347366170296,2452.8958061627823,2449.3372012117584,2459.837228760164,2462.5613860762746,2495.8173525753236,2549.72583728615,2580.131880083567,2599.600806006144,2582.7359250314144,2582.101833578148,2559.651211212105,2555.9130120986692,2580.4809659122875,2607.547597137479,2657.887211960156,2702.808523726075,2727.6391799791113,2733.3343561319766,2741.64585343358,2764.6830952824034,2788.6584242582494,2789.6504072830835,2814.873497269074,2859.6900955113883,2892.936185550958,2910.236331623842,2924.2088248260693,2912.234311612244,2911.0164554476532,2888.652738431514,2898.788805506734,2903.170193129689,2913.64202870762,2933.7335174445584,2951.3168065977247,2980.326134005944,2961.252967356478,2951.1274376512906,2925.511341006277,2934.588906043891,2949.731308787959,2968.4854298081445,2963.4500218568537,2963.684593649279,2969.7510862255867,2991.925957048959,2993.977496244133,2990.151957156659,2997.0062090163437,2999.313822282339,3019.5577232136743,3025.7403846819325,3024.181455006997,3031.9652377031316,3041.1562553343706,3044.8606285291858,3040.8836855755417,3022.86355059584,3016.3762882193405,3003.2232086801873,3005.1700785075536,3007.9192444219066
395013,313,"Rapid City, SD",msa,SD,,,,,,,,,,,,,,,,,,,,,,,,,,,,,,,,,892.9678876052245,897.7944401145212,896.0402396833298,909.5684198433341,901.1328601024364,906.3923101602549,895.2516673347249,909.4250311314424,901.7513649801499,909.1729674961132,905.7245817440523,917.2788592435106,923.7212155046675,930.7565363181556,933.8668219848682,924.6908650360288,926.0629195171898,922.4838486055191,925.944011995723,914.0694310256176,921.1642880893291,921.7847221622656,929.9451343333833,924.279952911169,931.922228904268,933.6868426141846,938.0711128924681,945.1123986092864,955.8781025421334,967.4463747570443,948.5362656433624,947.3036423247167,947.5563738329147,953.059551353758,954.4907412685095,961.2333632084175,967.4802396900305,964.2320691079138,981.6559556411328,984.8443509228528,1008.502852335789,1013.6987662198449,1026.5949366729421,1030.7205995368067,1036.1639285468261,1040.250229287567,1064.1620977063326,1075.950378065763,1092.8649698737297,1109.3806522248258,1127.0424366477748,1151.8449779108544,1169.9125841076711,1191.2637543079452,1213.7741388063762,1236.5411723140533,1255.0839655508933,1280.5622085930877,1279.8685446769946,1293.0616171065044,1289.6095408007454,1296.0326775385922,1276.008894432259,1271.0034171606267,1260.9319602939102,1264.7945997906743,1257.8544896995763,1252.7426894484377,1261.9093893065935,1259.365219577045,1264.6022858840802,1262.1984644455813,1277.1443810591416,1288.9708126168318,1301.622954272619,1296.7429977992836,1291.234558260378,1289.6695808822678,1290.3034533533594,1300.8321693670337,1307.2763114261475,1316.1127216399143,1320.194132565391,1325.958468018123,1324.4001687678833,1320.5273526653932,1327.0972399534262,1338.520713013862,1353.2692230770178,1357.5745916227265,1364.347083734675,1362.1801117686302,1356.4697788122687,1353.0735947815565
395139,314,"Sumter, SC",msa,SC,,,,871.0471841258442,865.7632869005812,852.93537597439,839.8478136691874,833.3546326933424,834.4815866472371,839.500548016169,849.3764740435179,862.695773133615,867.1391365109489,869.8590353260893,867.750288160601,873.107233725668,877.4062570179478,879.6327702836936,879.6581464999155,881.2596206912648,886.4997308358896,884.0546885806687,882.9638222436674,879.2741788197503,887.6478512571265,889.9308286463277,893.2432149519965,894.1769634060801,897.7828320219579,903.8234836539073,900.3256773941154,904.4011052388793,904.5367340095156,914.1174646090955,915.4716508736934,918.6511236868888,917.782147968098,916.0086964338876,923.7806656282983,931.719559896073,936.9874812253697,936.1790139100407,942.070219910641,952.7990245453244,958.4980262219508,961.7471767214911,956.430893425791,956.0245993793028,958.7792960574164,967.0726844838662,966.0835473549323,964.7160646878089,965.5091261805007,970.266802929706,975.4424564625325,972.078307642142,974.248754360136,975.2985393173852,987.0051102556539,994.5908972501591,999.5847143412998,1002.3757939535569,1005.9843126335004,1014.0238088567877,1019.5420291472474,1024.4902416078455,1031.4335055219403,1036.8839192774499,1037.9615180886306,1048.8192340782534,1057.880210430097,1071.7339309182635,1070.6821414454112,1074.649811057458,1068.9420765105756,1082.1153102563305,1086.4448767539109,1105.7689316377712,1113.8624206449613,1121.580019513895,1133.4280893520877,1152.4778402630448,1163.8983316517883,1164.0807846053801,1181.6176089597568,1193.7378900794542,1224.6261095798739,1217.3804193075755,1235.6411081824226,1233.10953847434,1242.0498166492735,1253.6763844663137,1265.1729652520003,1260.9905655619202,1268.7408563824283,1279.7801284960492,1292.9159942587319,1300.0340690767293,1301.258535541222,1321.8587511574335,1328.677459562938,1330.5792566497694,1345.5419539695495,1345.409542861175,1352.54572710057,1346.2705826245108,1360.2489234262282,1370.816033200927,1380.2798284969722,1382.3255813927688,1384.4106192895642,1392.7940472240525,1394.8624986572722,1414.613803304957,1416.6998195721235,1429.0909913209791,1434.657875161945,1456.6849815700025,1457.8757022376778,1462.24935993184,1462.580033034671,1472.8837797602598,1482.0951326872037,1483.9315394914256,1492.2424043759029,1492.7796296296299
394577,315,"Eureka, CA",msa,CA,,,,,,,,,,,,,,,,,,,,,,,,,,,,,,,,,,,,,,,,,,,,,,,,,,,,,,,,,,,,,,,,,,,,,,,,,,,,,,,,,,,,,,,,1514.8628516815672,1506.5335157332238,1510.0362935112366,1505.44026915941,1533.5801631256631,1531.3043656798095,1556.2570858042768,1573.8332791737962,1620.4985189683296,1619.7358503404846,1619.5885245322208,1549.8517380157004,1535.894845526126,1547.9789791278781,1588.4394196450196,1594.3293608781848,1601.4139953319698,1592.560562658216,1611.5110014919271,1603.4707438060939,1594.5333994818154,1606.6550047451622,1622.5876612573911,1682.3643093314606,1688.1625102423961,1692.8231351726233,1666.328579432273,1678.9649818308599,1669.934594246563,1686.4016075700465,1681.108865517575,1700.9494422870264,1710.7646772703927,1704.3660898349854,1703.676814336623,1691.619929838038,1710.127790205408,1716.2573426017186,1729.2242942242945
395117,316,"Springfield, OH",msa,OH,,,,,,,,,,,,,,,,,,,,,,,,,,,,,,,,,,,,,,,,,,,,,,,,,,,,,,,,,,,,,,,,,,,,,,,,,,,,,,,,,,,,,,,,,782.533087114237,798.4224507918883,832.9736102076597,834.6729994704664,831.6392705827467,836.2578650740663,,874.8772973105995,867.3653493100027,870.0351892506143,885.6461483686521,907.0925826696548,,926.3131854689684,911.6663953316055,916.7708354551557,922.2697503355221,970.8609820090658,960.1349493669808,967.3410479565437,958.9617232928196,997.2279017064336,1005.4879594292723,1022.9418837528661,995.9508209831052,1006.1391058333476,1018.7274069810032,1033.5184074107826,1050.3440207695737,1031.7684404075806,1055.5398283075913,1061.327637856287,1089.6624499176094,1079.548340678569,1087.7190078678912,1092.5451842100022,1128.2028419618246,1148.5555555555557
394668,317,"Harrisonburg, VA",msa,VA,963.8773603047175,972.0990243474149,971.8749061727323,955.5036851678117,960.8620002014461,967.4081713077264,1005.755375384819,1008.1403343586028,1020.8553458807934,1004.8693719668169,1011.3262798218217,1003.8511093699336,1017.2281192874084,1014.9504962121002,1023.631880299211,1027.2946255984384,1033.836112543706,1039.2118432242958,1028.7177164712507,1030.8892964667962,1042.300025512132,1055.6229296501651,1081.1953914967469,1080.2661051631032,1091.504797390681,1093.3830436682917,1098.3680814586066,1090.8580692057774,1091.5017692621595,1105.3708262122382,1121.50730630609,1136.4136624767325,1129.2985866540284,1127.5354980772213,1097.3259736526861,1114.9491537825047,1113.0982835974871,1127.2421525499074,1121.3627234598227,1135.9973980374086,1147.3313602670592,1146.1990202731472,1138.2918723644957,1132.4008111363596,1145.3251468615485,1162.5477426337445,1181.2757666096597,1170.1770431762577,1162.052518660549,1165.882248686185,1175.59111461057,1177.2908894276923,1176.5261549143509,1179.0824033049619,1188.2736037323173,1195.322694516215,1196.2718441806378,1192.0583861303676,1197.581132826669,1208.4182566728275,1224.0952955354057,1225.162142467061,1207.3215155788953,1218.794988162241,1221.7038729805558,1242.801932785377,1247.8187078031128,1249.6894076938852,1251.6642148118706,1271.2784663889952,1340.4659797986455,1368.6515967504429,1374.860497740254,1332.2877370199687,1335.3561601813833,1318.5589219904723,1331.6262959124335,1338.1074234617854,1374.793921401268,1387.4577270172415,1404.2899354078459,1386.138861632376,1368.9972118904177,1384.1947865488214,1413.7775780360948,1445.9221702832526,1451.9424448796435,1483.0162267498654,1501.7633188439302,1517.017607621288,1512.4713152987958,1532.8274368351163,1558.1463100588157,1584.137122685607,1583.748954129432,1561.7354386059908,1565.3507393188493,1600.4928168401118,1627.1092888364742,1640.6788002057529,1632.9558665027682,1649.1090444558206,1653.0093725486347,1661.443878031928,1651.5899205527153,1653.1610617439608,1658.2790256270619,1669.3183940070264,1673.1761742711913,1672.705054137359,1683.986420621867,1703.6806878703912,1729.475525403118,1724.6165214798566,1741.7870130132496,1747.1805967222554,1762.1913476842471,1774.5110881914075,1794.7385829991215,1814.2738849868274,1822.3354423738213,1816.9174938974108,1810.456186584064,1798.1691562259382,1793.0060109959506,1799.736990950226
394368,318,"Battle Creek, MI",msa,MI,,,,,,,,,,,,,,,,,,,,,,,,,,,,,,,,,,,,,,,,,,,,,,,,,,,,,,,,,,,,,,,,,,,,,,,,,,,,,,,,,,,,,,,,1084.522568863523,,1094.5602224423592,1075.116745952958,1077.3983197625168,1066.5226898342032,1073.5813428570773,1075.9909666615645,1084.842108192374,1095.5284768874255,1102.036003341734,1100.8112135245017,1102.1608824244072,1097.5385276779969,1107.8302802698072,1116.5056742018166,1119.4287691440074,1119.631474086273,1115.1558754643327,1122.4446749285385,1123.2489817862433,1136.367332619373,1144.7025274426462,1160.7304763065465,1154.6886949385948,1152.7421228518467,1147.752009941793,1158.071588571029,1162.3628246448975,1173.744231153663,1181.4212885070056,1185.6658157030581,1194.8373813686794,1194.0062689695442,1196.0843838995727,1196.0448880291801,1208.8908877798854,1226.1911279742299,1238.2083333333333
395094,319,"Sherman, TX",msa,TX,,,,,,,,,,,,,,,,,,,,,,,,,,,,,,,,,,,,,,,,,,,,,,,,,,,,,1189.9417079991547,1193.6144008656954,1181.233896805317,1185.5623799998946,1196.1755600323968,1207.6687362707682,1205.397539192134,1199.5624613612538,1197.673087221857,1198.8893768649116,1193.3724533701209,1197.333570946677,1205.4783603514184,1219.86875712848,1219.434315810931,1228.5744677933492,1252.9574429270751,1265.8472717770726,1270.9004853245408,1280.230957947555,1298.5214585427836,1315.2584470469578,1330.8230921034858,1331.368360039186,1342.1086830654344,1360.6251766631676,1391.6138129037727,1390.2080331307106,1377.3035519805876,1384.990969202525,1411.389744308923,1424.1747837207718,1437.363404493584,1456.0621675786604,1473.8181384658992,1488.2347879469523,1490.7206766484765,1497.168980165921,1505.7294246359306,1518.896422300402,1541.1639882677835,1541.639642102797,1545.6101607475628,1546.54247125884,1542.5318553235425,1540.5411257691594,1530.1734367574982,1536.6063391437688,1546.5182703744817,1558.3047319735433,1568.6774445408655,1569.2743514893095,1584.6827304759981,1584.3486450819914,1595.9249973806104,1602.991228899917,1606.871722884768,1596.804408943297,1603.0124213082647,1605.836216930813,1607.07707004472,1601.446002730593,1593.5026388250901,1597.8048600951875,1588.3962467866072,1597.4481994559458,1591.997502533044,1594.1573988562873,1600.5976092094043,1615.2719342382372,1622.021001699138,1624.401262945213,1628.6844683989766,1636.7519686363119
394821,320,"Manhattan, KS",msa,KS,1002.2020174230612,1004.3589611284478,1001.7482122024179,998.8598564694358,996.1682623902318,994.9504553916437,995.334980377956,997.4165130423469,998.4532135982932,1001.1255606136393,993.3336256641861,991.9619701937098,986.4266370580134,988.476369589389,986.4739309027061,989.1672517062847,989.6994153032665,990.6447999743376,991.4490205420201,994.4421806044795,995.7588793106263,991.0319195799456,986.8452667805687,977.1578143920182,980.4441255725656,983.0671027180108,995.3845516795404,994.4348636908577,994.6456382541276,988.762441667033,990.3020552731348,990.2878298619987,991.1512585962547,989.4639541533265,986.0638914479949,993.390656789033,994.3895412511528,999.7744792158801,995.1124210646962,996.668090883794,996.0451590695403,998.4766724705033,994.5159068997282,992.9896229458915,990.3895470968343,997.4103191734006,1001.8973890931019,1005.2758604014856,1000.6588532563563,996.9877702579655,995.6914710853015,995.0233331426606,995.7774938272606,996.8943978999533,999.2749822089032,1000.0611930894902,1001.3769865308012,997.4710876022439,996.2952081732253,991.8103044024165,993.798274093958,992.9197599112064,1004.7646459840798,1004.0799391651692,1009.1838816411965,1007.9785549278535,1010.8604821393038,1006.8101632907624,1014.0602793450474,1019.2044368890939,1024.2638831239087,1020.9833748741622,1020.790402554933,1025.9863456003934,1034.2655580402145,1039.589025771631,1040.7622584828246,1043.760126359321,1045.1230877021492,1052.9626869742299,1055.2818486998149,1057.7588388751694,1057.4225443644136,1063.6539269797547,1070.5224169092598,1078.8105797234703,1082.843094359726,1089.5899777535974,1093.2064840619855,1094.4605569661107,1097.0056326311956,1108.0963822165643,1114.628498880093,1120.0789932915686,1112.295088620743,1116.233452258931,1114.3924259612747,1119.0593034603808,1118.4001628713347,1124.1101498173755,1130.0867448235856,1136.732461158035,1141.4354389103569,1137.0882838874609,1139.85610968987,1150.3900463324558,1165.0191550227792,1172.075148483206,1173.1549219983685,1175.9137619806709,1180.2911579735903,1187.3040106299213,1191.1194415350906,1194.1289726233636,1200.2710027172457,1208.3931349553052,1214.4453225377995,1215.1319816551163,1220.199879393357,1224.4760878005688,1236.470062388772,1243.6871458029382,1253.5927784505159,1257.997220755994,1266.022745284733,1275.1811251079544
394442,321,"Carbondale, IL",msa,IL,,,,,,,,,,,,,,,,,,,,,,,,,,,,,,,,,,574.0480107930697,568.3593732902549,570.8591466826394,572.2857147487487,577.820479009023,573.322822534059,569.161885849606,569.6257042389822,574.5803688877293,579.7350525063958,583.0575754308545,580.721726097006,578.0081495155814,584.3032824563379,585.4156628919033,591.322852046665,585.0487848299811,583.6980673073836,583.9865552409068,584.7449587248691,584.9293338221232,585.7902081835629,584.8353653286342,587.8679505586349,591.3628763630484,592.3245820905476,594.50659062352,591.7979121522372,596.5829583705788,597.6445254288546,608.2934825878791,614.1685133040346,625.0160604894126,624.3117017533939,622.4841148278745,616.9019768214345,625.6683657320855,635.1301307281421,643.604884321666,634.6020892299479,630.0981253678342,629.3652800185042,635.0531653754982,639.7779424903963,644.8642965985663,,655.9038471083003,652.2451103169592,647.0962230012395,642.0992557888518,641.852094579633,664.5677117579189,682.3062957046585,694.3411177067181,682.86094330448,678.1874131458414,674.7465567609449,662.4643729368095,673.5772207531928,692.9270300516943,710.3027250058993,724.01562060303,723.129741047105,722.5519601936703,714.705716283603,718.3421187328175,727.1702014974911,734.8944812760715,737.4692289344082,747.3482970304555,750.3985007883889,759.7530233054674,761.7750806001125,761.1033541025578,758.233454806558,753.9588484084543,765.5119719223043,767.5971746828129,775.451847815423,771.1836590149292,781.6176023537474,787.1535659160269,787.7997207315693,780.4730475680677,780.3234863507638,784.4503058598486,796.9184024534655,805.8602846621625,807.3627574028264,811.7578879989345,813.9897700857847,825.0287789671472,827.0833333333334
394727,322,"Johnstown, PA",msa,PA,,,,,,,,,,,,,,,,,,,,,,,,,,,,,,,,,,,,,,,,585.6479991667942,587.1098487912556,580.5587432840534,575.5995405667334,577.4626928710261,576.0491889614302,586.8229589725391,577.9893182327768,579.9248357749574,576.6105580602415,586.9846028664986,585.1383734021665,592.0039736949066,589.737718363238,597.9994236961004,607.7387367340664,613.5683457931669,615.0752388390729,610.6209592155363,616.7080187696937,621.5161253274869,625.8423434645124,623.4993350897615,618.0790386663724,623.7708039339757,622.6911444496227,627.7079432208232,621.2490362332696,626.0261898542551,633.5685571819225,647.2964670475335,667.3514033471104,657.3880789905796,653.7085634167436,654.7998689971316,667.4642699496737,676.6150606207638,670.598720678344,678.2746328869981,679.5973666134279,690.2836414090211,686.9677551959309,687.1439887985955,678.335372537655,684.0530147479024,694.1215159562004,697.3538125157485,706.4276500332372,710.1807591401392,728.5219559827997,725.654455446043,732.1651491075767,724.7940163358961,736.9709347357388,740.1949928110395,738.5034239464932,750.5237472824753,754.9612507178147,777.5951269062747,762.5498259144085,763.5423051194605,764.3365572950863,772.0290271124431,768.0640140184266,773.5905976764247,781.7080070462835,791.6795597761279,800.4170376751063,802.4289082070682,792.0052627466513,776.0672176739014,777.2878529533172,779.1555992172957,789.1950921114922,808.7415898746057,818.6355194657001,825.7878142471038,823.5508278137228,823.3606630148104,828.6137708825939,829.7161384843523,843.2934965310922,853.5107023559367,867.5924047320714,874.3057262975993,871.0890188735877,860.6666666666666
394728,323,"Jonesboro, AR",msa,AR,,,,,,,,,,,,,,,966.7947056917918,976.6547667956185,988.3681860873262,979.5240630633067,985.1217050719843,987.8626533433044,995.7327148747207,993.8943988447829,1001.0003235191408,995.9659718544847,998.9826229380589,986.4034161173759,996.9574498986894,998.4649000375582,1007.0775234551525,1001.2496708127823,1003.3520472382507,1004.85708583469,1011.9063876720388,1014.5357301722592,1004.8755417143356,1004.0948071344002,1000.3442079066439,1011.8714210644274,1008.4178217716134,1009.0328303136961,1004.7087259211041,1013.2899310609879,1017.4087503060064,1019.353669739589,1017.9725747911275,1021.360838047766,1027.0546215968916,1031.444019127313,1032.9892286529425,1035.5665888723859,1036.759848427254,1038.4547809549547,1040.0960346034624,1042.7434500662962,1042.789442807467,1045.8048350530196,1047.6390996340006,1049.4905688708602,1053.9861114699702,1057.658587291007,1063.7733474712943,1064.3901594098306,1074.9525027836248,1069.2959560266568,1074.256706453985,1074.2121410941727,1076.5708057768963,1076.7264788501175,1075.1655439835347,1081.6647741781412,1086.484074464304,1097.203584535458,1086.083954897562,1097.8677849626936,1107.9321523361164,1131.0727578590295,1134.8389517582457,1147.2613449306532,1153.969219131571,1171.626915017197,1179.3761597221467,1190.7537559933844,1189.2132554554025,1189.745016973072,1194.538116477615,1189.530690263769,1185.6143720136251,1182.5516862099314,1197.8256279768461,1199.8325687232982,1214.9430985898475,1215.3408086448085,1219.835852867761,1218.4632007503722,1222.1714876932306,1233.1668828773566,1246.1256630539249,1268.8130729335587,1276.7348659034797,1278.4808888886573,1268.252868643425,1278.959364303474,1279.3636983996832,1286.418142697173,1280.1787461533306,1282.6642921746252,1284.8791283276732,1286.3659449364213,1289.2073072451294,1299.474266216214,1313.430209337848,1318.9841697071527,1323.2971303050333,1321.8313237093748,1325.7045067138467,1329.5458948732044,1343.7601321447412,1353.2082213097171,1363.1126391072796,1369.3251743000492,1373.3974298069538,1368.1299286663718,1367.602075592998,1376.3726474042778,1388.9879899904342,1398.4904761904763
394390,324,"Bismarck, ND",msa,ND,,,,,,,,,,,,,,,,,,,,,,,,,,,,,,,978.1362271401072,980.5191245097107,998.625035872559,1014.4798568574726,1016.1729527794663,1029.497566364215,1020.3002589422366,1027.5071580181148,1011.1907846994785,1008.926498694006,1008.4311526503155,1019.8004258672669,1031.5672771756267,1048.5664901711143,1057.3999100576332,1048.8593901637432,1036.137452837505,1026.979886915558,1035.949639152716,1047.629038306095,1052.0298104070002,1050.9661935563781,1058.7655565075931,1067.3212716845308,1065.257462684592,1051.8663893745083,1040.270302647155,1045.6928828325506,1060.105520235588,1074.9387184774955,1083.33244850713,1085.553713121512,1063.939089224515,1072.3201096531673,1082.7131142941198,1076.0769434147571,1075.7758740852335,1075.6006948607426,1089.53043246301,1090.5164977366833,1089.9857739739314,1088.2670398496,1095.3715282108733,1107.4574788878645,1124.0789626318826,1121.7245711317144,1108.82139449421,1095.395886256528,1080.5173801947342,1094.1224368678206,1105.880139837597,1126.250299173602,1129.7981064088024,1138.332258560458,1139.6390474400835,1133.0783106791123,1106.9076251122644,1110.0147382171465,1132.2934799821603,1154.872782893673,1170.7772903213404,1151.732044881339,1152.6167877727953,1156.6397993295639,1169.4985562348425,1190.7443009378658,1197.2112999449034,1213.4084461735447,1225.885338517679,1229.7186560734233,1226.2786106162096,1225.4478480696546,1242.103118479986,1254.1989755934223,1248.7369970415127,1255.4391681070579,1259.9099616247504,1270.2361789890122,1267.03787797715,1285.1649637641683,1298.7746525696325,1305.3234828707255,1304.7002780971925,1314.0277112515091,1312.2616249794478,1326.1798508993706,1344.1294091468667,1349.8386609055985,1357.133826626874,1354.7376592167184,1372.966830018566,1370.9982024427559,1379.6325116195644,1392.9933202279713,1412.3006880713115,1422.7556360708534
394661,325,"Hammond, LA",msa,LA,,,,,,,,,,,,,,,,,,,,,,,,,,,,,,,,,,,,,,,,,,,,,,,,,,,,,,,,,,,,,,,,,,,,,,,,,,,,,,,,,,1140.5401551895068,1168.2162358729474,1214.5734283831564,1220.859418310598,,1233.8813620290764,1242.950350502166,1250.1050945997204,1265.8559030489325,1264.4667766866664,1270.2463035344724,1255.0188380801646,1261.7695361711772,1254.5486552767309,1249.4554492282293,1244.6250333897265,1241.5372872976602,1250.0979159781975,1256.0977424327414,1267.8402371304999,1275.6217453913343,1281.9593984897597,1286.1586268184287,1300.1731826831165,1294.7751736785358,1292.979860626282,1278.6256338021803,1286.9508831752157,1283.2839219809803,1286.0621802220492,1291.2325788183346,1302.2061827555478,1306.0817816104081,1311.4983273710927,1316.259903196118,1322.2918530975398,1327.8747737505264,1337.4858134800068,1351.7744137038624,1355.892450348584,1364.9149146929014,1368.3175174484552,1367.4607498225987,1359.1872175314104,1356.3095238095239
394983,326,"Pittsfield, MA",msa,MA,,,,,,,,,,,,,,,,,,,,,,,,,,,,,,,,,,,,,,,,,,,,,,,,,,,,,,,,,,,,,,,,,,,,,,,,,,,1263.5617573132677,1300.1969697783993,1326.251412926274,1344.5635178550283,1356.112494175296,1395.9225363617509,1414.0339342256802,1400.448948992117,,1358.3704862380976,,1386.3574420933069,1413.04454123917,1422.1769515035767,1410.0154903468886,1425.2690444190303,1444.485674813713,1489.7617148832685,1488.937947732093,1487.2849346091498,1496.3532046428018,1519.057487908886,1570.167858260839,1578.068666749827,1601.994013017755,1598.286949010986,1610.712786522245,1600.7053169014507,1570.91924308002,1564.7496933211953,1575.3423257143925,1627.7288025255223,1649.643724638611,1659.806940911567,1664.7151653721987,1653.1304766498547,1664.3823002771835,1634.1530743657474,1669.169298864993,1676.0729268357031,1707.4220901558297,1702.6822408013886,1713.5339221101308,1696.951147312355,1702.7383265943422,1712.0923565245105,1708.2713486704451,1733.2543300335315,1732.4704136879175,1781.6883794931155,1777.6695700943953,1802.2222222222224
394890,327,"Mount Vernon, WA",msa,WA,,,,,,,,,,,,,,,,,,,,,,,,,,,,,,,,,,,,,,,,,1479.70700746771,1492.1414311969406,1507.510014358225,1510.8026462803593,1516.3980462101972,1524.9212920072127,1533.9912620121775,1524.369584107806,1521.7239369664655,1533.7691379598334,1553.3326019127833,1564.0782994375218,1569.8851811701861,1570.3818637271522,1567.3169580988356,1580.6482759520798,1589.3417766505986,1597.8373560441064,1598.1910719371572,1601.2439519545237,1602.2867466243338,1603.697336751304,1633.289866356258,1636.1027452867372,1653.5897152392804,1661.3551887531385,1686.7343722860867,1710.6708728211045,1729.989366798185,1728.7878661378888,1734.9649289725985,1726.2716018583694,1754.4854949331186,1763.5774967229552,1798.5012846268155,1831.4984325102037,1862.5833978976243,1883.2706078831334,1898.596778159341,1907.2005009611394,1929.661683923969,1963.083035403932,1993.1671851956912,,2048.9318964599556,2071.684188030517,2059.781017147494,2062.9591064925835,2070.7600581900583,2082.0817624953293,2091.5713264403225,2079.6551209348045,2085.9077652120313,2099.9988064478393,2129.7741706130155,2116.978933444181,2121.6696148344577,2127.43372379295,2145.292423110173,2148.763821386418,2148.11421837111,2154.125326908074,2160.0307667787774,2174.5702633491455,2171.9980638330776,2180.8749575466068,2173.57665343635,2193.0959677798824,2212.8998517567384,2249.321416685347,2262.8252156309754,2268.854393105303,2264.948557203705,2261.019744883965,2268.580189220379,2280.401480336998,2292.54697305027,2288.9703889213774,2289.693758102656,2284.675794448977,2280.580398654927,2257.919521192411,2252.3553426848343,2255.1407791154093,2265.169621417362,2269.9823529411765
395153,329,"The Villages, FL",msa,FL,,,,,,,,,,,,,,,,,,,,,,,,,,,,,,,,,,,,,,,,,,,,,,,,,,,,,,,,,,,,,,,,,,,,,,,,,,,,,,,,,,,,,1586.791344101925,1634.6216530285355,1697.2604602787167,1750.5541774839874,1759.8129946496729,1805.9810317493375,1806.4514397782227,1838.188887367033,1855.5572862004983,1861.2151312525539,1910.1133059117296,1915.114580098227,1912.547124500375,1889.720654893278,1884.205990048791,1896.7543236745921,1910.8563980186234,1897.682057319975,1906.0565447295583,1913.0533193054896,1928.5915319454837,1940.2967374653915,1935.7040169545376,1923.7321584583933,1956.5871130761145,1967.3683208912512,2003.7793519651805,1989.767050929582,2000.7163808825326,1985.9365278476891,2003.9618332730704,1996.6364837448186,1994.092313439716,2000.720977475545,2006.6258725380317,2036.5805108120699,2022.3077576150997,2032.3204448329348,2011.3894006321163,2021.0192964513255,2020.7203094266727,2044.4675925925928
394307,330,"Albany, OR",msa,OR,,,,,,,,,,,,,,,,,,,,,,,,,,,,,,,,,,,,,,,,,,,,,,,,,,,,,,,,,,,,,,,,,,,,,,,,,,1163.3152048040142,1168.541145767978,,1204.7456588611076,1211.7026038585245,1239.0325483693482,1245.1383441681853,1270.0765625641388,1264.6269694070081,1290.5864260443914,1288.9305396680684,1320.8123565877943,1333.682730652221,1365.682436749327,1386.8017676830016,1388.5830869491758,1409.835244253957,1419.4369919264518,1437.5737738549478,1444.703369338929,1461.8528978557024,1474.7500089454686,1472.1238502748495,1469.8984509540876,1493.1806697892353,1491.9003975477074,1503.1697605565175,1499.4464237562136,1504.046323318685,1497.0356589405087,1497.4296998511034,1498.7401236337626,1506.1343013992162,1499.0606693807244,1516.4721371951427,1525.2727506679544,1536.1339856295117,1533.6676145003028,1531.7989353716785,1540.4381445743702,1541.281210732872,1552.9320332356976,1559.4208119099358,1566.174837957918,1569.8103107854379,1579.4294740119221,1583.3982843178392,1586.8729007998256,1580.1929300736883,1591.3953242442765,1598.1751482744187,1607.9065826671938,1615.96220881515
394633,331,"Glens Falls, NY",msa,NY,,,,,,,,,,,,,,,,,,,,,,,,,,,,,,,,,,,,,,,,,,,,,,,,,,,,,,,,,,,,,,,,,,,,,,,,,,,,,,,,,,,,,,,,,,,,,,,,,,,,,,,,,,,,,,,,,,,,,,,,,,,1249.611246203584,1271.9475455144477,1309.5209548069645,1320.138888888889
394780,332,"Lawton, OK",msa,OK,732.4720787481881,733.4427871302514,740.6697526119887,741.6427603712956,741.1841740363463,738.3914163615401,734.3433652842527,737.1327573969152,738.7555972964082,741.2837231704015,740.2010395861544,739.1262463948789,736.2993903344828,734.0346526247926,729.6556587394389,729.6019475194996,737.0099842614748,741.2145376041528,748.6458499573016,744.502982749671,741.918090313097,738.2223448114753,736.5813535929442,739.6396832402041,743.6268175151783,746.3971319313682,749.0606725503083,749.0965691365316,748.3528848175399,748.8695927038617,748.7942023207328,749.1106404529266,749.0985848250489,754.239557621534,756.401320536656,758.4755025196863,754.8642345273524,758.7955791173048,761.212006860804,763.7526445647102,758.3819078763077,758.1022815973037,757.6940223179196,764.8719031493473,769.9818947079227,771.3367920577315,773.9818404567427,773.3420230910191,775.2832585117501,769.9595797919408,770.1097422351661,770.8510614347936,776.7407343197991,779.0743062290273,781.4105238915038,779.9337482762272,780.1679531779114,781.160949064247,782.5618710429259,785.8187642058739,790.0084634061592,796.6421511591055,795.5042385714505,792.6848508059419,791.6925073848714,794.1051636037324,799.9931193844561,802.5021195639717,818.0540153095967,836.0206433323367,848.0788787008346,854.2452027260604,856.1485813419347,854.6431325655603,855.3958323535818,853.2580076244618,867.566945439004,877.6414931218977,896.7562232934429,905.2350225285836,902.5204855050742,900.9811045843535,906.7632698453,912.9600092769699,920.7656433971188,947.3292557463437,982.8921829837448,1016.595864291884,1022.7783745024834,1031.3556540544514,1021.0221899073641,1026.8460250111964,1026.0067236908237,1030.0444059811966,1028.7990610603872,1047.31438496732,1056.0149041547231,1058.9079083948043,1047.999852005935,1052.9132758039646,1053.8291736708743,1055.3168394522065,1049.8822510023117,1054.9272779648188,1063.648283508564,1078.788323386939,1081.8534136736234,1076.8236370932923,1082.9524093197908,1090.3804493149178,1084.888907306678,1083.4757957814181,1088.8058571771242,1102.5626515332904,1121.1237396809577,1125.3856523766858,1131.4711219298533,1128.853267183276,1136.333867572453,1139.6322209275652,1138.5006188090474,1134.6524181843774,1145.3360168517956,1145.1333311002363,1146.354690819674,1139.432989594946
394474,334,"Cleveland, TN",msa,TN,,,,,,,,,,,,,,,,,,,,,,,,,,,,,,,,,,,,,,,,,,,,,,,,,,,,,,,,,,,,,,,,,,,,,,,1002.2861840940906,1013.2887873327313,1013.4081312479417,1016.6463806640666,1023.3190630002302,1044.1668847780124,,1091.524572664692,1106.842023384161,1115.0387635556733,1135.6896775459336,1142.5844171986125,1153.161001845301,1149.6404590738118,1177.118410410177,1199.9128321812084,1228.5610348423954,1234.5617719468823,1254.32686836961,1264.9648467711866,1273.350738696735,1270.196205980911,1258.8886753305294,1267.5492857027537,1285.8698477250855,1309.005856447491,1304.836082392837,1312.7099516320159,1318.856300200247,1337.9618224104436,1328.616785408364,1329.5214717494416,1321.7189445537228,1335.418573716399,1337.8079209564785,1350.9885522425288,1341.541014528089,1340.7480306241403,1345.369823751386,1345.44776871369,1347.9697390710194,1338.5355185941862,1344.9237381279777,1349.7980118437797,1363.0851890042825,1366.3317874955108,1378.8816484768,1375.8639608290327,1384.536950481747,1387.348736595534,1392.8115638153172,1396.9953408835768,1398.9874304254477,1408.5298077536152,1416.696606439347,1423.0957671957674
395098,335,"Sierra Vista, AZ",msa,AZ,,,,,,,,,,,,,,,,,,,,,,,,,,,,,,,,,,,,,,,,,,,,,,,,,,,,,,,,,,,,,,,,,,,,,,,,,,,,,,,,,,,,1177.607985656002,1150.0810777977085,1151.9999342712567,1184.6757441744771,1222.7546315899745,1206.4031500256315,1192.4659466574285,1187.5974900861925,1224.9452054007809,1209.80206363482,1208.5713652984537,1188.917511957285,1245.4322124863188,1276.8958034380876,1304.308410088626,1270.8024901664148,1265.24646505139,1265.137641832504,1272.8549047124204,1270.2036952003552,1267.4045435998185,1277.3280491239982,1274.4244245215916,1280.9463368722804,1287.626076414305,1302.1075964177705,1303.0768108371394,1306.4846347664663,1307.8847832614908,1305.2587571789188,1313.964986298271,1326.4682081798142,1330.4479568894294,1336.0004457556088,1342.9937132408852,1347.2742354575535,1330.3310968348692,1322.8571698219926,1322.331329631013,1342.336367937823,1349.6285921809028,1367.6344024290306,1372.379365079365
394325,336,"Ames, IA",msa,IA,,,,,,,,,,,,,,,,,,,,,,,,,,,,,,,,,,887.7929170073285,883.3633758071171,900.5538048890647,884.9276235037578,879.9744767234608,871.0432992296788,871.4537647278704,869.6221095768847,878.0794735332768,885.8829072701294,890.8802638106816,882.4919617661604,874.8177943261112,868.5930429340409,867.1923983823143,874.4843293206411,876.6165904147256,875.1258336681279,883.7980067272532,888.952805363111,889.045742309301,896.1918250999965,889.7386005598415,902.5701450089954,895.741967253811,898.7766765535368,892.8954088474552,892.0717118620478,894.9773280719369,900.8831546373689,902.1469630026864,895.6218202336806,893.9439856149964,892.1915007160193,899.0926144306499,910.6063393552856,921.2705600195795,925.0709100250771,930.7766443834712,934.7112984508066,934.0646918070213,921.0191879290152,916.7347498838761,922.2607691426882,928.0263501849042,939.9250912029776,947.4902226744628,946.8814241347984,947.6231393082802,943.4976964176401,948.1283507120366,948.030809526817,954.0681346558174,963.779635048015,975.029579532801,984.8263590629092,986.6889172115953,983.884561928316,984.2363091790189,982.8038845168328,983.7599048360154,987.0867143591672,990.2879241503673,996.5085309393816,1003.8274910218778,1013.4031292960194,1014.5376284628918,1008.1251462490691,1009.0357340644883,1009.9175539047319,1007.9149005979582,1020.6341578886073,1027.1862807998957,1043.3759045050058,1051.7265356796486,1055.449437947876,1057.716577313833,1050.6959060624367,1059.0339791332701,1064.2658943882493,1070.5113426417677,1078.3572341003935,1087.6298171094136,1087.6119894674675,1091.1153554093974,1087.0410737365423,1087.437216286345,1091.0601886937775,1094.20735964107,1103.0807798860385,1103.6492434751642,1110.348414044168,1114.1230338289163
394824,337,"Mansfield, OH",msa,OH,,,,,,,,,,,,,,,,,,,,,,,,,,,,,,,,,,,,,,,,,,,,,,,,,,,,,,,,,,,,,,,,,,,,,,,,,,,,,,,,,,,,,,,,,,,,,,,,,,,,,737.8467278806858,744.6911060282052,734.0963613400596,731.7578895736201,731.5931949192131,753.8486562590032,778.3734722399578,787.8429036357869,788.195660368019,788.6507098330985,798.2194106945649,815.2911995387584,810.1335055116775,807.6494403411486,828.1782123756722,842.0338893887894,853.6154328491332,843.8798546331795,850.19038711737,840.1603271275976,848.4892099176782,847.6429568832326,865.9468981496141,872.4831465590089,897.7978850719172,920.4629629629629
395128,338,"Staunton, VA",msa,VA,,,,,,,,,,,,,,,,,,,,,,,,,,,,,,,,,,,,,,,975.4974519476324,974.5138268697531,963.4557321117101,962.044707136308,978.3707574570639,988.3536612491804,982.2371639956123,970.0293491397463,964.3804478297612,974.3599353864943,981.4761501150151,987.0457522675921,992.2518412050035,1001.7896852625307,1017.5320966496155,1026.9099864563839,1017.2524315573424,1014.2769291959111,1014.1312311611857,1029.231720979121,1037.2582386033482,1034.6858069918217,1032.3782844472944,1023.7103444099189,1041.5016723847555,1043.9337774801834,1053.678071016188,1049.5095740136128,1054.0862701385229,1075.972682066181,1108.9194559568627,1116.791050138449,1122.4209305582106,1112.744765785138,1121.0285952212635,1129.2359129521092,1140.665165185301,1143.4238844950223,1141.8745538333542,1151.9919616426378,1185.3940112850116,1197.360846765424,1188.938606097626,1175.7255204435155,1196.594677584128,1215.850068030043,1231.8225246637196,1250.4748837804302,1258.905735240168,1277.345836781675,1277.5981506401306,1294.786144082009,1288.7104439194195,1288.71735710096,1294.6367621424708,1314.0476524218766,1313.203248455166,1317.971014231675,1309.6779669192128,1309.818323995412,1319.1337862520304,1328.9111488721464,1357.2192771115708,1363.904084516139,1380.3516926520363,1374.6811094419872,1379.1907789188224,1389.2182883227974,1406.9154610511869,1421.8724981205723,1443.4490528538795,1450.5219223774652,1445.1265206274986,1456.9795581189699,1452.6460181007872,1454.3054956674416,1455.1201459078798,1474.4587619770225,1486.5827928084657,1488.6523034894292,1486.4828405212993,1483.7079369805517,1482.0831929098904,1486.1312411815404,1496.6811578557206,1491.0467972294398,1491.7757361565464,1494.2579365079364
394353,339,"Augusta, ME",msa,ME,,,,,,,,,,,,,,,,,738.4710071257382,748.9471511130344,756.6339275033756,766.1964269183114,766.36841586712,770.2640223397302,759.9126739674614,760.8996373090401,748.4003084548148,753.2272654766043,759.6485384024613,773.6944976602371,778.1700346622002,782.6555053965606,781.145774573452,772.8570385741725,772.4704077335876,778.5399569978441,795.9658114811999,800.9080707042809,811.6510899303213,810.5979938191665,809.7335345843678,810.2954226717378,810.5306308676871,811.5355077866019,816.8262622699848,825.2003642133844,832.9474188239822,831.1834419048785,830.1088673834014,831.1244598757382,841.4032817124254,850.9411022969651,859.5246579063178,860.2291957209069,866.2950742773114,870.6421393513534,875.6631219476792,881.7679973168546,885.9168838608551,893.4219189554369,896.8943816388311,903.1160552421209,901.7470529286907,902.8181493055129,904.4554738401964,913.3499352167411,909.5624426021798,924.3140033800329,938.0016299955421,954.6425721611037,961.9557331733023,969.6177951349183,993.7480620573871,996.1933959550954,1003.6016019919578,1006.3101010263022,1029.5093379112984,1043.8194377883933,1052.625683762901,1047.496199502716,1065.959666630811,1106.7032376488908,1124.3966727588409,1125.5633441111906,1112.1496758686021,1146.2646616260524,1164.2269722144206,1178.8618878038767,1168.8583085900868,1180.6661545147672,1203.1654475395774,1216.2544454295214,1218.338804825919,1193.0214011982557,1203.6770350606773,1203.8038797647084,1226.6265651768795,1208.2004250197674,1235.8723738410972,1254.468488791676,1295.5278196947424,1291.187544635902,1287.2182926685555,1293.3761760843483,1297.8226439061962,1300.5262451118147,1310.8385405152783,1331.661986101481,1356.4465976728009,1378.5362526924282,1374.0271652527122,1371.4184554825815,1340.7660904221843,1353.863505068291,1366.7041020215324,1379.474234351062,1390.3414932935298,1411.4336063228952,1413.1281124732932,1415.7654908951818,1405.718976339189,1409.8091410929228,1413.6649954997674,1422.4320154941317,1446.4105005194212,1455.5016386009581,1462.2030889235486,1466.3162393162393
394321,340,"Altoona, PA",msa,PA,,,,,,,,,,,,,,,,,,,,,,,,,,,,,,,,,,,,,,,,,,,,,,,,,,,,,,,,,,,,,,,,,,,,,,,,,,,,,,,,,,,,,,,,,,,,,,,,,,,830.4466465836704,827.3950654535303,825.4593400200547,834.1587044931368,838.8192334107098,833.2296103971628,825.4240127236698,821.0456859655053,833.2061277409956,835.8212796395338,851.2684051276191,843.3280205892286,862.2888586681102,848.2123554567979,858.863180987051,862.9341922683514,868.6907847088776,885.4582633880228,892.7272981680742,902.5215776757472,895.6433081246621,902.1014447760036,890.5061196359745,894.9610875897332,888.1349433967143,908.0314086234564,904.0903421746647,902.5
394905,341,"New Bern, NC",msa,NC,,,,,,,,,,,,,,,,,,,,,,,,,,,,,,,,,,,,,,,,,,,,,,,,,,,,,,,,,,,,,,,,,,,,,,,,,,,,,1168.3180280322965,1165.1872796468508,1175.9482293692363,1179.537779669027,1197.2756846742066,1218.19723163861,1222.6891898716142,1235.350568476572,1242.075731270044,1258.4979864798345,1270.30972729208,1279.660697758251,1309.1267617797173,1335.3348658973778,1368.8098958766575,1396.0922421444636,1406.2579461962764,1400.0966258168373,1397.0953486650812,1397.8194939077719,1413.4358452154686,1399.3828831747453,1389.9620889784342,1386.1774176629601,1395.8918539591336,1414.73419613311,1421.7881283811616,1424.885734066669,1429.5004801154919,1426.1566150581348,1444.610471738705,1428.3075158199406,1437.3182434692367,1451.9155271227485,1476.3785651825165,1486.5767716024018,1481.053018678097,1486.0926125374294,1481.8124339231456,1485.0667796346352,1492.343929197907,1512.3181489180984,1516.9946736505613,1544.9584833041542,1546.005140754427,1554.3663803338357,1552.294968513692,1559.4420766595135,1567.2671646041204,1563.5616161616163
394588,342,"Farmington, NM",msa,NM,,,,,,,,,,,,,,,,,,,,,,,,,,,,,,,,,,,,,,,,,,,,,,,,,,,,,,,,,,,,,,,,,,,,,,,,,,,,,,,,,,,,,,,,,,,,,,,,,,,,1081.037694692543,1105.8792692681347,1107.8476391537515,1120.7902127588964,1138.054448653772,1153.5451394878394,1179.2210721651813,1179.0632074438781,1189.8796395776535,1183.5626564966974,1183.5996225125136,1182.7393597730388,1201.6082404073118,1205.443711351376,1200.0079681065745,1203.7738145688725,1200.8047784399425,1219.2593005771644,1210.2174795503681,1222.0921303296523,1223.3960087045211,1252.0417888665852,1277.5933514146534,1285.016501947847,1298.681297351298,1313.1194873909662,1347.9166666666667
395120,343,"St. Joseph, MO",msa,MO,,,,,,,,,,,,,,,,,,,,,,,,,,,,,,,,,,,,,,,,,,,,,,,,,,,,,,,,,,,,,,,,,,,,,,,,,,,,,,,,732.7979437875255,751.3998611192145,747.2641023988564,753.6297289120181,736.503458895933,752.6051830251591,756.4148584667578,773.4083423656441,774.0199803088229,779.7933374817799,,791.1208222210226,812.2486679327942,814.1424218723549,824.0224518542785,811.0659621298004,816.7736620178399,817.0815364970505,836.4450043250223,841.2334744076272,840.6946546823531,838.0836090612241,852.123888906486,862.8519687060549,855.1148417493453,855.9193335471604,855.2082108203435,868.2229899342713,887.9576923020225,902.038126656843,896.1450337295972,885.206885000862,894.3286670120425,894.1767445058898,906.2789141015458,910.0577195456111,917.9268483316075,925.0195843916498,933.842471569923,941.3598706926588,939.4839644304476,938.3513568116049,945.7020260418468,961.6160184107945,968.0706904074663,982.211714772864,977.1527777777778
395054,344,"San Angelo, TX",msa,TX,,,,,,,,,,,,,,,,,,,,,,,,,932.2482536215182,931.71748407557,918.4099840635532,921.9698238643673,929.7597283641405,928.5081128717309,932.1303381555597,934.23592441942,926.6761559155647,936.7106640602705,941.6231253701809,958.1330005369035,959.8550706645213,955.0647249321459,947.8554652495586,949.7154459297232,952.7042061694552,965.3684161701788,965.9740868576522,966.4914696668443,969.1816191320775,973.3813328218159,982.9762416588607,980.5062651490744,984.8598977014606,983.6790437563147,1001.8903277802485,1007.0097739398466,1011.0707735291242,1008.5804027402331,1011.741306049583,1016.2778915576614,1022.921260095261,1019.762725749755,1016.4281925867657,1014.5671781479052,1018.6275716368823,1028.8100733129186,1026.14126954751,1031.079430552335,1026.5898033316962,1032.0480309444772,1036.010448896613,1046.4075941262874,1056.920932983051,1052.2357535881572,1046.7669200817147,1045.3209815319044,1060.499591951828,1068.7493470211327,1083.8926875356651,1082.1510002996379,1084.0524964411213,1080.3976382448213,1089.559359235544,1094.760498087333,1093.2792592866535,1105.397384106377,1117.860929998727,1129.5649704808736,1130.7133052306033,1135.694526214442,1133.534791616111,1146.4673402304238,1150.2984612556688,1163.8788977725396,1162.2086833375124,1169.6688351008313,1178.9156324799135,1176.6845965719751,1178.2413322845935,1176.2172019593293,1183.6757125517688,1179.1335380709681,1187.8947311430993,1185.7607680766455,1192.1770951698336,1185.5631094235023,1187.741713469819,1191.023482916526,1196.4995505445052,1204.8165310008874,1198.2407892264064,1198.3430636925737,1194.061240555816,1206.9072866192917,1211.9502338285658,1216.8849467376263,1218.3534295080485,1225.8267046587453,1231.873268926067,1233.12003168494,1233.081370852495,1233.8885190476842,1244.1598817439863,1251.0860633366367,1258.360270410466,1257.4293193112887,1257.1675237540073,1259.616934431945,1262.130129545078,1264.4814814814815
395218,345,"Wenatchee, WA",msa,WA,,,,,,,,,,,,,,,,,,,,,,,,,,,,,,,,,,,,,,,,,,,,,,,,,,,,,,,,,,,,,,,,,,,,,,,,,,,1476.0940136693416,1478.2735052433086,1495.691126463806,1518.7494531310767,1547.2306402327931,1578.8895761662352,1585.3200545447357,1612.0391144831242,1618.5575221573495,1638.5622766884082,1644.828131608749,1667.645428592831,1688.9459276854109,1720.1811091755053,1734.8054850151045,1743.5330666446914,1738.5263842158702,1743.9461396119536,1743.168302039694,1732.0136023720806,1732.0517997126212,1740.6550628927137,1761.5042668076264,1769.0413543254276,1764.5449450002752,1759.0651132615403,1748.1950549305113,1747.6291417692735,1750.1414369940112,1753.919574115513,1758.8913708132359,1765.2273659441605,1763.3768313314915,1775.15095401069,1774.5196021974582,1790.4961018689128,1790.572087850409,1791.6628317937323,1806.6191846784052,1820.6043929507982,1831.5777962510817,1834.5360996503355,1843.639008096152,1851.3613791769649,1863.3522023376206,1856.4083421022665,1855.621284670487,1844.5394628118263,1851.0089557330414,1854.3040336215256,1851.3500283856984,1843.7912280701755
394949,346,"Owensboro, KY",msa,KY,,,,,,,,,,,,,,,,,,,,,,,,,,,,,,,,,,,,,,,,,,,,,,,,,,,,,,,,,,,,,,,,,,,,,,,,,,,,,,,,,,,,,,,,,,,,,,,,,,,,,,,,,,,,,,,1006.9844345244564,1004.3066598828307,1020.541774090107,1019.3065189794589,1032.3346645730949,1042.718671867513,1042.185728105493,1043.1800065819727,1037.8595274987204,1056.8087414055065,1064.7658538270089,1088.7722480583468,1088.255222557794,1100.8625265089847,1094.5783667874734,1101.9444444444443
394810,348,"Lumberton, NC",msa,NC,,,,,,,,,,,,,,,,,,,,,,,,,,,,,,,,,,,,,,,,,,,,,,,,,,,,,,,,,,,,,,,,,,,,,,,,,,,,,,,,,,,,,,,,,,,,,,,,,,,,,,,,,,,,,,,,,,,931.8013079728021,906.435889076029,913.1296079887011,913.6131353771171,929.3638691863782,,939.3865059338797,937.5110606266097,972.0684904847476,989.1763743664021,1055.9388176976167,1083.3333333333333
394778,349,"Lawrence, KS",msa,KS,,,,,,,,,,,,,,,,,,,,,,,,843.7089475718728,840.5815266850851,838.9899686592078,830.8622673399776,839.9646407454989,843.7817570143553,846.36291036742,850.2126340889216,848.4203033206668,858.2108170986438,858.6611711999284,866.0438118372812,865.7296510945905,868.2618403111156,867.2742485260032,869.6615611376683,871.2806026520991,873.5733129590943,876.7206773653894,870.1570362964658,875.6798716615821,882.1209969497269,892.8627862714372,890.1564522008583,889.338571468401,887.8584092691951,892.52948880662,896.9596806638303,897.6344901846314,899.4550965612796,900.7392040361334,907.7757995617433,908.6038630996088,908.1296101586463,905.7347921899053,909.0801966719376,909.3821177329681,914.8157915781554,917.0407223151475,935.0264872291377,938.4407362118432,941.4245556150436,942.385551583592,943.2179992241582,942.4749934073558,948.6900688627005,955.0632931378948,964.087235681653,955.1606509988748,955.303664211276,958.1549045888046,967.384643923412,968.8039023763956,976.0178962783683,987.9292684787974,999.9575072494666,1002.801720034588,1005.4041772533724,1010.0425083876567,1015.6163637636954,1030.246571945697,1037.1111914263467,1048.0895801621507,1047.6200480726493,1053.9260438597191,1064.7959728709036,1070.3047629379355,1072.453765862159,1079.7557159398377,1089.501645632595,1098.1180594851148,1095.9657051095073,1102.7224945996288,1111.263110691612,1122.056339072721,1133.0820041143377,1144.1915623002008,1154.2618460760814,1156.784168480516,1166.1567782840873,1177.8041552400439,1190.0626521427123,1186.334967376932,1181.5094315324448,1177.7572701182955,1194.76247057071,1205.437073275275,1225.239123814706,1225.6372830625244,1232.180116292164,1238.5197728620228,1246.2770869939914,1251.3915337198089,1254.3791114258845,1269.948554303852,1291.857212442746,1306.514139830106,1304.4277312844733,1305.170865321468,1300.8598971905346,1310.739388797511,1315.0078894382812,1324.3947474747474
394635,350,"Goldsboro, NC",msa,NC,,,,,,,,,,,,,,,,,,,,,,,,,,,,,,,,,,,,,,,,,,,,,,,,,,,,,,,,,,,,,,,,,,,,,,,,,,,,,,,,,,,,,,,,,,,,,,,,,1321.565794691931,1315.2753422314802,1310.4855500761958,1312.8215384106472,1319.2596569217444,1339.5964546378282,1345.9185147510982,1355.6800487788482,1346.5992830426428,1336.3496249083883,1344.4088794979598,1375.2030350649209,1397.9653564193927,1392.747947238263,1395.8111729398986,1417.908084364922,1442.5694116574746,1436.5219104254404,1436.4951103080691,1454.5844239316634,1474.840142101064,1499.6913664336166,1494.7960013335464,1472.6918018309086,1466.3643208088383,1489.190609239512,1506.7620688312022,1509.3956577953309,1505.7743064330086,1518.3766233766235
395213,351,"Watertown, NY",msa,NY,,,,,,,,,,,,,,,,,,,,,,,,,,,,,,,,,,,,,,,,,,,,,,,,,,,,,,,,,,,,,,,,,,,,,,,,,,,,,,,,,,,,,,,1243.5040879269027,1244.1950216973003,1230.4325939061496,1232.7945657684265,1249.8170079367767,1262.6706557539974,1264.9756002396093,1243.9548219743474,1263.5415382389333,1275.6438765497574,1306.8145940904285,1290.6327970232683,1291.4376147190326,1300.5121237152807,1315.1903500490318,1318.3197368778092,1316.107295283713,1318.5786614645278,1318.1632952782759,1322.3071632787571,1309.4539860960629,1326.5921040214073,1343.594594002076,1360.541590834873,1364.1282427251178,1378.0697026795358,1395.0334508530225,1388.9127445143017,1393.450391603802,1397.589077844333,1409.909728647859,1427.235671686044,1440.8267752309496,1431.0240921498018,1413.8870806559942,1410.6517926900776,1411.4902524009563,1401.634430070942,1388.4270549369814,1393.5571428571427
395089,352,"Sheboygan, WI",msa,WI,,,,,,,,,,,,,,,,,,,,,,,,,,,,,,,,,,,,,,,,,,,,,,,,,,,,,,,,,,,,,,,,,,,,,,,,,,,,,,,,,,,,,,,,,,,807.4333197668625,,829.4332691803587,845.3073408023204,855.4707496880355,855.4541779282365,869.1501406503347,886.1506995306695,892.4747878392545,902.1427767261508,884.3183598553937,887.0275217961976,887.2480994427473,930.899065089541,931.1671729974627,932.449821642385,921.7607173269033,924.8276461166752,942.1024125463406,943.5379252127051,950.7290122408061,949.0197394272345,975.7907228894923,981.0716852408693,993.7548718970245,973.9939934924787,979.5480738212666,984.7230244194515,999.5486759568793,1005.643121677691,997.2342983470173,995.5327153037528,995.0949167814287,997.8702569419202,992.0531592339518,992.8333333333334
395217,353,"Weirton, WV",msa,OH,,,,,,,,,,,,,,,,,,,,,,,,,,,,,,,,,,,,,,,,,,,,,,,,,,,,,,,,,,,,,,,,,,,,,,,,,,,,,,,,,,,,,,,,,,808.1030323213093,793.0082646979417,794.1407814410153,775.9343313763096,781.7834791067294,777.2420917817844,793.6603725527585,793.8141165476382,799.608028590478,786.5936067737065,780.5988438911579,787.2979400189743,775.5665211402375,786.7086109516453,796.7929066438994,825.7634621066528,836.965684957485,835.6410343222022,822.1562916934976,828.4186535077638,834.8104850165953,834.1558611063543,836.8583182765174,840.2776363396487,846.2579200106403,852.2043980311925,852.4103223412577,846.9309243515546,841.6416243633023,844.8951742484386,855.745065881322,855.4043942648261,853.7587167201318,856.993564152773,857.2265947485324,850.5964971112865,851.2539682539682
394867,354,"Missoula, MT",msa,MT,816.1945837119883,820.6855664114295,829.6646128276736,831.0968377282002,836.2483135361667,833.6678749704497,836.0813414649689,840.755403072013,847.870837371207,855.557925463228,861.0139047177901,860.9176789154077,856.6405993011498,857.0884955037778,859.2747914454632,863.0750756836379,861.1559325568252,863.8293466436016,868.8009482521885,873.6675587503096,873.5217497457346,877.5544661156499,879.7542608030976,891.1436728155811,894.4485691298793,895.0583665321246,891.7385253837147,892.636258576977,897.5179482444972,900.2286026485144,902.5149617654772,901.4030380553876,904.9674482859449,905.4711424645319,911.8707230736674,911.439387740182,913.1303394679776,917.8992165179117,921.76411498815,924.8559984886706,917.9956034736744,920.3764409557899,922.1264338310375,927.2929575725282,923.5123681355847,923.5863494578001,923.8791055507311,931.1755474327138,945.8342830556237,944.5991387201473,950.1841211251233,954.0435962083668,964.5435703319337,968.1535625897837,971.7097802273321,974.1386469322499,982.2307973191589,987.8917976136045,990.7809479316137,989.5873253115321,983.2558056922511,988.2329136964996,995.0853782989653,1005.9969536786746,999.7016536615073,1000.1752500402689,1007.9291464001737,1028.1111402343593,1076.2399959651707,1094.431726672803,1116.0579723437188,1107.9187103143008,1136.007459222032,1151.888472465584,1169.7849788352835,1190.398364938369,1215.926216837694,1268.5500606383232,1303.1763359553554,1317.276744525286,1301.3176204911072,1295.9846681707181,1313.4215670665885,1344.666929169841,1375.4269212574577,1386.967175969427,1395.2086822900674,1394.8491776420053,1402.65215131287,1392.5624157912528,1390.4481585834399,1398.5364729729542,1405.6453514910072,1427.6608406949722,1432.2210933884369,1445.7357185644205,1439.6727893104398,1426.1855878990561,1430.3181320690856,1442.1078529908302,1465.7506562790666,1468.8750229779187,1469.5201044484857,1465.438137247991,1470.3632806571757,1477.9327890041122,1489.297493917575,1493.3032859816767,1475.9848580041132,1480.993130294132,1492.3125142191893,1505.6441539638986,1503.113659738318,1506.9010954399137,1515.636105189667,1526.2695418335925,1535.2785736495853,1532.8400222575895,1530.4515745042875,1526.7060894847484,1547.19300750202,1558.4089749163047,1555.79639540201,1548.9720111698214,1545.9790816107043,1550.6082051282053
395237,355,"Wooster, OH",msa,OH,,,,,,,,,,,,,,,,,,,,,,,,,,,,,,,,,,,,,,,,,,,,,,,,,,,,,,,,,,,,,,,,,,,,,,,,,,,,,,,,,,,,,,,,,,1158.1578725607976,1167.3175359873367,1183.7845932081054,1218.6588320508706,1229.4047120762539,1212.5811293780264,1204.0495886459978,1204.5528184855366,1226.4613684111969,1248.2182220194795,1259.8860142733572,1262.3949401724378,1256.201857962265,1269.9323710765623,1283.9973514403619,1287.0154755171693,1301.066370645278,1292.6145500648463,1294.9585924298713,1297.6008080713734,1303.9579415086862,1310.3054931574825,1326.0253640259123,1351.6294878970118,1364.9477450597144,1366.4369077149233,1367.396015651857,1368.2144703221177,1365.1389836558683,1387.845060973293,1400.5657210694756,1412.083821259569,1412.6504318512618,1402.7988017698785,1391.7681975787732,1375.154629694262,1378.5583333333334
394407,356,"Bozeman, MT",msa,MT,,,,,,,,,,,,,,,,,,,,,,,,,,,,,,,,,,,,,,,,,,,,,,,,,,,,,,,,,,,,,,,,,,,,,,,,,,1885.9163170729091,1896.7309979492209,1916.2002494995872,1944.5704299141564,1968.5790806254793,1993.7890530446546,2023.1812870667611,2055.0879779038964,2106.087115607817,2125.212756511859,2158.2345172523806,2156.1897717086786,2175.591245726578,2195.236282196282,2224.323409973157,2241.202170628303,2272.6547411066285,2324.7724628855176,2354.0353690945744,2357.0759180419254,2332.005422058156,2301.2278503457933,2279.8098494329097,2282.5254203614277,2315.409036105723,2351.944193913089,2358.1062448151965,2371.621082310521,2366.2617145767067,2352.1773002686746,2338.8976308822785,2333.5897664309764,2341.962039591256,2339.8916137845417,2351.5693036242733,2348.2895955883573,2355.92546262361,2360.4496462876227,2364.3263222244295,2363.6993476532266,2364.0603013256764,2364.5140282235284,2372.4292769068074,2384.00209161111,2391.912949076626,2414.8277988633367,2418.702239932093,2427.6938663559617,2408.6037879599553,2389.23916143676,2381.6729313395176,2375.214375183108,2372.814132823657
394333,357,"Anniston, AL",msa,AL,,,,,,,,,,,,,,,,,,,,,,,,,,,,,,,,,,,,,,,,,,,,,,,,,,,,,,,,,,,,,,,,,,,,,,,,,,,,,,,,,,,,,,,,,,,,,,,,,,,,907.3008849094256,898.7464515709248,888.9714173814651,894.065782737,888.6816863394051,897.8845111001543,915.6247937256209,921.2630968081693,923.4235372102493,925.711563807858,930.2807470739572,932.620364436101,932.8782951017719,937.440704614154,950.7218283166645,954.947519083093,962.7311205661741,962.7964227006407,960.721475924275,966.708943542421,976.9727400325735,975.5201982027863,967.9062729917225,971.611003813954,983.7980005374035,989.7185387794013,982.1239316239316
394374,358,"Beckley, WV",msa,WV,,,,,,,,,,,,,,,,,,,,,,,,,,,,,,,,,,,,,,,,,,,,,,,,,,,,,,,,,,,,,,,,,,,,,,,,,,,,,,,,,,,,,,,,,,,,,,,,,,,,,,,,,,,,,,919.1494264111343,964.2542807841979,964.5629163461297,990.1368140401759,972.7168390335812,1019.6389078239905,1014.93751952497,1030.217102200161,1008.252765821576,1015.6383911785131,1028.569770736148,1051.1783959474735,1070.3264256077885,1065.5185355256035,,1078.7480995127657,1112.5
395225,359,"Williamsport, PA",msa,PA,,,,,,,,,,,,,,,,,,,,,,,,,,,,,,,,,,,,,,,,,,,,,,,,,,,,,,,,,,,,,,,,,,,,,,,,,,,,,,,,,,,,,,,,,,,,,,,,,,,,,1062.5229782147335,1069.001644021111,1072.942569123506,1058.4785276570258,1075.9913679054407,1072.3690107485281,1075.970927687173,1072.1863831945855,1080.632753886916,1072.6033765178224,1078.1907901086204,1083.574155626822,1093.034203928219,1098.618463781314,1104.3544919133585,1117.628560634311,1111.161959902315,1110.7175538249928,1108.4472226166847,1119.3540918671285,1138.904406539328,1157.5761702357763,1157.2369813946195,1139.8589228222354,1115.1712430077826,1110.5714285714287
394423,360,"Brunswick, GA",msa,GA,,,,,,,,,,,,,,,,,,,,,,,,,,,,,,,,,,,,,,,,,,,,,,,,,,,,,,,,,,,,,,,,,,,,,,,,,,,,,,,,,,,,1512.9672425791068,1497.022087972012,1495.3699151096678,1523.6980619630938,1544.3342462403525,1568.050246114131,1570.3875707664943,1614.3194796594219,1628.076764653773,1634.8599261657482,1618.4853246148734,1632.7174320122172,1652.1760746458247,1648.4725377887394,1655.1131131973123,1658.7936380249814,1665.555085319334,1646.4386268566088,1652.0884775008028,1668.8667527121047,1682.164595630117,1693.6318834567871,1670.299292891648,1682.8578862841707,1692.4363208276043,1713.7693991752483,1709.7134862178386,1701.6142343071444,1699.263629087881,1719.273094545997,1718.7115224378408,1701.4902075789905,1693.0890493763768,1696.5676229091966,1726.4566397939573,1723.932590007576,1718.2118421185291,1721.189614325875,1735.5845532444966,1747.69200569326,1754.8953999985897,1757.1924141744796,1767.9673202614379
753872,361,"California, MD",msa,MD,1188.8700568891702,1197.1534202570856,1197.0491692808214,1182.1776105876784,1184.0565843199072,1182.4649707834549,1192.5385940439612,1189.3958258160826,1190.0772542889438,1196.7086025528306,1199.8385362367042,1198.5856483132052,1193.9664700023945,1193.8927420809728,1202.9244240381838,1208.6066397648592,1210.3359976627482,1210.2642167237848,1211.3700825862961,1218.2797924072424,1224.5270176381975,1225.5049041351178,1227.2182660559154,1227.9058563987305,1228.7181067264555,1229.6010556909737,1233.0843796807749,1247.0109906631592,1252.0792442656243,1251.0761459493024,1246.4100059439145,1244.220180091091,1242.1570868347396,1242.7033416476158,1251.6431056531655,1255.8617980952536,1274.042927608551,1277.684500474427,1282.0072634176904,1269.9025106026072,1272.5101030357177,1277.2798497171402,1279.2509023226005,1282.0257666884959,1292.7351327209685,1302.9884237700269,1305.1975031980865,1310.784022004583,1297.237188467994,1295.45500839968,1296.372169780315,1306.168280824031,1310.039945145774,1316.1214756623826,1326.0861214250967,1333.7965604600963,1335.7678541188995,1338.3463616450283,1343.6971254757916,1350.1332052761134,1365.3695484227558,1379.7533934818186,1403.0358908990347,1397.0173901539636,1384.4687932534882,1381.8722772057886,1381.3808816127528,1383.4341946550157,1384.8211567799653,1382.939782145074,1404.3174132646016,1421.1224659280654,1452.4257221878395,1455.803561921698,1478.5314025928067,1499.0677164094852,1526.9464250302933,1547.3209814819108,1556.1855215495902,1584.0842656814891,1589.1853346870805,1626.6364672758984,1625.2461313023532,1641.9806132742262,1613.2004705483353,1613.6418185145187,1600.331392561594,1611.9867525961254,1611.8165915551729,1617.4548507350742,1638.251946057717,1641.70749314414,1662.0337954275992,1641.8130573631015,1636.268719102334,1626.8794839719822,1640.8399995633936,1659.8145045298488,1671.8775608895176,1670.1299695856135,1680.0964665476229,1694.3143639703833,1710.6755928004136,1733.1173038639067,1729.6109294663277,1745.3497017488032,1745.5284269191536,1759.7444633102555,1772.7303438654437,1788.8357039247442,1804.6073657621164,1809.1716932976713,1830.1995253404275,1827.012180686142,1823.920119174959,1821.269451725382,1835.8600454167668,1849.4133044023595,1875.6945434086276,1889.2402443687504,1900.7298121619667,1901.6350178408572,1909.073934179593,1927.4407254109824,1929.4339700938833,1948.0792131844762
395173,361,"Twin Falls, ID",msa,ID,,,,,,,,,,,,,,,,,,,,,,,,,,,,,,,,,,,,,,,,,,,,,,,,,,,,,,,,,,,,,,,,,,,,,,,,,,,,,,,,,,,,,,,,,1374.264612035155,1364.0470038708424,1371.388550665944,1374.999056263709,1376.3337970592208,1370.887926732226,1358.2741552191426,1368.9724605856156,1388.9332369827973,1404.6375754929943,1420.1355259038075,1412.425906876472,1418.3769277434196,1412.762841457368,1421.8432436078629,1429.0605920828498,1443.1579991992678,1426.5406922157185,1443.3887397105932,1458.6836283348891,1477.6680943877893,1473.712518457489,1461.1861672451,1458.6101162212133,1465.4235991499813,1482.257629266598,1485.2277607222986,1490.5248307660163,1490.4343005610915,1516.4195996428891,1514.8760838710766,1510.2567509868388,1498.8735747084093,1502.7223344548675,1511.3132776713642,1524.273453178739,1526.995250651593,1529.8
394495,363,"Cookeville, TN",msa,TN,,,,,,,,,,,,,,,,,,,,,,,,,,,,,,,,,,,,,,,,,,,,,,,,,,,,,,,,,,,,,,,,,,,,,,,,,,,,,,,,,1333.715174105861,1366.008997469506,1371.9225670084695,1403.7023184825384,1418.8244915800994,1444.8533319619894,1448.768173540254,1474.4658830546034,1503.9045508237396,1518.7953179315682,1511.4739261501359,1505.5838753921457,1511.3205813401598,1558.2243346382156,1551.4754906671926,1557.73217406136,1529.9451598952407,1557.7756321003906,1578.4664738858958,1597.5329593384809,1599.521351408828,1595.3187172714688,1607.9089926830177,1606.2883578252279,1607.3572242704568,1594.5430817987026,1626.9420084832227,1638.2832299216384,1654.9209112437666,1616.849737209832,1595.0950665226014,1591.5884125379027,1620.6436105301357,1641.0931899515374,1650.8490439855443,1662.3669551809824,1669.1881504215141,1663.6682699017938,1654.0777826169217,1648.6272933263153,1658.1692998601259,1679.4778402467578,1695.5166120885422,1692.6844880020926,1670.2596583753968,1659.9074074074076
394893,364,"Muncie, IN",msa,IN,,,,,,,,,,,,,,,,,,,,,,,,,,,,,,527.323174459242,537.2764008858438,544.8298775844894,552.3670539114705,552.0427889610775,553.698994718908,555.6263057753786,558.2485817770282,557.3707083364633,552.5105793952451,559.152476578589,560.0406700369565,561.5173798296356,562.1042260464295,570.0833430733464,578.9144411747659,580.2003413840031,580.8096182517804,587.5312337736742,590.2315943958591,592.7067567860503,596.3798874721284,600.7065985988929,605.8625763017154,610.5798438517751,610.6684253744743,604.1042520038474,599.4587908040854,602.4625848558112,604.4725152161016,602.5461689439582,601.9114510954339,603.6534092723143,609.1634826417761,606.5768677147274,612.2507125888835,617.7246605244845,633.6705661102447,640.1869740036044,642.0942693324955,638.5724216759764,647.9550562958887,651.411029578797,666.2529303162419,661.5721040756799,669.9974674998157,673.8748327381539,674.8417907080184,685.5331711066859,686.4776313626043,691.497114747081,708.0146854649596,725.8516824420565,740.4303968981676,734.4458173880402,721.9768591589701,731.0695106739256,736.1998731791651,756.4661060647825,761.0277494238816,773.2288036383911,766.3517324268322,779.6838974801334,769.0562229136772,770.8583500572765,765.5731427172304,777.9782157635549,791.138430997723,803.2468381230691,808.9501667530737,803.5866314860122,799.9385187248047,796.0665171228344,806.8132055680517,808.8809714126958,821.0452236253017,818.905013308834,821.3883960862344,822.6091289103223,834.7832146367863,843.6360719353157,854.8679482396981,849.9230056596647,852.9820203837854,855.4076774291801,861.4095772769411,863.5108823063117,867.776448648309,877.4413997129866,887.9857278280763,895.4502799425064,895.3431069668396,894.9505421995476,897.1985317199409,915.25853076515,930.7895212251043,945.8680396643784
394857,365,"Michigan City, IN",msa,IN,,,,,,,,,,,,,,,,,,,,,,,,,,,,,,,,,,,,,,,,,,,,,,,,,,,,,,,,,,,,,,,,,,,,,,,,,,,,,,,,,,,,,1010.0948687337583,1004.3101828190744,992.5136259965922,989.1904016344357,998.9977470859736,1022.3931787726771,1040.9846873856868,1047.6643513737895,1047.8563093372634,1054.4881294579588,1075.962779973017,1096.2216855322729,1098.5786265551765,,1090.9344115364202,1102.404908909992,1108.2279920143403,1106.533073021398,1119.6074995053464,1125.791587959841,1139.5079911160542,1136.1577028037514,1126.3962312990066,1135.0255359231387,1154.7403718932085,1166.7352835383417,1182.5822891441,1192.4560227777808,1196.8898806724947,1196.5776246338467,1192.978808813546,1202.6438250863027,1207.769744347536,1222.0767759189023,1235.5227252480654,1235.67104203487,1240.4233464884965,1255.4120397369427,1270.0439828585047,1280.2947417333285,1295.7800266329214,1316.9444444444443
395039,366,"Roseburg, OR",msa,OR,,,,,,,,,,,,,,,,,,,,,,,,,,,,,,,,,,,,,,,,,,,,,,,,,,,,,,,,,,,,,,,,,,,,,,,,,,,,,,,,,,,,,,,,,,,,,,,,1292.2975032881498,1321.4086004217686,1325.140033208566,1337.4085377732215,1348.6175303327364,1353.5696589560837,1357.8517796141684,1361.2990940375441,1348.948407153682,1375.7816582613875,1358.5658712609072,1399.2034486733526,1384.597026916775,1390.1274209921537,1366.5342537999243,1377.9394590708152,1391.6396656658,1416.5644348633389,1425.2471023032012,1429.6987228017924,1457.4452752777374,1429.2688260363177,1432.4210656630232,1407.8677875706762,1429.1641885111446,1416.924662660511,1450.982947939255,1447.4703465380123,1462.5448266441576,1461.8562355462273,1470.079365079365
394788,367,"Lewiston, ME",msa,ME,,,,,,,,,,,,,,,,,,,,,,,,,,,,,,,,,,,,,,,,,,,,,,,,,,,,,,,,,,,,,,,,,,,,,,,,,,,,,,,,,,,,,,,,,,,,,,,1296.1355823891356,1308.7882120710428,1302.7900342073171,1323.8544731117986,1334.8932114615643,1367.6824514778893,1363.8125232766579,1367.9682082135957,1348.796189403462,1366.3545128677417,1386.9234337470405,1413.3539174509203,1426.2160559676092,,1404.165642762308,1401.794652933375,1434.2717205234858,1440.3865960562086,1471.1359684934173,1468.5994600428733,1501.086979378767,1510.6312894978148,1514.0267220848993,1510.2306492403643,1516.6808902935861,1546.803301907822,1565.9883207743248,1577.5434613982864,1564.892528733003,1559.5770740988785,1546.1126601150102,1563.373015873016
394804,368,"Longview, WA",msa,WA,,,,,,,,,,,,,,,,,,,,,,,,,,,,,,,,,,,,,,,,,,,,,,,,,,,,,,,,,,,,,,,,,,,,,,,,,,,,,,,,,,,,,,1169.412365695079,1176.4141120491104,1189.3519062465616,1212.7763856346228,1238.528088728345,1249.3818460366717,1252.5239893822466,1253.976799957814,1240.7476159450828,1250.9092354546199,1236.7126385355164,1245.6383498424286,1257.4498221703186,1265.2990201586267,1256.1971597816212,1257.3852792247644,1266.9935066903447,1283.868310773273,1284.3037352613583,1285.487971000142,1276.3479221045068,1274.4787282855734,1287.772425433689,1281.0381309151333,1291.2834024983288,1272.813754250519,1293.2490671458427,1284.3096761099937,1289.2066321950053,1283.0219472155536,1290.3255265487917,1295.553827197409,1316.501420385467,1324.266615013617,1326.0081803957196,1332.5617078881266,1328.6177667953264,1348.8918153450265,1346.6567696989089,1360.4339578369566,1359.665404040404
394932,369,"Ogdensburg, NY",msa,NY,,,,,,,,,,,,,,,,,,,,,,,,,,,,,,,,,,,,,,,,,,,,,,,,,,,,,,,,,,,,,,,,,,,,,,,,,,,,,,,,,,,,,,,,,,,,,,,,,,,,,,,,,,,,,,,,,,,,,,,,,,,,,1265.2561282635493,1284.7916666666665
394734,370,"Kankakee, IL",msa,IL,,,,,,,,,,,,,,,,,,,,,,,,,,,,,,,,,,,,,,,,,,,,,,,,,,,,,,,,,,,,,,,,,,,,,,,,,,,939.9264562415673,942.9868223117575,950.0206029412575,950.9868628719034,970.1613272199293,967.6982814099686,969.3687896531836,964.0489723961995,961.7704972395672,968.7602550592449,980.7941616213274,991.4813305934808,1016.3602949843087,1025.4874891197073,1041.8230738446819,1041.2107925515215,1051.4508574568672,1055.1028426471232,1053.3202530878762,1058.357692185445,1068.4755800548999,1082.7645772278872,1086.1583618735701,1095.495176691321,1087.0631001392856,1100.5050062637877,1090.27812267228,1103.7961756058417,1100.9730675350363,1126.3794477672866,1141.791654344847,1154.8834674897103,1139.110359313889,1143.0431827604546,1140.8303663114755,1163.8824996822636,1160.8635340433177,1166.9725715272891,1179.4010137122436,1192.372640986652,1202.6300265852542,1197.6482476305323,1202.5207293813946,1207.3562669632545,1231.5937561100368,1235.6346118693496,1248.936753880764,1238.0694243940495,1254.3480898534906,1255.4858632022624,1261.939143585558,1259.3055555555557
394396,371,"Bluefield, WV",msa,VA,,,,,,,,,,,,,,,,,,,,,,,,,,,,,,,,,,,,,,,,,,,,,,,,,,,,,,,,,,,,,,,,,,,,,,,,,,,,,,,,,,,,,,,,,,,,,,,,,,,,,644.0556248416478,640.4933831889473,616.815895656584,639.3496619404935,644.9249692048941,662.1572409295383,658.139552854538,666.7378194580064,693.6070434141759,703.9067087424319,709.4920738408264,709.4398468973816,728.0665365650365,715.4612142670711,723.6786988690699,711.1254916111034,730.667902724441,744.2068387190398,762.4530455166998,767.1088709890008,763.8840100424137,,778.2593913032125,783.6654342046376,787.5055649317397,808.3333333333334
395095,372,"Show Low, AZ",msa,AZ,,,,,,,,,,,,,,,,,,,,,,,,,,,,,,,,,,,,,,,,,,,,,,,,,,,,,,,,,,,,,,,,,,,,,,,,,,,,,,,,,,,,,,,,,,,,,,,,,,,,,,,,,,,,,,,,,,,,,,,,,,,1765.029761892014,1792.4139349813659,1875.7034332933313,1918.888888888889
395023,373,"Richmond, KY",msa,KY,,,,,,,,,,,,,,,,,,,,,,,,,,,,,,,,,,,,,,,,,,,,,,,,,,,726.6828374934198,727.0702349793042,726.699618981421,728.6062442420318,728.9632250025866,735.6878317792532,736.9553717850213,741.96020817447,737.5048778495621,739.380508355129,735.8065660690211,736.2260190937591,735.0563527919098,738.6006308601815,738.4176669988439,747.0467918164809,749.642653601256,747.5577382100679,750.3895718405225,753.6208078351028,756.7068536212385,762.8006626047468,767.3408526199664,764.8942390561189,781.1878221351488,788.8127913420309,798.1759261147498,788.029702604804,800.3125118200254,822.0762287795477,833.4412850949451,832.9428263605138,831.6653030331685,837.4186257775759,846.0777133878144,859.212854127757,864.9409343592138,875.5994142077949,888.0820642905852,906.6661742701712,902.2621690681281,895.6156742496219,898.320796999244,919.9428651422924,936.6304807637366,943.8835930834935,944.2254279094609,945.3412395753376,946.1454200884344,950.8284327935306,959.0061207890545,958.95633336716,956.7889496245326,958.5050682625772,977.0190548752055,981.7160468487256,980.7313006695967,974.4758505868206,981.6313630352026,994.2677220994665,998.3356511873646,1002.7699967144463,996.5437819146999,1011.8427327445082,1026.364904457476,1036.6142285028359,1030.2404645857673,1027.2702023401114,1031.212806901481,1042.0643426171112,1044.6603705435573,1041.1531414519586,1045.0482464608217,1045.2337452752827,1050.7281762025186,1041.9537037037037
395168,374,"Tullahoma, TN",msa,TN,,,,,,,,,,,,,,,,,,,,,,,,,,,,,,,,,,,,,,,,,,,,,,,,,,,,,,,,,,,,,,,,,,,,,,,,,,,,,,,,,,,,,1130.9577040117154,1148.1952000595002,1149.4853888435944,1181.0214573872495,1182.040626995607,1193.0575518991222,1198.589905504312,1208.2053633109965,1224.1581929396652,1228.009750574288,1231.2044232526134,1229.3772710165008,1230.7819833528854,1240.4249043585994,1256.4175070265385,1253.0680520621827,1270.4679741837506,1267.8691407178155,1278.090556982405,1284.4211260878656,1300.1060663944475,1318.1576017470545,1321.9984924239704,1334.8266848109922,1345.8679629355233,1353.301306893277,1361.9340271530825,1360.8529039575758,1371.0666723006873,1377.0554196518292,1382.0712611773197,1388.1850169231798,1384.3868982822905,1383.0489856531183,1394.247770874874,1398.3698777805093,1405.431567248242,1407.865260531543,1409.0717948406877,1421.6183102544528,1420.1881520064767,1429.8055555555557
395222,375,"Whitewater, WI",msa,WI,,,,,,,,,,,,,,,,,,,,,,,,,,,,,,,,,,,,,,,,,,,,,,,,,,,,,,,,,,,,,,,,,,,,,,,,,,,,,,,,,,,,1065.6501303197774,1093.5769563675376,1135.6983884915721,1131.720550666576,1128.468371569118,1119.1113590245996,1136.3213184763813,1158.4758108113208,1183.4277755498779,1209.7557243295141,1204.4301852903743,1215.9897520525508,1258.1381089987576,1273.1926771498572,1252.6317566509529,1240.7055149164098,1270.358860190275,1311.1723139379742,1299.873181711457,1300.9197610091521,1302.9714921710026,1297.904359757216,1332.7635936208108,1331.524664527563,1357.3575136221762,1359.2236640257477,1389.513294302704,1408.2965357559642,1399.4233829095588,1413.703873835327,1424.0391067453281,1435.892846806457,1448.7404860575402,1461.4367709277499,1466.2101381045986,1488.4089921695534,1475.771917551178,1490.7481223991454,1497.6395782209593,1521.273717206223,1544.3111465530058,1544.7196560976404,1570.9166666666667
394709,376,"Ithaca, NY",msa,NY,,,,,,,,,,,,,,,,,,,,,,,,,,,,,,,,,,,,,,,,,,,,,,,,,1285.4060331549788,1276.3853985317135,1291.3142822484085,1260.961513799711,1250.3217571930113,1254.9499077613293,1292.6363679182434,1302.7229160958225,1319.3902868554167,1310.225372722456,1325.7327997152006,1299.1616698269381,1290.4274232019445,1302.9969490100204,1352.6456520459496,1343.5866628722079,1318.9519417746917,1333.2629796475298,1346.7219519084263,1365.9030006173612,1375.2747477658193,1369.3564782365247,1386.477743750822,1361.3108976414667,1355.9967659870115,1326.3322838089246,1330.3800868291391,1341.8269017866467,1370.7662251424924,1381.4333404029833,1402.1772171849075,1427.4349703878156,1432.2752713927832,1506.13198484519,1514.454969336715,1576.245236434098,1549.9698099704037,1579.541267865075,1613.902838622571,1647.5739766106442,1673.984904408058,1668.9615176913746,1634.8995031503644,1589.7744411064682,1574.8901480339057,1574.1419041435026,1633.4777610856884,1658.1097861923922,1685.831498935902,1674.0640903755434,1673.2520644966685,1667.8846018850481,1654.196333769912,1678.131537632141,1700.1277109053235,1732.0027950352098,1730.7768745254511,1711.5505090721297,1677.5146888328095,1685.5686954204034,1723.57704170618,1766.5199291161857,1778.7155721424067,1765.935426220467,1770.476885894093,1767.6058735546417,1784.197786550167,1796.5020737396424,1824.3734642471852,1842.7187457086197,1855.4955846222272,1842.00042057196,1821.5736597644805,1806.6410087381096,1808.3732167079277,1830.8596175340945,1844.663621515468,1851.381818181818
394637,377,"Grand Forks, ND",msa,MN,,,,,,,,,,,,,,,,,,,,,,,,,,,,,,,,,,,,882.2001684957802,875.3980021651674,873.0153035238153,865.086405555336,869.7994853543552,865.3880199474432,864.18081481765,864.6926101343479,868.4616050137072,871.3842199588253,867.3628260270472,859.2360765070733,852.0673835264859,856.9318805997149,856.8345786854676,864.2235773634493,866.4224074687144,876.2318540094199,876.9221969510794,873.4297634964655,867.2785585703368,867.1647287557854,874.8292973765707,883.0424814131704,892.0367983176419,897.4936941867144,902.7419613216949,892.8326915415295,890.8774998644814,892.6710202218173,893.520422182597,890.3282461347485,894.2379557794077,901.5721370115767,907.7267372057886,901.039446716598,896.1554644012389,900.9835419628736,909.6765222466473,912.7708031912076,910.9674824827792,912.3116811267225,915.4018748880156,918.7574504081505,923.2648185095205,923.9512736011214,923.3080351236731,931.506697991254,934.4716905553438,936.6600984963229,933.4839142197685,936.9363747994819,946.3498477623949,950.5929963841972,955.6581520992312,960.4166156434845,966.2175099831425,969.3318036818021,976.5332043596324,976.1848419598105,985.6123491936315,981.7160670073873,984.8565583330212,982.1234507364197,984.9313381378826,991.8558851661883,999.3141291948175,1008.7421199666757,1007.7584632573232,1011.8153941932068,1012.7885385576056,1019.3370192522365,1018.4126588928715,1025.8569246659288,1030.1025247528116,1040.523882010854,1045.2138386733695,1050.0668528805527,1059.0374640806442,1060.7483648299963,1069.9575425521928,1077.6219546610864,1086.2776326571388,1093.0544622991779,1102.0451869634107,1111.1534794068482,1120.438382729605,1126.5713632216955,1133.496830719833,1139.437934256092,1141.793253968254
394524,378,"Decatur, IL",msa,IL,,,,,,,,,,,,,,,,,,,,,,,,,,,,,,,,,,,,,,,,,,,,,,,,,,,,,,,,,,,,,,,,,,,,,,,,,,,,,,,,,,,,,,,,,,,,,,,,,880.5265679119838,871.1513401102285,871.9524338599437,863.9961327523989,886.0538343150721,883.8276639406757,901.6513889354758,894.9423226374357,907.8514740632475,907.5658700583813,912.0812996925656,902.0980604262688,917.7849119599798,918.2962872296908,932.88768889221,973.9187607047472,980.4596117184773,987.5072355515853,971.0335525770713,983.1563542219616,992.6983038015559,1004.6582206404049,1018.4481553758197,1026.1506736388626,1020.2273093578902,1036.518020213203,1039.7974945639507,1029.7017282178247,1027.0341249685573,1032.7777777777778
394762,379,"LaGrange, GA",msa,GA,,,,,,,,,,,,,,,,,,,,,,,,,,,,,,,,,,,,,,,,,,,,,,,,,,,,,,,,,,,,,,,,,,,,,,,,,,,,,,,,,,,881.2550001680364,900.8139133907409,929.6033986200531,950.9690965829744,963.8485337949512,959.4961906486407,,982.1979306459317,1014.4955924013939,1020.694112715246,1031.7827099986052,1035.1066102160194,1033.9868684263918,1000.7603682466015,1015.7601873608551,1023.8614622774077,1061.0449075832184,1065.8880722073566,1081.3793046143667,1087.1426333991544,1089.693501010705,1098.6795732679752,1096.0430905750322,1119.0277531359025,1137.6544529680882,1157.7736641354559,1160.9196322031382,1140.20927805387,1152.442396471711,1141.6301022617163,1161.2066595785013,1149.2248665523955,1145.7027777750682,1151.3106874610905,1165.1166305535664,1165.0391284125856,1169.0599442388434,1187.3623221085618,1191.6313078133167,1220.793901425382,1211.5517293870867,1243.9055284387516,1243.3465677757372,1276.0265151515152
394369,380,"Bay City, MI",msa,MI,,,,,,,,,,,,,,,,,,,,,,,,,,,,,,,,,,,,,,,,,,,,,,,,,,,,,,,,,,,,,,,,,,,,,,,,,,,,,,,,,,,,,,,,,1130.2491756640213,1105.8859062822694,1133.961481160891,1138.7385627437643,1147.1996132395386,1127.9087602346344,1138.088246082566,1149.949256266111,1155.5257220868587,1149.4316886137099,1147.6223692686767,1161.1140263842003,1157.7856161836703,1162.464453529345,1160.0772643903697,1178.7999249842956,1164.5448290982772,1143.931533462548,1120.9424671270865,1144.2735649466438,1172.356979144099,1209.5844417123235,1213.2071642800702,1219.2026170411516,1212.8294458598002,1218.8295381281698,1221.7597185938,1214.33618743622,1230.6201124197826,1263.4273752696824,1284.9024271856651,1270.3770208701917,1249.9055642319524,1232.188155600571,1231.1754343911896,1225.5256909821314,1231.9428719943314,1233.3333333333333
394599,381,"Fond du Lac, WI",msa,WI,,,,,,,,,,,,,,,,,,,,,,,,,,,,,,,,,,,,,,,,,,,,,,,,,,,,,,,,,,,,,,,,,,,,,,,,,,,,,,,,,,,,,,810.6412756603256,832.0097113766968,836.8750483172086,847.6661430198491,842.8795713150281,841.0266869348263,,850.4974269239785,,870.9833815215434,869.5682918538946,876.6134821152058,877.2643110449418,892.4432928768043,898.7857983069587,920.189985713687,926.3086739648395,934.8397472042258,937.0681330800584,950.2455643357155,955.0940935129875,952.4697676047524,937.9869861626717,939.4096308285028,946.6918795011688,963.2725705560126,970.920432569782,965.4487526451126,976.3778578077251,986.9736064596672,1000.3603188910703,1001.0819142129174,1009.1288933392964,1019.9298078281448,1046.4152997820236,1051.8884983977218,1056.8057332448107,1044.3708986340866,1047.3475383597056,1051.6306395969345,1053.7916666666667
394630,382,"Gettysburg, PA",msa,PA,,,,,,,,,,,,,,,,,,,,,,,,,,,,,,,,,,,,,,,,,,,,,,,,,,,,,,,,,,,,,,,,,,,,,,,,,,,,,,,,,,,,,,,,,,,,,,,,,,,,,,,,,,,,,,,,,,,,,,,,,1379.4755219917495,1354.975819336327,1338.1079322745447,1348.4545469704663,1366.0494138295685,1386.6666666666667
394620,383,"Gadsden, AL",msa,AL,,,,,,,,,,,,,,,,,,,,,,,,,,,,,,,,,,,,,,,,,,,,,,,,,,,,,,,,,,,,,,,,,,,,,,,,,,,,,,,,,,,,,,,,,,,,,,,,,,,,,,,,,,,,,,,,,,,,,,,,,,,,,,1284.375
394733,384,"Kalispell, MT",msa,MT,,,,,,,,,,,,,,,,,,,,,,,,,,,,,,,,,,,,,,,,,,,,,,,,,,,,,,,,,,,,,,,,,,,,,,,,,,,,,,,,,,,,,1941.4267614273538,1993.5744074656868,1986.4413838397309,1999.3494753649404,1983.6532884588844,1956.5148204734949,1973.5083037569789,1998.6891785557925,2035.3117645162138,2028.9169378034298,2002.5995259035785,1997.088121156239,1980.9753259721133,1969.2969673224661,1987.88725757626,2009.369244550326,2016.0017424584832,2005.288483992321,2000.748943187576,2011.1927253650597,2013.1797970350942,1991.9675844844137,2001.7312700888958,2002.373171238233,2032.4182882219548,2046.0881452756837,2044.0154969871378,2026.731318817973,2022.9477813761603,2034.3003549802752,2050.20448184856,2050.0572287881823,2046.289043123685,2061.4911759647316,2069.5627985360284,2069.8122234691423,2063.2779090503477,2057.294885986492,2059.222540467885,2065.648920969503,2073.4164587496753,2079.8095238095234
394518,385,"Danville, VA",msa,VA,,,,,,,,,,,,,,,,,,,,,,,,,,,,,,,,,,,,,,,,,,,,,,,,,,,,,,,,,,,,,,,,,,,,,,,,,,,,,,,,,,,,,,,,,,,,,,,,,,,,,,,,,,,,1058.8254401984052,1064.9875898650112,1077.107356968072,1079.475460351203,1091.2669870720729,1108.4672460141621,1144.6790443282819,1119.541869546496,1103.9723836112573,1075.6223008707675,1091.4968378278768,1117.6202099813813,1144.6597825155075,1161.0148955703485,1170.295144543454,1185.338792551134,1222.0241213519218,1241.63336080225,1250.8333333333333
394823,386,"Mankato, MN",msa,MN,,,,,,,,,,,,,,,,,,,,,,,,,,,,,,,,,,,,,,,,,,,,,,,,,,,,,,,,,,,,,,,,,,,,,,,,,,,,,,,,,,,,,,,,,,,,,,,1192.4935766668232,1203.4568136098444,1230.924570888211,1232.8785293502049,1226.8895519618518,1231.917562451476,1221.0222410921926,1218.1640072544442,1214.4532182940618,1236.7728973410713,1251.6579166095307,1275.8110149058457,1271.45481933747,1266.0860100090138,1255.452669576351,1264.823133316562,1268.3083822072733,1282.2510523239373,1296.002916539475,1313.347827093652,1323.4441221316117,1313.2106553561937,1305.044777202152,1307.2917246953634,1329.2086242565608,1343.0912559395515,1350.5084633621248,1347.8321936591299,1358.5772753164147,1357.6878182818225,1362.1440068056816,1363.1944444444443
394794,387,"Lima, OH",msa,OH,,,,,,,,,,,,,,,,,,,,,,,,,,,,,,,,,,,,,,,,,,,,,,,,,,,,,,,,,,,,,,,,,,,,,,,,,,,,,,,,,,,,,,,,,,,,,,,,,,,,,,,,,,,,,,,,,,1159.0930815313036,1183.4579725166427,1181.725520135687,1189.0325849942953,,1166.4238387731043,1157.9025260461856,1167.8608978930522,1182.7602081591313,1208.9548687932229,1227.4447152429195,1257.0592819037342,1268.3333333333333
395166,389,"Truckee, CA",msa,CA,,,,,,,,,,,,,,,,,,,,,,,,,,,,,,,,,,,,,,,,,,,,,,,,,,,,,,,,,,,,,,,,,,,,,,,,,,,,,,,,,,,,,2626.3881564007306,2648.609083475191,2686.2587260548453,2714.032013268974,2738.8554531314708,2732.717799037289,2715.509407445353,2698.676120332418,2713.0609388916528,2754.762656792853,2764.713958938429,2773.314667837028,2778.9713171841768,2779.933351970533,2812.6230384642195,2837.259870730468,2840.3316550057584,2823.3594655348725,2842.8277231486422,2899.931614164409,2882.8110545643317,2856.9002830655336,2828.536840903925,2845.2522550482186,2849.2362692002444,2835.2918852912712,2838.0688368581523,2868.075822444731,2906.0254970496326,2940.9839603558535,2948.143412013915,2939.9285355786214,2963.8696230775777,2988.961052448515,3027.0796583426036,3034.8019770739747,3049.65001178284,3071.0770855052583,3058.0085641030496,3028.5589555564275,3000.623896072702,2988.8029100529097
395080,390,"Sebring, FL",msa,FL,,,,,,,,,,,,,,,,,,,,,,,,,,,,,,,,,,901.7762995853889,888.3500193461805,883.6555441504619,872.3088514765203,910.5109846186915,923.1949117542273,944.7901420426105,934.163600107183,931.5859275241177,930.722651613787,936.0270977448977,922.1306469003652,918.8053141235731,926.5519420082833,950.3519311965058,956.7650955881629,944.5271913701548,943.3809598609283,940.5397199006861,941.8417819075421,956.9847096506711,964.5590345938022,975.453921217041,984.0887604928558,993.3424895402064,998.3879436601665,990.7718597882379,994.7327702384413,1001.5169299605443,1010.7682376916123,1008.5274300491106,1011.6125452890276,1006.6883462965621,1024.1157051204798,1023.5128538069026,1050.928760143771,1054.211734882794,1062.9372558470168,1080.1273852391605,1087.2254761546849,1111.0908600511812,1126.2464555301494,1146.9028801020916,1154.395353791704,1171.9757629420956,1185.7004933174023,1201.219916452298,1217.499362031564,1234.9508081821095,1258.7784197663793,1261.34051144346,1288.6463738150978,1300.9933166748683,1321.5652945870963,1327.7368785793576,1362.3454375825493,1372.6123083044968,1387.3635485824973,1392.4141252749132,1391.4374477721478,1407.7939464054564,1419.3092287295988,1449.037608936891,1451.3856466826387,1460.513937733231,1459.9240637969306,1482.2910620825958,1479.552874495569,1490.181495569528,1492.364023332724,1498.8559056063305,1512.2799497609988,1505.205036916294,1511.895069946373,1512.0280811159998,1520.2333211639989,1524.0899902690144,1521.8390863181514,1521.33247835071,1524.1701707650834,1537.2911110583514,1544.6004114767957,1552.8890557337006,1556.666404869844,1566.8892208099708,1566.2717938996436,1565.1636454324848,1565.5937170489822,1568.2013577224534,1577.9263803758045,1576.9152301041845,1578.9841703887378,1570.444947209653
394462,391,"Cheyenne, WY",msa,WY,852.8578016450065,851.3258595927391,855.3996071477461,858.7848596423305,865.7101278889055,861.5138846611744,868.302898445765,867.2082308558009,870.5155406885573,865.4641561234308,871.1976985118995,865.2860722450988,871.6847847513429,878.814146547365,888.7784517003248,890.82488846249,885.3836363444406,886.4245305454366,884.3994699271108,885.3859656413113,887.1379275453221,887.3664642776889,886.5189891747204,887.3454169319058,888.8455862928924,891.0630889381392,892.3786607656103,894.2336057943648,894.9856755166452,895.9997697317743,891.4214017677708,893.1359990308118,888.3003929045054,894.7955922509983,896.7916695403164,903.4611008805272,902.11478508039,902.4200924537757,900.1294584143001,899.4402461503112,902.0650317197119,903.6433160394167,912.947431436112,913.0941367223259,922.279602882574,921.1065522139821,928.3024775442384,927.6878039164422,933.8181947658304,931.2470412628289,935.6590427726036,940.4933769352979,944.9793442135322,949.3941101079129,951.0030286161199,956.5702104091246,958.2770422111832,963.2502858092466,964.1793622498768,969.274959000449,972.983079821477,982.8570751973633,986.8633175558557,983.7890046727139,980.7848424632393,984.320462870831,988.8006268733534,993.36589542313,995.8944844291927,999.1186787660993,1007.7119297028811,1025.6740419599914,1028.981931127203,1026.2549218544068,1026.0760008912132,1038.2016081576808,1050.6911791672253,1056.695140929818,1067.6484257405127,1074.0950886505698,1089.1755045260045,1097.3478836151066,1105.316291363154,1106.1159668960054,1106.99612771399,1118.8892712503307,1123.1832378189629,1133.153913069334,1137.007005527152,1146.1856249596356,1148.0852749067797,1155.9456948469797,1153.9269326841145,1158.7251215301012,1157.600460568533,1154.1426765428084,1166.0072783589462,1167.6356504638266,1184.501946640499,1181.1859204636999,1184.6966946654413,1184.3527366690896,1188.5828058704808,1193.4310164279975,1197.6098562600102,1202.4984571694883,1200.2167713471486,1217.5851731496134,1222.7442945907908,1233.8011074095782,1227.5773937898648,1232.1596952791874,1233.232983111138,1236.9793110011315,1241.8476839126686,1244.4503712871253,1250.8417362604514,1254.9643835845523,1267.6197850648177,1267.4842375523815,1269.8895331124547,1271.0836392904037,1279.8043563261838,1289.13734121401,1299.517310402576,1309.3035714285713
394689,392,"Hot Springs, AR",msa,AR,,,,,,,,,,,,,,,,,,,,,,,,,,,,,,,,,,,,,,,,,,,,,,,,,,,,,,,,,,,,,,,,,,,,,,,,,,,,,,,,,,,,,1057.2970040893713,1046.2861194556217,1064.3066800228753,1078.2911230777281,1074.8715117730587,1084.798232736605,1092.225354960073,1110.5841657752553,1112.8058350779422,1111.6718848113135,1089.8535260186109,1106.6449923878522,1145.9277783606044,1169.369373520905,1156.87992779452,1135.5803579483356,1148.9697047915727,1157.2242099763387,1166.4079422602342,1168.5111620715104,1182.0770558469521,1190.7747256055154,1199.2346037309342,1192.6645953715422,1191.1999621059012,1201.8202992543177,1226.491073658318,1245.7912635929524,1243.2712734996883,1242.2152809174047,1245.4169964569453,1251.8695942538639,1258.1196837176874,1263.2849795459388,1271.5020617631487,1277.4133296286518,1274.8411759947285,1268.61264222875,1262.4545398604484,1264.8591698822459,1269.6555759360217,1272.1527777777776
394302,393,"Adrian, MI",msa,MI,,,,,,,,,,,,,,,,,,,,,,,,,,,,,,,,,,,,,,,,,,,,,,,,,,,,,,,,,,,,,,,,,,,,,,,,,,,,,,,,,,,,,,,,,,,,,,,,,,,,,,,,,,,,,,,,,,,,,,,,,,,,,1327.406843898563,1331.25
395090,394,"Shelby, NC",msa,NC,,,,,,,,,,,,,,,,,,,,,,,,,,,,,,,,,,,,,,,,,,,,,,,,,,,,,,,,,,,,,,,,,,,,,,,,,,,,,,,,,,,,,,,,,,,,,,,,,,1161.0582724867681,1175.7606228572513,1186.188504882488,1188.510228470199,1181.1367710902423,1173.8698849365019,1177.2314322129919,1180.3563144701063,1187.2312368849687,1188.0795616647042,1211.6859036251376,1220.7951336459248,1219.7591774826546,1210.2015273200143,1201.2648916338742,1217.1657480140082,1217.8614903543018,1226.4310540043314,1229.709194679505,1233.3446951139092,1231.5243644142029,1226.9600681102586,1223.3324757696423,1222.068836331187,1229.9264840869525,1238.7546869854357,1247.885632019507,1240.8294454476238,1243.0
394542,396,"Dubuque, IA",msa,IA,,,,,,,,,,,,,,,,,,,,,,,,,,,,,,,,,,,,,,,,,,,,,,,,,,,,,,,,,,,,,,,,,,,,,,,,,,,,,,,,,,,,850.6093380178346,859.4114114472568,868.7459222422771,876.6943505789086,874.0880774386288,868.8788879984559,885.2918232212421,893.5842365763076,905.3388963884863,899.3681723106776,905.2586712019231,911.6384045407696,911.3300370532335,922.2314181367346,917.8532802048908,928.7927556166497,939.0349762399425,957.4882284038565,949.3070228618793,952.4589283032526,952.1818859399594,976.7322775403787,966.5432926960679,983.80719168557,984.8506225604455,1012.1323418001699,1017.3644502584292,1023.0055140290656,1018.1379924349942,1008.6772655416504,1015.2167191776391,1017.5338305869903,1022.4805448863316,1017.1064509694339,1034.3458105165407,1030.1891218718545,1040.6424256696491,1024.272599762408,1032.8476358275234,1034.2074286906634,1046.234211784617,1058.679605234536,1067.8472222222224
394852,397,"Meridian, MS",msa,MS,,,,,,,,,,,,,,,,,,,,,,,,,,,,,,,,,,,,,,,,,,,,,,,,,,,,,,,,,,,,,,,,,,,,,,,,,,,,,,,,,,,,,,,,,,,,,,,,,,,,,,,,,,,,,,,,1209.5741221060005,1223.7540097784135,1203.784836391301,1209.9538582756977,1198.7827174444033,1216.1409420219616,1218.3109322778162,1225.4486014927472,1246.7971503491185,1280.4924183562837,1305.2135338444311,1300.5881257520086,1315.7279952607141,1321.8221285815057,1356.6666666666667
753912,398,"Pinehurst, NC",msa,NC,,,,1316.166239155336,1296.1742946006573,1305.9738549017068,1306.6599552390396,1318.412500312404,1322.819463483023,1317.6765634247174,1333.4517220579037,1328.1334824239825,1332.6166371605393,1313.0887369269176,1315.3905455078539,1308.5204487915616,1311.5046512606518,1300.9358281108255,1303.854191969691,1325.163233267398,1340.3629608000856,1342.4567666184435,1323.2938970928687,1329.6096908166794,1322.540667851161,1331.938098157588,1306.6972553874984,1309.6575170472854,1316.542712559974,1334.5631935264048,1342.8703586380864,1337.9696693074886,1338.0221442856023,1337.7207602131045,1340.4795694400568,1353.6887600672806,1354.9920025630918,1362.02588491206,1365.354877841322,1372.1977592555215,1369.9267140963457,1373.3960290427901,1374.9823272850488,1387.0722141266099,1382.7225498999937,1377.0892869672036,1384.086192721903,1386.800705790419,1390.4268242931323,1393.271788083569,1409.5609909339714,1411.5893144319298,1417.648544763597,1415.8143371715162,1418.1799327208366,1415.1404835153878,1424.4556436967616,1438.4836809088274,1445.4209292951111,1446.0090151410207,1454.6041123863517,1458.1793214781558,1480.3358467633257,1465.1623570400993,1467.8224435166303,1468.7216558218463,1494.187457465692,1505.8538502571573,1498.7272330811957,1507.257102910492,1523.4449274187436,1546.4676550147647,1570.8376878320937,1585.6977689749492,1559.6118311863706,1566.7258824221078,1597.4617778522625,1668.5381520945973,1690.8392095614254,1708.5363044501464,1752.3731337957433,1780.439988840616,1778.5159880410984,1791.1201050737523,1777.4520606441952,1804.4079177779379,1833.4344520549848,1891.8452583903975,1917.070514356134,1907.2172164357014,1915.0551564514235,1918.69893088362,1924.100312764001,1910.8135602041625,1932.5025011999032,1932.7985295414403,1957.2579027176014,1963.5753650395957,1991.134118771749,1999.6219352191454,1989.602619835576,1989.4791681063232,1986.5951304419389,2006.1913241440022,2013.314126426214,2030.594780191036,2039.95739969933,2042.4291002497123,2058.726201249689,2063.186205967434,2060.1655592297884,2057.7895903321155,2058.4183138008984,2071.696456228867,2085.8784479250985,2085.1076140527125,2086.9459948560034,2092.2612511154566,2091.177783766065,2101.502786608971,2093.7537435978547,2094.6405542642974,2090.8373642377755,2087.6979706672028,2096.8345959450958,2096.5097701149425
394953,399,"Paducah, KY",msa,KY,,,,,,,,,,,,,,,,,,,,,,,,,,,,,,,,,,,,,,,,,,,,,,,,,,,,,,,,,,,,,,,,,,,,,,,,,,,,,,,,,,,,,,,,,,,,,,,,,,,,,,,,,,,,,,,,,,,,,,,,,,,1168.3591562144886,1185.132000975656,1228.906372088277,1203.3333333333333
395190,400,"Victoria, TX",msa,TX,,,,,,,,,,,,,,,,,,,,,,,,,,,,,,,,,,,,,,,,,,,,,,,,,,,,,,,,,,,,,,,,,,,,,,,,,,,,,,,,,,,,,,,1233.7359495626108,1238.5293458052465,1226.8069866320018,1228.4064877664923,1230.517530257409,1246.2896911893308,1241.0021837787351,1240.8124520257797,1223.8591650946844,1240.7017656305568,1252.4356641005177,1272.0408038238625,1260.8471101792588,1248.5405380681646,1252.687898642561,1259.1350105648366,1269.6259911057568,1247.323406176484,1245.732321683349,1247.9978813923738,1278.59378053294,1280.296009954197,1283.077262122542,1283.071908707032,1285.6837527594755,1300.5540261998342,1302.5006848532087,1308.282791133923,1309.046212700719,1329.0693604797136,1344.8920297262712,1350.2104452848607,1343.241382389715,1343.8264859028668,1350.5984768027363,1354.8984075564408,1370.5125283802167,1378.464453870277,1392.280471484648,1399.3809523809523
395038,401,"Rome, GA",msa,GA,,,,,,,,,,,,,,,,,,,,,,,,,,,,,,,,,,,,,,,,,,,,,,,,,,,,,,,,,,,,,,,,,,,,,,,,,,,,,,,,,,,,,,,,,,1133.3109805426407,1155.089428572928,1163.889668777274,1138.921341352829,1159.3456303580765,1177.669371443057,1192.9684171753618,1190.7206709083214,1184.9200189316161,1216.5110758023175,1212.6212198707678,1225.0871264331886,1199.126596070834,1206.9320756750606,1222.8266564202868,1233.6738645813484,1229.5089728800142,1229.6131833616244,1239.4468839746676,1253.3738411515537,1265.4286963644745,1253.2201103225682,1264.489608885628,1273.7577906390645,1264.6206682258098,1269.5815475909326,1269.1665570938808,1283.735194240316,1289.7028753662664,1295.9651989269119,1295.9336054988744,1301.1219078020783,1306.4372290876206,1316.8203784806153,1323.7102657219662,1325.6668100717184,1351.3095238095239
395086,402,"Sevierville, TN",msa,TN,,,,,,,,,,,,,,,,,,,,,,,,,,,,,,,,,,,,,,,,,,,,,,,,,,,,,,,,,,,,,,,,,,,,,,,,,,,,,,,,,,,,,,,,,,,,,,,,,,,,,,,1594.8979467365739,1622.535517252375,1650.0572415020147,1661.5155352298866,1680.109969125456,1680.3859614638102,1697.200221569104,1684.42692352151,1690.5191754016364,1713.6647924495696,1768.2786894087615,1773.6330994598297,1752.6652351284135,1742.768868350148,1733.2565289023262,1769.9124128133371,1760.5160786005051,1774.6480861021935,1740.0202047329046,1748.3799104541808,1735.5410458315907,1728.49821432234,1706.879438012924,1701.5301587301585
394882,403,"Moses Lake, WA",msa,WA,,,,,,,,,,,,,888.593445331301,880.6723699445074,889.0596728566517,891.7151062853472,901.3759287113594,895.5827408760781,897.9433506439335,905.2757020395117,907.509050010201,912.226608292075,916.7803422634598,925.1209305208347,937.3756887501388,940.6772737210674,954.7628612645672,961.8638790871065,972.6535630439942,981.1658679076033,978.9428484882369,981.1532457905325,979.8061877408812,984.0698111300188,981.0844409007099,980.712584452078,982.6611242628624,989.3745514526303,992.144670176734,998.7303396376007,1003.0670248923293,1016.9171472677257,1030.0304029657204,1037.8839997214263,1038.088146654927,1031.3225002981158,1037.927870816504,1041.391091544443,1040.4605119271553,1046.689923141868,1045.4487222167022,1047.633187768438,1048.6441529553897,1047.890041444552,1051.424852524383,1057.0598706966223,1072.285696854717,1090.5171951063096,1102.6035346591202,1116.232345935286,1132.6665714807802,1144.6848212540874,1159.0304646941195,1159.138096941567,1155.0352555196778,1145.1440897129658,1136.2656343951405,1138.3574415450234,1131.289158597598,1132.1354062074756,1133.688268134487,1144.9460794929234,1158.875656609271,1170.7905713073449,1174.2269024192715,1190.5569639340229,1206.1548547223726,1237.1617729275351,1270.4916338187563,1288.3390209095826,1312.6777715103526,1320.7632679900953,1330.9338880527273,1337.5155676923162,1325.9584881803366,1334.9956281497732,1348.5402046654713,1361.7196703884006,1383.0687769255603,1388.645167212623,1400.5065621146477,1413.7706752245804,1428.4802063843301,1439.9235674126471,1454.1796313651832,1449.6767337432505,1473.5533634014928,1476.4526523255838,1493.9894490050524,1499.1334368103728,1507.4445534595598,1506.2502579933403,1510.1553076286123,1521.1490463187813,1534.7905230043616,1547.335995551402,1545.8645834605625,1558.6408142215325,1565.4464601336206,1572.0130955085456,1570.7059905226918,1573.5277386932082,1580.8817782424953,1594.9978710099099,1596.2111451806559,1593.6820912147782,1586.2226493586968,1583.7825055137769,1588.7623361800124,1591.3536417081302,1586.5286118342794,1586.3799564806259,1582.5541417912777,1579.7565744989906,1568.6371221486968,1558.4927698032961
394441,405,"Cape Girardeau, MO",msa,MO,,,,,,,,,,,,,,,,,,,,,,,,,,,,,,,,,,,,,,,,,,,,,,,,,,,,,,,,,,,,,,,,,,,,,,,,,,,,,,,,,,,,,,,,,845.8683217084026,852.3605056350892,,862.8067700525711,874.610156182629,881.7933671897899,901.1267676642088,900.1251048680589,885.5282649092636,884.6358336558851,910.1920258937985,920.0965367136704,922.9855050240863,907.3640513151929,914.5096202336516,921.3508294305199,917.0867055226681,920.3520322277128,924.6858651622148,943.2674190510755,947.937761136779,946.5311564555551,942.1811297117051,951.0335984527034,948.2837029459317,964.8394820968044,963.3077321565492,970.0486750144489,976.5340465851357,980.4941476170034,981.249335210434,976.1106073165497,987.3824248123899,996.3276636575556,1000.7958479745245,1002.6864610300935,1014.3319851176703,1020.951871657754
394580,407,"Fairbanks, AK",msa,AK,,,,,,,,,,,,,,,,,,,,,,,,,,,,,,,,,,,,,,,,,,,,,,,,,,,,,,,,,,,,,,,,,,,,,,,,,,,,,1330.4352933295972,1382.6579135670934,1387.931016323932,,1394.3715137477352,1406.2100134822117,1416.4897901336858,1439.0886620899103,1449.3176655867685,1447.6705424925829,1445.0328943188385,1465.8756557219356,1494.1548001718227,1501.3630223951225,1507.8169120735495,1508.1596872814653,1516.981997730897,1509.7660052020467,1513.3929245356037,1525.078292729599,1536.2532084509214,1591.3827173745938,1606.0279546295235,1618.5614548300123,1576.9939899467026,1559.8114906952026,1564.0841123784655,1570.327875905289,1580.415958365756,1586.6105590326447,1588.5626597363344,1597.871212185005,1607.9512810924587,1587.8096432051439,1611.4645507572234,1595.792426524913,1631.4090428751529,1630.319181926081,1639.188501625652,1646.4351515564615,1651.4969642622932,1663.1511045316288,1673.1961025469245,1672.7409336433338,1674.7607196336762,1681.4207450927584,1674.8355576040944,1694.5871221118957,1698.845099998081,1724.351851851852
394410,408,"Brainerd, MN",msa,MN,,,,,,,,,,,,,,,,,,,,,,,,,,,,,,,,,,,,,,,,,,,,,,,,,,,,,,,,,,,,,,,,,,,,,,,,,,,,,,,,,,,,,,,,,,,,,,,,,,,,,,,,,,,,,,,,,,,,,,,,,,,1223.973011706498,1199.6057058483002,1186.8001852734033,1175.9166666666667
394928,410,"Ocean City, NJ",msa,NJ,,,,,,,,,,,,,,,,,,,,,,,,,,,,,,,,,,,,,,,,,,,,,,,,,,,,,,,,,,,,,,,,,,,,,,,,,,,,,,,,,,,,,,,,,,,,,,,,,,,,,,,,,,,,,,,,,,,,,,,,,,,,,2107.9688241584695,2237.5
394505,411,"Corvallis, OR",msa,OR,1119.3293462038503,1125.7176542257362,1143.099122966233,1154.5415498093364,1149.1149234254765,1148.1904789812093,1142.4357076892038,1148.5910396203692,1152.4958018011619,1155.9697999715786,1148.3250085344148,1152.6785532758572,1169.610349828182,1194.7046766535714,1199.2381867743488,1182.1008884263415,1182.3304428824856,1188.9079125625562,1206.1415759469885,1211.9265524492464,1209.7747007909668,1209.3920226197436,1226.4074886762871,1236.2003473739408,1240.0544251523838,1229.6625525104196,1232.116715400631,1241.0860747201575,1245.8333139378612,1247.2666312788092,1250.94348166029,1254.5506441213183,1269.7731568269462,1280.9367539445068,1288.009644882545,1280.0709491330017,1280.0596570032187,1278.1062883788536,1293.1808464063492,1292.9251734229692,1302.9812998911489,1309.6022888429702,1316.8309631093437,1316.890928890068,1319.9518347437563,1333.351647715699,1338.4053962803146,1350.667000721664,1344.073396115685,1347.5658429930609,1343.7905867316908,1353.4421740809369,1354.3640872973726,1358.4498113642437,1359.0000829300407,1367.551377778647,1370.016313180565,1366.6510502977076,1368.919024825924,1374.5700573823028,1391.9875537868782,1405.9130579365292,1398.9029817644466,1394.7094119513822,1385.9251086353804,1388.4562046961685,1386.374747200222,1390.8865840387732,1390.8196810750562,1379.3360537365918,1382.4937611388161,1376.8658800645962,1404.3017358485736,1405.080340281327,1431.62887299791,1443.4988580269817,1466.9273421712371,1464.5960445516373,1475.8430056681811,1484.794889438934,1505.0096819215667,1535.9654585567878,1561.3500805677265,1579.0040815404466,1570.3992459606295,1587.6420582303708,1595.1773228304553,1611.4175534982478,1622.094822226992,1655.2289479339313,1684.9210662957862,1703.8135917987915,1724.1920652347128,1759.4273268370016,1763.8117335037819,1777.842566387701,1773.8084829819788,1793.6363552154576,1787.2191390204819,1788.0932959875734,1784.8732347597945,1800.6618773465168,1819.2877604202317,1844.0098895727474,1850.3748676898056,1845.1253499761735,1861.8794047499432,1867.9433914348824,1886.3711834239211,1889.6253201526044,1911.1363837668125,1922.0774616779531,1934.4030242618815,1938.1864589412785,1930.1307910659623,1923.537460815772,1927.9898475379382,1931.3785244569335,1934.0513604376376,1941.7019296731296,1953.0175186878985,1957.8098409187944,1961.947596631023,1967.9534622447088,1975.0362205496183,1974.1305903398927
394988,412,"Pocatello, ID",msa,ID,,,,,,,,,,,,,,,,,,,,,,,,,,,,,,,,,,,,,,,,,,,,,,,,,,,,,,,,,,,,,,,,,,,,,,,,,,,,,,,,,,,,,992.7667094887628,1003.2907177200793,967.420830357658,984.3231735996928,977.7720553710105,1002.7332748793847,1004.2003294231893,1017.4104484980319,992.0023186901393,991.6509213081198,989.4806304488623,996.209979342875,1010.3063739220496,1019.0606439274272,1033.1271077580175,1029.1702147572237,1024.178831083415,1030.045700219516,1027.7431844805917,1030.2921409884077,1039.6837252480157,1044.366052930528,1041.1308443891999,1028.0357999162575,1024.1977346279787,1036.3309364746249,1054.204866955115,1065.0403473868787,1067.0858434974075,1063.7784733197889,1070.7870073799052,1072.2607007507484,1078.8197047401616,1080.6636479696656,1088.9325475978555,1093.4277684009694,1098.1459296182784,1089.9334721105877,1083.2032179466246,1080.2144238960987,1087.3555814149129,1087.7345987345989
394501,413,"Corning, NY",msa,NY,,,,,,,,,,,,,,,,,,,,,,,,,,,,,,,,,,,,,,,,,,,,,,,,,,,,,,,,,,,,,,,,,,,,,,,,,,,,,,,,,,,,,,,,,,,,,,,,,,,,,,,,,,,,,1327.5376603536758,1300.7762953001666,1281.8029762999,1277.8476752485785,1290.8133549988756,1298.9874520875578,1295.0307672738181,1293.8706810353528,1299.5459935197005,1319.446134299144,1325.8313314405377,1316.9792670341835,1329.5245164093087,1345.139116037357,1362.320146619287,1366.4904474659872,1374.7801818749733,1384.2916666666667
394911,414,"New Philadelphia, OH",msa,OH,,,,,,,,,,,,,,,,,,,,,,,,,,,,,,,,,,,,,,,,,,,,,,,,,,,,,,,,,,,,,,,,,,,,,,,,,,,,,,,,,,,,,,,,,,,,,,,,,,,,,,,,,,,,,,,,,,,,,,,,,,,,,1569.4111264043324,1450.0
395140,415,"Sunbury, PA",msa,PA,,,,,,,,,,,,,,,,,,,,,,,,,,,,,,,,,,,,,,,,,,,,,,,,,,,,,,,,,,,,,,,,,,,,,,,,,,,,,,,,,,,,,,,,,,,,,,,,,,,,,,,,,,,,,,877.593995349027,895.2917997298265,889.9685188301797,897.6291410501203,887.0755937076756,910.6236921952927,,935.5458523426088,939.1229294533806,981.5510133852988,1002.5371077294013,1012.5823081939922,986.745707264989,966.7726715141685,964.959355024281,954.6990651559987,954.1666666666666
395175,416,"Ukiah, CA",msa,CA,,,,,,,,,,,,,,,,,,,,,,,,,,,,,,,,,,,,,,,,,,,,,,,,,,,,,,,,,,,,,,,,,,,,,,,,,,,,,,,,,,,,,,,,,,,,,,,,,,,,,,,,,,,,,,,,,,,1995.484482758343,1988.5977294950967,1981.2442678397097,1983.3467664273549,2011.5230026811741,1999.2033172760093,2035.3000491340174,2025.5835787651947,2083.4922840326108,2076.9357696128295,2093.605264070161,2069.444444444445
753887,417,"Hermiston, OR",msa,OR,,,,,,,,,,,,,,,,,,,,,,,,,,,,,,,,,,,,,,,,,,,,,,,,,,,,,,,,,,,,,,,,,,,,,,,,,,,,,,,,,,,,,,,,,,,,,,,1102.483707552211,1129.9594268769722,1144.729733354032,1161.4377824561795,1151.6379268709454,1117.2051032038448,1124.258647328911,1115.9439848305603,1155.8032320991026,1172.0983529166049,1180.7382490295952,1189.1834063433623,1181.1688372433014,1189.8764395134233,1177.117542478989,1191.8122032675728,1199.4940610941007,1211.2368974239462,1229.60859125928,1244.8167855352463,1232.546850414666,1232.59298675946,1243.2818849439761,1243.1004749857125,1260.503953951805,1255.559373979927,1275.9206223012345,1274.8659498698805,1289.6997060667372,1316.193519122282,1317.8307966505724,1330.3412698412696
394469,418,"Clarksburg, WV",msa,WV,,,,,,,,,,,,,,,,,,,,,,,,,,,,,,,,,,,,,,,,,,,,,,,,,,,,,,,,,,,,,,,,,,,,,,,,,,,,,,,,766.2449819805885,757.47353779287,759.513366953887,753.8257593454126,784.6848148150417,797.4277226094944,801.6390107683072,785.9207908549824,785.4785784959313,800.982416037805,802.3438346769723,802.3557905317858,811.0680082842874,809.2305715570695,812.1391722406414,826.1876387879306,825.0492508905667,838.9812258364874,843.7760140716543,857.1524351931706,853.0803876888527,838.7656827400136,844.4291404955886,853.8407022816006,860.0221504848736,884.9866158273198,883.2098079726957,895.8565441778272,889.9419486947386,896.4634730608984,905.3607731747145,902.5962664145363,906.2108013144463,894.1645698837759,909.2240963985147,910.4970045840091,910.2536043043941,903.8329727891902,914.7114756465963,911.3766954656699,923.4361339112372,923.2650662260982,928.3233952335672,943.4119836290578,960.199855996469,992.9911431500217,997.5
394964,419,"Parkersburg, WV",msa,WV,,,,,,,,,,,,,,,,,,,,,,,,,,,,,,,,,,,,,,,,,,,,,,,,,,,,,,,,,,,,,,,,,,,,,,,,,,,,,,,,,,,,,,,,,,,,,,,,,,,,,,,,,,,,,,,,,,,,,,,,,,,,,,847.5
394373,420,"Beaver Dam, WI",msa,WI,,,,,,,,,,,,,,,,,,,,,,,,,,,,,,,,,,,,,,,,,,,,,,,,,,,,,,,,,,,,,,,,,,,,,,,,,,,,,,,,,,,,,,,,,,,,,,,,,,,,,,,,,,,,,,,935.8172477373902,939.10051445079,937.3898700374301,947.1070422212675,948.474534956103,942.92916514422,952.364517722646,958.2866194990035,975.4064691400856,982.1688204176492,992.7099782677981,988.0553603359291,992.9502850558398,996.7984579311448,1008.2770887406535,1012.888888888889
394641,422,"Grants Pass, OR",msa,OR,,,,,,,,,,,,,,,,,,,,,,,,,,,,,,,,,,,,,,,,,,,,,,,,,,,,,,,,,,,,,,,,,,,,,,,,,,,,,,,,,,,,,,,,,,,,,,,,,,,1365.8017108630095,1351.205803762227,1358.533324993276,1364.1552500902428,1390.7928903793745,1392.6834556947397,1422.9749477506612,1448.9187794875697,1464.2719218052328,1483.6246396457407,1469.1450492970823,1474.9555276625667,1448.3166458339585,1471.860962645411,1480.0261459222634,1490.144217885615,1464.5662399044027,1469.021948766779,1460.0047901197245,1463.5615969094667,1456.2713621855576,1451.1192294971613,1481.6782289744071,1497.621188796071,1545.0886618328263,1556.2982154167444,1582.7027191094617,1602.361111111111
394511,424,"Cullman, AL",msa,AL,,,,,,,,,,,,,,,,,,,,,,,,,,,,,,,,,,,,,,,,,,,,,,,,,,,,,,,,,,,,,,,,,,,,,,,,,,,,,,,,,,,,,,,,,,,,,,,,,,,,,,,,,,,,,,,,,,,,,,,,,,1548.4694276181492,1555.2369373355348,1557.172870460513,1543.6611796672946,1544.047619047619
394809,425,"Lufkin, TX",msa,TX,,,,,,,,,,,,,,,,,,,,,,,,,,,,,,,,,,,,,,,,,,,,,,,,,,,,,,,,,,,,,,,,,,,,,,,,,,,,,,,,,,,,,,,,,,,,,,,,,,,,,,,,,,,,,,,,,,,,,,,,,,,1597.0165379665111,1593.4013320172385,,1568.888888888889
395248,426,"Zanesville, OH",msa,OH,,,,,,,,,,,,,,,,,,,,,,,,,,,,,,,,,,,,,,,,,,,,,,,,,,,,,,,,,,,,,,,,,,,,,,,,,,,,,,,,,,,,,,,,,,,,,,,,,,,,863.6115437015317,890.0091891192284,884.9238364071128,895.0327360566594,881.0169076529631,901.495810329456,893.0602136688645,892.4506175614451,877.2590981778417,888.0782611737865,900.2453642736309,909.6819090646076,911.533348449242,903.5811006778732,898.2928199359694,907.257963483628,928.0167447969426,928.1728412109017,942.7809882790289,951.3915018035623,961.4102166004419,961.820631532889,960.5930461466717,963.9071267841899,966.5389494694155,972.5683189055346,989.861111111111
394907,427,"New Castle, PA",msa,PA,,,,,,,,,,,,,,,,,,,,,,,,,,,,,,,,,,,,,,,,,,,,,,,,,,,,,,,,,,,,,,,,,,,,,,,,,,,,,,,,,,,,,,,,,,,,,,,,,,,,,749.356658335031,760.9276088376812,759.6458362746192,756.5655906250477,757.5659741846574,769.0896609517448,783.5999960836107,775.8905773961746,764.850430669343,771.3542881532674,774.9592897062126,797.0569621900319,782.9069959660407,796.1381731773389,806.9377431255378,823.3962330320643,817.2686184576924,812.493379935987,809.4114463061319,829.3117020959502,853.0066667593309,860.5810772686276,873.8908025296811,875.3281174456362,905.4833228542687,916.25
394925,428,"Oak Harbor, WA",msa,WA,983.5819514048793,993.0664742302564,999.922966279291,1010.6222486310545,1019.4798527727493,1026.9019011136281,1029.2901196582097,1037.7249506451465,1052.7555322330911,1062.802795754649,1080.7292614062706,1092.1148749045744,1117.0739058782121,1115.8216832837215,1134.7967259563304,1143.0561432640966,1157.534622583476,1165.215083643642,1181.380923869998,1203.6113297029804,1213.4055307166473,1233.5132175730269,1238.4045635113937,1259.2210369331967,1258.7128366667714,1275.305544800403,1278.8724320231825,1294.6676791088287,1304.2030457892577,1316.4630340231527,1330.9404099300573,1333.5483119226192,1332.274315548996,1325.038738513457,1329.1560437633975,1337.9521120280585,1341.595007993482,1348.9070344662248,1354.6060269818506,1367.9917230823962,1382.5892633546648,1391.0022069990307,1384.135584861981,1387.5729027702498,1392.5994298614407,1405.7390177732975,1406.871336573162,1406.8934745746549,1412.8718353223128,1424.0761344266632,1429.9619910141573,1425.602440187704,1421.8794538880475,1422.9178184813766,1432.4948472365,1438.0044638202335,1446.3135318283976,1448.5683622328286,1457.0698821047129,1460.1007082409253,1464.83228917221,1460.3707068705517,1459.9835278187913,1446.4274459279368,1454.4413629454432,1469.5232497611312,1496.0032325410384,1514.1767136969224,1521.6031869010144,1531.2179046855235,1533.363973366452,1551.2480845074424,1566.0878000222874,1576.3237607322908,1585.5919778818868,1594.2459456337886,1607.7622252898977,1625.932378193262,1653.341734961997,1677.1354769356137,1695.5134542246794,1696.6036946521842,1699.8221135594688,1711.0837333399118,1726.856464735185,1751.8353992958932,1758.1896234644769,1778.8372129544562,1783.3635038850268,1788.6677116179346,1794.4263009914832,1799.8417043856937,1808.1369400165584,1807.831079220836,1822.7896462689944,1837.446524647402,1845.1061587035404,1865.7560807761374,1891.337861793764,1918.375629726931,1933.3400705145816,1940.579429530396,1938.4420089191162,1936.0611886426302,1919.18165736729,1967.0076387914653,1975.6721155748583,2003.1613602726277,1979.9172506840546,1980.9423052127347,1971.143751085358,1978.7149980435802,1996.1624234400576,2008.0462009901105,2024.9103642529255,2042.5669401119528,2070.9019716516177,2054.752304182293,2061.043486006574,2049.611887248452,2079.5204181401323,2081.6667203371426,2093.542874986626,2087.1767247950092,2081.9599076080844,2083.7054205740264
394942,429,"Orangeburg, SC",msa,SC,,,,,,,,,,,,,,,,,,,,,,,,,,,,,,,,,,,,,,,,,,,,,,,,,,,,,,,,,,,,,,,,,,,,,,,,,,,,,,,,,,,,,,,,,,,,,,,,,,,,,,,,,,,,1111.5981202196244,1133.64957895816,1130.5589590309944,1189.675036267599,1195.8232306011848,1198.1924654125612,1159.3137380306666,1145.5789804201272,1157.7469387672584,1213.2151177767485,1221.977893528217,1223.6529656972448,1261.2072574660092,1273.3336951965814,1292.790092855074,1272.9807689534912,1301.1609543662155,1308.1854423552097,1319.1666666666667
395212,430,"Watertown, WI",msa,WI,,,,,,,,,,,,,,,,,,,,,,,,,,,,,,,,,,,,,,,,,,,,,,,,,,,,,,,,,,,,,,,,,,,,,,,,,,,,,,,,,,,,,,,919.86361208862,929.5082115590008,950.7147096527259,962.8653638180626,967.816621563526,970.6289472756386,988.5676193666376,998.2958432839688,,1008.6634675791956,1019.4606029407806,1022.9032813875629,1027.6872147332858,1037.1879770993162,1036.7277181094155,1037.1599038582583,1033.0281325718738,1046.3171230506396,1058.7616318039254,1082.951092293884,1096.163351543408,1098.8212374012755,1099.9371386475157,1094.034518065727,1086.1391427338579,1085.1427457424968,1091.0835622162458,1112.228342439898,1124.1128633848034,1123.8197281126993,1116.0731281942712,1104.2582189741677,1108.4848466691108,1120.603825438618,1131.7446628497748,1146.8429419944814,1167.0677767494199,1178.7881111263152,1187.4745090470758,1186.2777777777776
394847,431,"Meadville, PA",msa,PA,,,,,,,,,,,,,,,,,,,,,,,,,,,,,,,,,,,,,,,,,,,,,,,,,,,,,,,,,,,,,,,,,,,,,,,,,,,,,,,,,,,,,,,,,,,,,,,,,,,,,,,,,,,,,,,,,,,,,,,,,,,,,,825.0
394568,432,"Elmira, NY",msa,NY,,,,,,,,,,,,,,,,,,,,,,,,,,,,,,,,,,,,,,,,,,,,,,,,,,,,,,,,,,,,,,,,,,,,,,,,,,,,,,,,,,,,,,,,,,,,,,,,,,,,,,,,,,,,,,,,,923.3040020739609,913.2555438294772,919.2791315313393,925.982435011087,940.8647465782301,,926.73129287886,947.5589197251576,977.8651654676574,995.8409366374319,992.1810590801466,979.9601266156749,994.9175706506826,1014.5166666666668
394644,433,"Great Falls, MT",msa,MT,,,,,,,,,,,,,,,,,,,,,,,,,,,,,,,803.9576535130648,815.2146408593187,816.8686641713421,821.4673559525639,821.0920035251569,818.5278430982605,821.4616643780765,821.833880577272,835.1118842303835,835.1844584362116,835.6886391176216,834.379657833279,834.8141244748739,832.2719971752493,837.5120138181549,829.9826895529026,833.4320921839329,837.3946811575344,850.6674430754481,849.7826629735727,842.7329057086813,850.6599280058073,855.930838476041,861.7714185967483,860.914024347356,861.4999330183771,860.0623039370853,864.9597310277494,864.393701903075,863.4953664112759,854.3005999068683,855.4949860834197,872.9562395719696,880.6578445794083,881.1612361271788,886.5998169978649,887.6733198175517,894.4915493755194,895.2281611736969,889.5482285290736,897.5159372653729,918.3560992198263,946.6266738999083,940.6210293076689,946.0005027412868,958.7094614453927,982.7442616364242,1000.7042865929096,1026.074620030625,1042.3663493367412,1058.1588939920944,1059.7421068777717,1071.5238719369481,1063.479083879789,1069.529496448616,1097.5011225749488,1131.0648482831207,1147.8863982163286,1159.1747717503472,1162.8305782633502,1173.9516616185783,1183.8394023140547,1201.105156994296,1239.754085602237,1265.9521160721645,1281.6332102986232,1275.1918201463127,1267.050064244116,1259.516586818035,1250.7307890935904,1238.2031411540734,1239.7758758043271,1233.966214679391,1234.6611161932233,1238.1874754751057,1239.2821026549814,1249.5948180015482,1253.5226825722928,1258.2072121838755,1265.7211106163165,1275.2673479928244,1301.0146923824366,1311.37009938151,1317.957896469899,1329.8706621616607,1339.078096599852,1342.4046376010579,1340.4147805870873,1334.7080443235873,1343.6062485761634,1358.9108455085686,1368.7487894973372,1374.762493485617,1371.5930499685558,1383.13890735401,1391.9824074074074
395042,435,"Russellville, AR",msa,AR,,,,,,,,,,,,,,,,,,,,,,,,,,,,,,,,,,,,,,,,,,,,,,,,,,,,,,,,,,,,,,,,,,,,,,,,,,,,,,,,,,,,,,,,,,,,,,,,,,861.9128991371,871.5160377379323,,857.6737561301549,867.4796470005983,868.4168666252092,890.700683464492,896.3308671303284,914.8189692024432,923.2794498484247,918.5603127363527,904.102741714909,926.3191221149918,942.7625241853975,,937.4008523455308,932.6846866154846,947.7074045005082,952.577553492237,967.0257494791075,963.6143718713496,965.8647101330682,974.8440217524021,,979.9135122696649,977.0634649349518,985.5047606176479,1007.3575788715522,1016.0555555555557
394859,437,"Midland, MI",msa,MI,,,,,,,,,,,,,,,,,,,,,,,,,,,,,,,,,,,,,,,,,,,,,,,,,,,,,,,,,,,,,,,,,,,,,,,,,,,,,,,,,,,,,,,,1278.8950724151737,1306.7193911795357,1323.7645500355743,1336.4271413765875,1359.3536174539151,1344.0189740307787,1347.7586584781689,1330.299957985366,1328.4244629743807,,1343.156419207756,1353.2000608593441,1372.0528301284087,1374.5965376915894,1379.7220609133751,1381.932285190699,1393.7124534676548,1397.2132625538602,1393.0999603080763,1414.4924922379323,1459.4878996522182,1470.8466527393448,1461.6278759814995,1454.3699245819334,1450.7850620003728,1472.5632471471024,1464.0239472826347,1472.886514238554,1471.1548391803467,1492.6939102495412,1511.5010597506378,1519.4182070370987,1504.6045004278935,1520.1948972829728,1538.2249722036838,1554.3304213209453,1566.9559392350482,1566.0325146709715,1591.0185185185185
394755,438,"Kokomo, IN",msa,IN,,,,,,,,,,,,,,,,,,,,,,,,,,,,,,596.6905995091371,600.9233245112341,,600.9319811701673,603.6189295589502,607.4476167504332,609.6853356011438,607.3651669905238,609.2425191584756,612.1970731109176,618.034855526342,617.4661912101193,613.6690640896525,612.96856787822,617.7106190243728,624.1032543661796,624.9819798397406,619.2124538316353,610.9502796602893,617.122338415426,624.2738323986592,626.0418102844176,624.5182015309913,630.2126085409151,636.1815394959893,639.8508457057246,639.8509219818892,641.2725573096932,644.0116812502758,652.3100624164983,662.2964171425405,664.6592102156968,664.0115155428849,663.7367980333297,665.4197568381957,656.113519086652,659.9927398353317,664.4498856102222,674.8433211111098,674.0037298081456,684.3161714806395,683.0648234724327,690.9392865244554,682.5789340725582,684.6696484237426,689.5405060533556,699.2925062132341,714.8004527311014,709.1743208756108,711.2419197389329,715.1516014647926,732.2414458324439,733.2028577001099,752.8437183243644,762.2124790822063,775.5492311949771,779.2634248745514,779.5264118630745,799.544886763364,802.8222303859719,820.0277760207852,818.8423020017578,823.313688592691,824.5339457665002,825.9178986173656,822.6961858518439,824.3209617039288,830.3741914222519,839.4553796624317,851.2863594526389,839.6235769619951,847.4101508691033,856.8355417452224,881.2808568711855,895.0335358770988,903.3202116399227,918.4001938154926,921.001482206255,,934.8416966439561,953.6254373614543,959.662581125535,980.1989929981113,999.2100632213004,1008.4560172016704,1010.2244140576249,1017.2739157777784,1027.3565427379976,1035.015354397413,1050.9715482809968,1058.2107991796884,1069.708987904639,1066.3282613487152,1072.039212414448,1073.0954548912218,1067.1886767843087,1064.7222222222222
394395,439,"Bloomsburg, PA",msa,PA,,,,,,,,,,,,,,,,,,,,,,,,,,,,,,,,,,,,,,,,,,,,,,,,,,,,,,,,,,,,,,,,,,,,,,912.9163302993279,915.0207394073702,919.9024597322963,914.5732132367109,907.8672652177113,912.9806290415711,924.7383751797407,932.0435875160916,943.4725158368176,932.7584455964234,942.3380967570771,938.1591054944673,949.796445549138,954.1612523175459,967.8335012401109,980.3131258089473,988.3818923756386,1000.0899755598183,997.1498311482223,1013.6936158738747,1014.8646927475864,1034.4097055282698,1016.6155844378584,1024.9962379992874,1035.9793250440991,1052.1093222575444,1058.899250023755,1051.1418099382743,1068.0547189111094,1062.4372066580972,1073.6233985705644,1066.1822993568576,1081.192798802814,1084.622772257497,1091.3635477960454,1095.682890145435,1097.385986678806,1095.430313960775,1080.8490098532075,1085.2148698206615,1082.2637986771638,1104.555165628086,1107.0440531456218,1115.531699520093,1129.6830845098468,1135.1904963979835,1152.2761214877744,1161.441876850108,1167.9355389053796,1176.4390750074583,1197.7919722036809,1212.5462490143038,1221.5954554348793,1220.3496290568623,1229.956494517023,1240.224156732022,1237.3108465608466
394941,440,"Opelousas, LA",msa,LA,,,,,,,,,,,,,,,,,,,,,,,,,,,,,,,,,,,,,,,,,,,,,,,,,,,,,,,,,,,,,,,,,,,,,,,,,,,,,,,,,,,,,,,,,,,,,,,,,,,,,,,,,,,,,,,,,,,,,,,,,,,,,,916.6666666666666
394675,441,"Helena, MT",msa,MT,,,,,,,,,,,,,,,,,,,,,,,,,,,,,,,,,,,,,,,,,,,,,,,,,,,,,,,,,,,,,,,,,,,,,,,,,,,,,,,,,,,,,,,,,,,,,,,,,,,,1461.761497313813,1480.3021135343693,1476.7447402125097,1501.2610103136938,1502.5726393640189,1521.346092094091,1521.074507610359,1531.5749271866707,1534.4748129088916,1515.9252570257418,1530.2252078058598,1545.250901027783,1614.1617382092654,1622.124589858857,1620.3054397592102,1611.8118147021646,1620.1179619124957,1621.9233702362558,1635.4453792299817,1644.579658350866,1658.2458540801604,1692.3378508079097,1695.1814098354787,1696.6068918302244,1663.9390592440182,1666.294945251165,1678.8657407407409
394744,442,"Key West, FL",msa,FL,,,,,,,,,,,,,,,,,,,,,,,,,,,,,,,,,,2368.7246729216886,2350.4214735620203,2344.4239622178743,2347.6681325681193,2312.4541236867353,2336.447817809952,2377.980543239553,2434.3074968821234,2465.9628083461816,2413.2897448340614,2423.7802350972106,2398.1681264506265,2444.8055136238486,2417.0768477260076,2450.451297589252,2433.4742135143206,2489.800068848961,2498.7271419307845,2495.3230665731107,2460.2335675862037,2459.3801149416554,2510.1098021613448,2504.0392058703574,2548.20626492709,2514.2416051665405,2558.705808358496,2524.5005446601294,2523.232216524464,2479.4437147390686,2525.390151071633,2506.3841141090606,2579.083406231505,2556.4318221432018,2576.084262561749,2595.5438357669523,2595.211835685916,2609.1203337939373,2579.110004417883,2632.095374782234,2674.4810249046927,2748.583775527263,2802.919089264141,2844.9113788720556,2910.744191912372,2941.5716243352576,3049.772095784738,3050.040403924383,3074.3764206169576,3095.224444828698,3180.1653722533415,3218.7878573896633,3227.41709839423,3315.9680346102646,3383.0866169148157,3468.898995342071,3428.0968986209687,3503.1756881075853,3529.2855683608846,3635.344524873263,3666.463297415451,3719.2332897372,3740.31007770101,3736.2140037720815,3760.1515654787117,3689.0164292336076,3696.5790684144504,3670.2803081775382,3690.7152172582146,3724.7814638341756,3676.9036411823863,3676.9277488412804,3698.4494545245248,3728.3408830091853,3696.755617727807,3675.9470097757276,3713.729220028354,3780.676423471631,3834.073931374789,3814.1350382688934,3821.064821150422,3739.5316767801755,3770.1215748491586,3748.945840665206,3743.2497598360383,3719.738339753469,3744.0000245909623,3777.7194690873375,3759.38863492159,3742.7587585737674,3706.1463622179235,3734.974273849355,3747.9531256544115,3796.1091348265268
395145,443,"Talladega, AL",msa,AL,,,,,,,,,,,,,,,,,,,,,,,,,,,,,,,,,,,,,,,,,,,,,,,,,,,,,,,,,,,,,,,,,,,,,,,,,,,,,,,,,,,,,,,,,,,,,,,,,964.5822988400266,969.7462576826151,974.4161468734493,986.0037496255994,995.6252874222281,1002.4405773075536,1002.7265413556407,1009.5377263642843,1025.5164623527298,1023.974509368438,1015.0919790236578,1013.6851354391047,1025.618998950257,1033.2636348097897,1034.1529555938016,1028.8589767482545,1031.9201868084529,1037.6109593134913,1041.8985251030338,1039.3899151571682,1043.0328441026543,1053.261608746336,1075.316096789871,1080.4591142153254,1076.5209664741635,1075.0443865409673,1080.159191823469,1085.544273300783,1086.397841619471,1084.6031746031745
395133,444,"Stillwater, OK",msa,OK,,,,,,,,,,,,,,,,,,,,,,,,,,,,,,,,,,,,,,,,,,,,,,,,,,,,,,,,,,,,,,,,,,,,,,943.3025105613071,953.6485116480421,953.2845530854247,944.1204228402593,943.6290948742951,951.4186451706923,961.4865289357357,964.0757524026873,966.9223739531593,977.4529722552837,993.950665207054,991.5319665470535,993.3621725800465,994.1092717348536,1006.51565734122,1025.770893272433,1039.8235962746191,1041.6772437520897,1039.9256565564851,1052.2725770009804,1073.1147945910582,1077.0575787912603,1087.1409728290785,1087.6523637867656,1090.687663783648,1090.1235065631465,1094.7742591138535,1099.5333369170892,1105.5605396939338,1111.2550553750928,1120.7963458208246,1119.0194752598125,1125.0551792976703,1140.1320791880842,1141.5553741058177,1150.2790392546783,1158.0652112163386,1166.97661432985,1166.003856516432,1160.3040843801834,1167.5008232801656,1176.4803805103058,1186.8203998572444,1196.220898086285,1192.8002651525674,1191.2780193593928,1196.3001107333878,1204.1177104436356,1210.5305935860808,1218.1784047447711,1228.7065777343296,1241.7109112412695,1244.893712012686,1249.3665752672405,1251.7176805706677,1258.0616147716057,1268.888888888889
394489,445,"Columbus, IN",msa,IN,,,,,,,,,,,,,,,,,,,,,,,,,,,,,,,,,,,,,,,,,1057.6478004788387,1050.0090301799034,1053.6692756056666,1055.451766895058,1049.3135291922422,1058.9935829949795,1075.0750301866226,1087.4897857901958,1083.6588919261612,1081.6820812093297,1088.0537172040972,1078.7888097224402,1070.803676220757,1078.471851731871,1095.8531717872058,1106.4510073948818,1114.4018934925232,1106.2889236606288,1103.747136087509,1093.2075622875554,1096.5556261716622,1093.8628674182048,1102.2747925574124,1105.191772123031,1100.8443144642015,1099.355172182385,1091.202605445315,1098.825250522602,1111.6329461134674,1127.86495022779,1141.371458272996,1147.6644655653365,1142.797369217231,1137.1907386856658,1129.772421891943,1126.6151334733624,1141.2604715866548,1159.00600333774,1198.96311376241,1216.3908405453883,1233.2402867563133,1217.9932020647802,1227.5784680859733,1243.3275914582755,1272.4732694500387,1276.6075976912512,1290.003396753405,1304.7939945140517,1319.0464513838117,1327.5584645274416,1322.4655863112991,1315.246311481202,1304.9250887210803,1326.9118250234364,1328.6592418691198,1332.692130474294,1328.758209311831,1340.3752889358796,1356.9522030497174,1362.4943072258436,1370.587956830566,1361.527014142345,1358.1696195601878,1372.5023867572681,1391.3439668923984,1404.670908351554,1396.3894262774259,1399.192323392139,1405.4078364711725,1413.084915110515,1411.6327673273895,1416.5965147975128,1419.1523844068045,1438.456905422958,1451.5596670015505,1456.1948733194486,1458.6544977482051,1455.5423010403968,1473.9557975977168,1481.2568672509633,1487.200182713783,1489.380648775279,1494.0080825341379,1498.572063962644,1502.942403710643,1503.4926184926182
394345,446,"Athens, TX",msa,TX,,,,,,,,,,,,,,,,,,,,,,,,,,,,,,,,,,,,,,,,,,,,,,,,,,,,,,,,,,,,,,,,,,,,,,,,,,,,,,,,,,,,,,,,,,,,,,,1418.9723361565552,1429.5204839467547,1433.6931951486513,1384.1203682466853,1388.169138387814,1389.9876273029888,1390.375363986821,1391.0882360676844,1397.505218525665,1424.7256074942934,1425.7025302083252,1447.8790275782314,1434.827658322527,1454.1798364300594,1471.0174914393829,1490.5917588821374,1492.151187249269,1474.7732794588576,1470.3102512100295,1456.890786549353,1469.5119163422016,1461.6259496619111,1476.0083659565923,1474.5702066840236,1493.9618252839812,1489.5145477714213,1487.7689163723692,1490.315392033322,1502.875026079852,1530.8539223190003,1556.5966100200064,1589.652777777778
394452,447,"Centralia, WA",msa,WA,,,,,,,,,,,,,,,,,,,,,,,,,,,,,,,,,,,,,,,,,,,,,,,,,,,,,,,,,,,,,,,,,,,,,,,,,,,,,,,,,,,,,,,,,,,,,,,,,,,,,1357.2197896514574,1348.0601099332691,1361.818229300835,1351.1848686742323,1342.3680921900939,1332.2692966871953,1365.8976055652054,1367.820763330991,1377.4716145233783,1391.183426093015,1399.1798292216301,1423.4974066840302,1399.0783387563679,1407.6656688003854,1393.0999525474972,1398.7921834842055,1416.2464706572412,1429.5281371268313,1437.8562220798283,1453.6780075817019,1462.6607676774177,1455.426893046607,1447.077099261832,1442.6547602376843,1465.4093214213526,1460.4583333333333
394822,448,"Manitowoc, WI",msa,WI,,,,,,,,,,,,,,,,,,,,,,,,,,,,,,,,,,,,,,,,,,,,,,,,,,,,,,,,,,,,,,,,,,,,,,,,,,,,,,,,,,,,,,,,,,,,,,,,,,,,,,,,,,,,,,,,,930.7084913585514,934.7768838343502,950.9434070496486,951.1102748655218,961.8159526577555,974.7112407155016,980.7821779800519,1008.3892887439812,996.9708410397599,1015.1743422450492,1004.9796470387565,1041.2663909601113,,1076.5833333333333
394682,449,"Hinesville, GA",msa,GA,920.8057072812131,929.3991612137279,934.7558926339497,938.5394407003861,941.9308266760461,941.2240928981537,939.1338135289608,941.0100418115235,939.8422217107059,936.2465886305379,937.275068244108,937.2409341501857,937.0308299735846,935.579978421681,940.1295030245443,946.4776069578572,949.1340511233511,945.3013006342618,946.685117826791,943.5536544601089,949.9215051261492,951.4263444131466,954.6222610101403,954.4282891802619,954.7616549648234,956.9546704887175,956.8090500667262,953.6836205335543,956.7721809859003,959.0185165047991,963.4838943405687,966.9443977104469,972.4482502092021,975.6795398971136,976.8552020319136,978.1852963833971,980.8734784557415,980.011242309991,980.4415141030498,980.0601420493649,978.2599319669808,983.3441125907464,983.9773553047003,989.4181633205777,990.9523108275669,990.864244375097,992.5995485655079,996.5315576662825,1000.5801191779501,1005.1555210552992,1009.26248438988,1015.0637589842241,1019.685667093193,1020.867191451483,1023.4483816955242,1023.580390623465,1023.9582874652009,1027.8559558360498,1030.8500983847075,1032.8287004881904,1033.8937124972415,1035.8654617567765,1053.2292126242144,1056.554654571861,1064.4449890457463,1059.5276172436552,1071.2142894353588,1082.6157396661893,1093.7433658832565,1102.8357198971607,1104.0159104910608,1119.1926600483293,1124.788084339197,1152.6638586728866,1163.4524666116174,1173.4344370976032,1187.8093659367455,1212.7221023338823,1259.923469522814,1287.712771416293,1317.6405594253786,1325.5137864733747,1368.987424294724,1393.0095517896953,1409.81528948417,1418.1592852332037,1416.144370310364,1447.3156894679594,1447.1288357144292,1477.817370686113,1466.5613690628104,1489.595622972339,1496.5684069345,1518.1248873471604,1505.692837937257,1499.3538782118064,1524.042807673929,1526.6644509447476,1546.579717482704,1543.2058996168464,1550.940502168723,1538.5327681202916,1514.0632866769417,1504.9587187436814,1509.4520978680434,1523.3015946637704,1536.8516041993955,1556.203025501376,1561.704438932692,1568.0984364773553,1574.7416223593912,1587.6761696959463,1613.972942020237,1630.877833106425,1669.163745371962,1681.1713818449282,1688.1066130142406,1683.2037512443057,1686.136101834616,1683.6801456187263,1676.6559871151765,1679.458206141188,1673.9678289396174,1665.278115094483,1644.4704962055464,1631.1522896168055
394541,450,"DuBois, PA",msa,PA,,,,,,,,,,,,,,,,,,,,,,,,,,,,,,,,,,,,,,,,,,,,,,,,,,,,,,,,,,,,,,,,,,,,,,,,,,,,,,,,,,,,,,,,,,,,,,,,,,,,,,,,,,,,,,,,,,,,,,,,,975.3796110142722,975.8695909585987,988.7059760186173,1009.6741460954214,1015.4074952130711,1030.5555555555557
395205,451,"Warsaw, IN",msa,IN,,,,,,,,,,,,,,,,,,,,,,,,,,,,,,,,,,,,,,,,,,,,,,,,,,,,,,,,,,,,,,,,,,,,,,,,,,,,,,,,,,,,,,,,,,,,,,,,978.0341355575986,976.897608883159,1008.981734477413,1010.1620420755778,1021.3773034904237,1014.5006742157535,1017.8306994195217,1021.1240919197248,1018.0408566410903,1023.7444091422398,1020.7926314427783,1036.7571188647964,1028.2874839769524,1031.6638666209694,1042.6587517484877,1059.2361723453494,1052.2347094942775,1044.2294996996113,1040.793489247644,1041.5461115308374,1046.045120585894,1052.2006025547118,1063.1922162767823,1075.8456694008537,1095.1866592313077,1104.0671071627064,1094.4972448650628,1092.7083778115873,1108.3459490676914,1131.3077117101436,1148.7222222222224
395126,453,"Statesboro, GA",msa,GA,,,,,,,,,,,,,,,,,,,,,,,,,,,,,,,,,,,,,,,,,,,,,,,,,,,,,,,,,,,,,,,,,,,,,,,,,,,,,,,,,,,,1076.8958727429704,1067.9159721088758,1093.937981027982,1106.745830061896,1150.7605918808747,1173.5384580294758,1173.121635854009,1162.4000560763866,1177.2000443926,1212.4503361157294,1227.2611618024762,1239.1561590130207,1231.9082560808472,1265.397196155879,1273.231591180602,1292.0029587075705,1275.1876531142211,1273.7989272606558,1273.6492044768186,1308.1796316497832,1322.0991636581684,1337.80228748647,1329.0936472075616,1353.141400492239,1370.8703329975247,1377.5972101524924,1372.5824333018134,1372.4276444522325,1395.391563686861,1416.9470375376832,1441.8453572796675,1445.919461171946,1451.8240662103397,1450.042906883619,1469.0253723676926,1460.9857207568377,1466.7259613748793,1469.325067378621,1485.983742951872,1495.3257368383493,1495.02956330017,1492.2512697069676,1489.0182040182037
394445,454,"Casper, WY",msa,WY,,,,,,,,,,,,1101.0478238696726,1098.432171662051,1088.18068470458,1088.3410201650393,1081.3460037960892,1063.828707663661,1052.3901440747097,1032.518937995525,1025.1763132136,1021.4427201124761,1012.5934152356509,1007.0254000816976,1008.0642849374813,1004.0618820269952,1007.468000059551,1012.1365095546084,1013.97928977636,1012.547093443558,1001.1740854349715,999.2246347619284,994.2587720349312,993.2462732317795,996.997672948491,998.7717675615784,995.2994774696725,992.5522798295715,987.6114126319239,987.6140027459307,989.1507685094332,1000.7212721209963,1012.9004843138476,1024.220891597854,1024.4263802511039,1027.0384293356708,1042.1675384502507,1056.1739109359935,1057.7270841639363,1046.5137578935655,1053.6862489054922,1055.5432551577592,1058.903434473056,1059.5738479839133,1063.3419590975877,1066.77297849996,1078.6920435203883,1087.6158115334108,1086.005509993603,1086.7950983979545,1099.8061555533143,1124.406569329164,1136.0044891291805,1123.390183844865,1112.7245091093241,1101.6952345120171,1088.8778580876806,1080.6170439779225,1087.4126638138914,1093.8107964776018,1094.2108403851958,1097.6818513637334,1096.2082404655805,1097.1782647853456,1095.2117793790605,1096.82797441606,1107.3505098470969,1121.3041214943305,1132.6902544943478,1151.925554344334,1163.5332331283141,1176.6819533809312,1189.0986391804495,1190.9805334749212,1208.6710199575466,1209.5597350877683,1231.7336780329229,1227.028819907292,1235.307592398403,1228.2919720464383,1244.7447374095386,1238.2742551770302,1234.7118914809093,1233.7542790181533,1256.1602684126678,1281.0294806510874,1274.467581910696,1276.7522808138722,1271.3649075920182,1289.8570157546628,1299.6238838433517,1319.20994043574,1327.4702884376165,1338.1076376603696,1349.4895015250272,1362.065967222402,1346.4993051083086,1334.6198942963533,1329.977621515729,1351.2022912308869,1374.863852597796,1406.3034708739658,1410.5901391448217,1404.1222920577964,1386.87634040583,1394.0605269235446,1399.9378243959238,1402.895871540029,1415.2557794391746,1425.7045971915368,1443.0371756396878,1438.0943402269181,1429.989445335786,1408.9827557450933,1410.2480273013546,1417.4840187305767,1433.3207367795603
395231,455,"Wilson, NC",msa,NC,,,,,,,,,,,,,,,,,,,,,,,,,,,,,,,,,,,,,,,,,,,,,,,,,,,,,,,,,,,,,,,,,,,,,,,,,,,,,,,,,,,,,,,,,,,,,,,,,,,,,1077.7106739705164,1089.097118458485,1079.6637646135955,1091.996754892384,1083.2095388313733,1091.6549392444322,1095.1704172032007,,1136.3585353289914,1137.5420886101995,1146.095410834708,1132.3593161856068,,1133.8640785828206,1152.9022338529574,1160.1650739508566,1177.7370922727075,1181.8264415767435,1192.7761406049715,1187.8636184222967,1183.220694075274,1184.776485483771,1186.4926485319327,1197.3164169007616,1200.8591489945602,1209.0277777777776
753881,456,"Glenwood Springs, CO",msa,CO,,,,,,,,,,,,,,,1875.534648215318,1907.659235432276,2004.0765975237389,2006.885159382928,2032.4191756417563,2028.583831857614,2096.101177844813,2066.687048802117,2105.0148107942364,2091.906221598785,2138.427312767365,2117.4617667914913,2124.5010343661015,2118.5554965268343,2163.6854385872284,2203.0514453201763,2212.2165045694323,2238.7203024493347,2233.0756027426482,,2284.569092804226,2283.4410528263893,2266.6205418456284,2303.897910936372,2334.9040748499992,2356.037488973899,2335.8306235223586,2324.372016088495,2365.8147709482155,2397.853049287091,2423.134158767722,2400.711682244778,2411.5501613857714,2459.6828007367603,2486.3288991737063,2484.5874391547027,2486.0891016851865,2502.612631187979,2513.554055349033,2541.741395077,2539.782959838748,2544.2287717043487,2557.6863054011546,2597.4092829488322,2631.357079646919,2645.178545096658,2673.1044723938103,2714.320768562713,2679.7339197647575,2713.0658857662797,2679.8400293933823,2571.7595446855044,2593.011812451162,2634.7254275175533,2826.4732405962,2906.616548358585,2979.3647052392116,2892.007241132492,2937.1772718146285,2990.8192386816636,3156.2389876690304,3102.351279447126,3081.765482701365,3210.6957648356647,3359.16475413095,3485.6953349318737,3419.250447707166,3419.7424286520827,3383.3660672043848,3625.221697939907,3703.5632492653294,3783.0260311542634,3723.3372015678237,3937.059376045559,4120.3840724242245,4162.291746340466,4113.430538684901,4177.326295038374,4215.7815033973475,4205.38956114337,4284.647487945725,4354.805293031117,4490.2736324769185,4523.136755821374,4420.088641662827,4382.137016732398,4310.957787422792,4340.0680049783805,4321.472461565823,4308.678986520795,4401.554901454676,4488.148220453117,4466.204542656555,4481.691906464868,4406.88545239629,4482.782090812717,4543.30595055694,4610.981571082526,4589.530902470915,4643.982494805236,4728.091832187046,4751.978012558839,4742.518364327366,4751.039353362393,4807.437148649659,4770.563030233709,4810.478056350438,4779.386831916041,4853.897245455965,4831.2806379467675,4900.413971383879,4880.597883597883
395085,457,"Seneca, SC",msa,SC,,,,,,,,,,,,,,,,,,,,,,,,,,,,,,,,,,,,,,,,,,,,,,,,,,,,,,,,,,,,,,,,,,,,,,,,,,,,,,,,,,,,,,,,,,,,,,1541.7091113232589,1493.5826211529259,1462.1088239827027,1488.1148010270872,1527.486315221093,1551.4809343778863,1585.4161027397315,1569.108649141131,1601.16923098667,1576.375525303483,1601.5637594730408,1579.9235008433482,1580.7124636301455,1605.2639276631337,1638.2756591562782,1650.1124560868059,1666.1156951063122,1667.7290566785002,1686.9137078758574,1679.5829621422497,1685.4822999580779,1701.9123511217717,1681.2165843016717,1692.423882508257,1725.8633752591793,1740.4634338817652,1748.90826080488,1755.5299881846101,1758.4822374187286,1772.7163583700485,1763.5637991088233,1801.5546179680855,1807.7777777777776
394866,458,"Minot, ND",msa,ND,,,,,,,,,,,,,,,,,,,,,,,,,,,,,,,,,,,,,,,,,,,,,,,,,,,,,,,,,,,,,,,,,,,,,,,,880.962019696424,876.502551483894,881.562450880571,892.3901284212459,904.9337476751683,891.2321904331509,889.0309384788835,887.1485614487739,889.1483082659375,892.0852104701451,890.6826814929555,891.4121219462294,894.0654428873053,895.370845827159,894.5553254276431,894.5895566444865,904.9596660926413,910.7902347726069,923.4675202772203,924.4325333381182,929.9469886527828,931.0430448610134,938.2735329468215,951.4256353749103,961.0471768154116,967.4611403948294,965.8549345377572,968.9479102861162,968.3295403923606,980.3595972720636,982.4232519056611,990.6268518294492,996.5746696341721,1001.2693271053441,999.9015142508199,997.8044121701207,998.4059299561881,1004.4890044162252,1010.6115366403799,1018.6563273816681,1024.0984820237659,1024.5308966536222,1021.739960686072,1025.158180998273,1027.398016158211,1032.8037123403637,1040.6922439605169,1045.6618467728752,1050.693449208582,1053.6471517679622,1060.9999152559383,1064.360390170064,1069.617731169512,1074.5516675398374,1085.6516170961083
395077,461,"Searcy, AR",msa,AR,,,,,,,,,,,,,,,,,,,,,,,,,,,,,,,,,,,,,,,,,,,,,,,,,,,,,,,,,,,,,,,,,,,,,,,,,,,,,,,,,,,,,,,,,,,,,,,,,,,,,,,,,,,,,,893.7526203358123,906.3151779691877,915.6565271659073,933.4590142581158,927.3549151957767,926.2116693967722,925.0664653968971,926.3576931242307,949.7405663035714,957.084218832352,968.0132188907587,966.4784498550323,974.8640128728532,,977.8964883925283,972.6786789690574,985.6944444444443
394638,462,"Grand Island, NE",msa,NE,,,,,,,,,,,,,,,,,,,,,,,,,,,,,,,,,,,,,,,,,,,,,,,,,,,,,,,,,,,,,,,,,,,,,,,,,,,,,,,,,,,,,,,,,,,,,,,,,,,,,,,,,,,,,,,,,,,1237.04885181401,1255.8679442336636,1262.7576502246495,1259.014886844079,1280.5435616133243,1286.4681650957823,1318.526934691916,1326.2599087601966,1361.509968183339,1361.080104354831,1369.0379842317057,1364.0833333333333
394994,463,"Port Angeles, WA",msa,WA,,,,,,,,,,,,,,,,,,,,,,,,,,,,,,,,,,,,,,,,,,,,,,,,,,,,,,,,,,,,,,,,,,,,,,,,,,,,,,,,,,,,,,,,,,,,,,,,,,,,,,,,,,,,,,,,,,,,,,,,,,,2390.055036511819,2386.4126606150344,2405.562319513941,2408.3333333333335
394350,464,"Auburn, NY",msa,NY,,,,,,,,,,,,,,,,,,,,,,,,,,,,,,,,,,,,,,,,,,,,,,,,,,,,,,,,,,,,,,,,,,,,,,,,,,,,,,,,,,,,,,,,,,,,,,,,,,,,,,,,,,,,,,,,,,,,,,1188.9321263901702,1199.105915163771,1200.8575578540024,1216.745005865133,1225.4778691206482,1208.628842762986,1213.8236394355474,1243.1033482520927,1291.6666666666667
394699,465,"Huntsville, TX",msa,TX,,,,,,,,,,,,,,,,,,,,,,,,,,,,,,,,,,,,,,,,,,,,,,,,,,,,,,,,,,,,,,,,,,,,,,,,,,,,,,,,,,,,,,,,,,,,,,,1191.5650715596007,1199.4280071665792,1185.1581647155751,1189.9315137328472,1216.4164934731164,1210.8044607112863,1230.339464196623,1204.976552054959,1227.2632678014133,1228.525554401835,1225.2594627390117,1216.0884293832762,1217.5552261067016,1226.2085598928622,1236.18839647714,1251.3922053871456,1242.6419709149552,1246.8241031737127,1260.9781279769966,1267.150881054414,1279.3080315683178,1279.3911470121682,1282.7800371935439,1289.8828326952012,1309.2897953518534,1310.5952443427138,1323.10420986337,1325.1854085615505,1333.6353018356847,1338.5886951876323,1324.0588478470115,1338.5141612200437
394738,466,"Keene, NH",msa,NH,,,,,,,,,,,,,,,,,,,,,,,,,,,,,,,,,,,,,,,,,,,,,,,,,,,,,,,,,,,,,,,,,,,,,,,,,,,,,,,,,,,,,1448.5052638240975,1439.0460254611992,1451.0900431761263,1473.1938637047585,1500.377132417208,1513.3172155366149,1493.8016551002552,1500.2693403363799,1514.9506330942338,1538.3712498226378,1541.7019452895468,1539.6112968197845,1558.976360432097,1574.0394259568827,1585.8830827980387,1579.834458724464,1568.5279163700286,1557.1362515654548,1591.8871277126734,1594.0567422102326,1611.0188762047133,1606.3951185486749,1637.8037267186928,1655.4884991818303,1632.599003590505,1668.3783168471361,1669.8359537618874,1710.1832175310424,1705.1347914971016,1695.6721622526347,1686.6693576244622,1696.2974344388572,1695.3484422032177,1706.510698183152,1699.097638728974,1703.7686032855165,1734.0728914884241,1724.661452712922,1739.1771235543642,1731.547835193159,1760.0859604643163,1796.7777777777776
394674,467,"Heber, UT",msa,UT,,,,,,,,,,,,,,,,,,,,,,,,,,,,,,,,,,,,,,,,,,,,,,,,,2252.2492462375358,2238.080408768069,2213.7054296076103,2229.5807799916474,2244.6484961131423,2271.5250630294413,2262.1946945899726,2292.3459354184065,2325.794052495187,2352.046338411343,,2407.5618810534847,2464.3068257823948,2493.5388246209536,2397.7338973885703,2356.3351114681686,2332.4355490748553,2326.0487868656483,2378.077462436558,2415.6612901300186,2505.7009285594513,2563.056351985763,2621.475318689574,2651.5097858388244,2675.029640761628,2743.5125154533243,2789.8358588705264,2881.350010378088,2931.4234058523944,2966.7611316192924,2981.4283466865018,3023.9323015715363,3029.8189533836917,3094.2777610112,3159.85524354827,3216.8678886178695,3244.6295785107104,3244.9858120886547,3299.0007748673643,3304.070831542988,3348.8269542022217,3372.756476870201,3378.6583729087306,3385.3531736998143,3394.9075880182972,3390.810764145551,3344.502550247273,3344.9287560285193,3329.1786648412367,3348.716129995344,3324.433110949806,3354.2747501412578,3340.949991774157,3356.338435933447,3348.394517052479,3356.8555058813718,3360.4542199426783,3411.590873560287,3424.1621709069527,3455.079036611807,3434.7854194571014,3415.1879248851706,3415.962271169218,3400.197575121327,3439.21148741798,3434.2227782806713,3455.678974089283,3457.7733229853425,3466.7625522624367,3432.378876498152,3445.988737179457,3425.4324065697983,3455.820503001544,3471.530822864143,3481.127742851609,3484.045486672752,3457.8798673426277,3454.8210526315793
395010,468,"Quincy, IL",msa,IL,,,,,,,,,,,,,,,,,,,,,,,,,,,,,,,,,,,,,,,,,,,,,,,,,,,,,,,,,,,,,,,,,,,,,,,,,,,,,,,,,,,,,,,,,,,,,,,,,,,,,,,,,,,,,,,,,,986.8864625912257,1010.2614354551131,1029.664443692905,1049.1684687676154,1059.19413029053,1066.1244801446721,1047.3248494681975,1061.6198973819348,1070.6132720595515,1100.9195907697904,1127.2039126597397,1146.4050335007184,1172.9166666666667
395062,469,"Sandusky, OH",msa,OH,,,,,,,,,,,,,,,,,,,,,,,,,,,,,,,,,,,,,,,,,,,,,,,,,,,,,,,,,,,,,,,,,,,,,,,,,,,,,,,,,,,,,,,,,,,,,,,,,,,,,,,,,,,,,,,,,,,,,,,,,,,,,,1381.0833333333335
394593,470,"Findlay, OH",msa,OH,,,,,,,,,,,,,,,,,,,,,,,,,,,,,,,,,,,,,,,,,,,,,,,,,,,,,,,,,,,,,,,,,,,,,,,,,,,,,,,,,,,,,,,,,,,1316.4395675406079,1290.90213002939,1289.2468388581183,1287.863857595975,1289.180644398577,1288.8599862614296,1317.406596004955,1317.0239507351835,1337.5765447196554,1343.7720346799777,1342.1877544963068,1334.9162577492043,1303.9281715309376,1326.6784212964849,1347.168487060048,1387.0514518998555,1389.980947541243,1400.637027159742,1404.344906519719,1433.3865225612017,1417.0249212448923,1426.874963132976,1443.3774096858765,1461.7120328610083,1502.8570806667199,1517.6663520025686,1524.9000734676936,1510.3554935113737,1524.1165931323208,1532.3122140604903,1540.6856166431994,1541.649118185399,1567.282966173377,1575.0638836282465,1572.330910248378,1575.2
394614,471,"Frankfort, KY",msa,KY,,,,,,,,,,,,,,,,,,,,,,,,,,,,,,,,,,,620.6286285193141,621.1883227587813,608.3490656418811,609.3968470259193,619.7717519813071,626.9424228945918,632.4526590333138,623.0194834941861,621.5366144642535,616.4662494681392,,630.7918756856834,636.8602883662749,632.0789439404748,636.2922721003222,639.4484717274945,641.854309885171,641.7128719145538,641.7227401740406,650.2014649141227,656.0254929140224,666.3876452325716,669.3617048932706,664.9489297339107,668.2143786809098,680.8342554675329,692.3792734654522,701.0026004052556,679.787411825049,674.419563158669,663.9947957745533,686.8943860763013,702.8210251421168,715.050380827216,724.68368216737,728.8402901966739,736.2073166504152,726.0312695324719,727.666625581749,736.1331608706379,748.2327578900724,759.7496051707238,775.5413433121619,780.8591669686393,778.4272108447839,781.2688952431607,786.3349469118943,804.3520356596517,805.7357699128919,811.3834837570848,806.8939701106816,805.6435097707256,816.8263335043168,834.7535346095315,847.4238922303939,847.9727382375607,852.4644036784597,852.5867561762792,862.1120049663151,856.6797466819241,870.6854657689224,887.8809839185294,908.5522509701414,907.1297895810628,907.4699926657726,899.1150693926194,905.4607239479782,904.1813190740163,918.9985566383973,929.5964011643937,935.9839765713642,936.1896147974944,928.4974125632359,929.4319303824346,930.0687910792079,946.3432608718792,955.3174148744381,959.3210754385419,956.4542993632869,965.6341357020856,965.003721771172,969.1586428764294,971.3702856067351,983.6143612936052,996.0031579755861,1000.0305755302664,1004.8030269346236,1007.748103403001,1012.9266738515656,1025.5860113197039,1037.720254763131,1048.138888888889
394516,472,"Danville, IL",msa,IL,,,,,,,,,,,,,,,,,,,,,,,,,,,,,,,,,,,,,,,,,,,,,,,,,,,,,,,,,,,,,,,,,,,,,,,,,,,,,,,,,,,,,,,,,,,688.3948660347633,672.4140282581844,681.8815696299595,686.5090541894829,674.3567277874499,673.5036334963255,667.1970197636136,677.6069408777868,693.754513908055,684.3637451205514,690.0646497456429,676.9919654797517,699.9736442090243,713.556804815084,725.0696874416775,738.1091050551929,743.32248068015,742.8056130389625,743.0150322030046,749.5283429207122,765.8741675264056,803.6811227326231,822.8562657729607,831.0334203172384,824.2224220923911,834.9323120086312,834.9731200006038,836.9154762847086,838.5774132835469,845.155990136031,848.6520305825177,854.4821954764357,841.2341994585893,822.3761948003922,803.5796727841456,802.9485329485329
394298,473,"Aberdeen, WA",msa,WA,,,,,,,,,,,,,,,,,,,,,,,,,,,,,,,,,,,,,,,,,,,,,,,,,,,,,,,,,,,,,,,,,,,,,,,,,,,,,,,,,,,,,,,,,,1188.825973687456,1169.7655342297883,1178.6653154480325,1177.3373757116306,1185.0699342856913,1214.5011348471755,1248.0001442274927,1276.6648737975106,1281.3057651899298,1264.7985406298214,1249.3205821189902,1244.4763903395803,1241.1107766847954,1244.4331853134058,1245.9174070125318,1254.7372628671176,1263.3293764324285,1261.0782740022967,1270.086182129392,1277.1766798609945,1288.5128567394956,1314.0592901607054,1318.2143803343686,1307.9708306779205,1290.5151762397559,1300.1042643757373,1304.700794845734,1316.1543603518626,1320.794613562813,1319.9618552897919,1314.3462872847565,1312.610090861059,1315.366716509879,1323.2081675300276,1339.6267161776336,1370.3804829672295,1399.2222222222224
753928,476,"Wisconsin Rapids, WI",msa,WI,,,,,,,,,,,,,,,,,,,,,,,,,,,,,,,,,,,,,,,,,,,,,,,,,,,,,,,,,,,,,,,,,,,,,,,,,,,,,,,,,,,,,,,,,,,,,,,,,,,,,,,,,,,,,,,,,,,,,,,,,,921.9643994715578,933.987755127775,950.9795777621811,954.2392922200473,997.2222222222222
753893,477,"Jefferson, GA",msa,GA,,,,,,,,,,,,,,,,,,,,,,,,,,,,,,,,,,,,,,,,,,,,,,,,,,,,,,,,,,,,,,,,,,,,,,,,,,,,,,,,,,,,,,,1815.7281608354504,1845.175976828919,1908.6691417964025,1945.7498839217424,1944.4800656468235,1938.4376168744827,1942.7962435178408,1953.2895473176259,1983.799218232799,2021.7048208659965,2047.258445549806,2051.329724764267,2032.8320479107053,2016.4187489436995,2017.3511668522667,2027.0476026670628,2047.8793958296858,2037.7978362348301,2026.9479808525462,2028.1546862101432,2019.2880760636933,2037.2441868684768,2054.8776519106086,2079.9508293601884,2084.3293688861354,2087.6198759442977,2085.8699909624625,2076.3593071458704,2074.335077808436,2092.440425647669,2108.0490295584605,2118.391492319923,2121.1410601347957,2105.475136255571,2090.3006501205964,2085.071414913384,2097.271976723046,2108.375361904264,2108.841593762557,2115.052270381837
394736,478,"Kapaa, HI",msa,HI,,,,,,,,,,,,,,,,,,,,,,,,,,,,,,,,,,,,,,,,,,,,,,,,,,,,,,,,,,,,,,,,,,,,,,,,,,,,,,,,,,,,,,,,,,,,,,,,,,,,,,,,,,,,,,,,,,,,,,,,,,4470.189816431145,4486.834577864297,4497.298820761488,4539.375646934395,4433.333333333334
394955,479,"Palatka, FL",msa,FL,,,,,,,,,,,,,,,,,,,,,,,,,,,,,,,,,,,,,,,,,,,,,,,,,,,,,,,,,,,,,,,,,,,,,,,,,,,,,,,,,,,,,,,,,,,,,,,,,,,,,1251.97837866081,1202.2409186936015,,1247.3002905491437,1277.3403844837064,1266.1232769381895,1270.5670656477844,1267.4344996664288,1323.1300384780573,1305.6828017963276,1268.1467528744804,1240.1996587181086,1260.1471230117345,1290.0791563957544,1282.9544770546856,1295.2069666239063,1316.3363939339615,1328.8011395885148,1361.418720509563,1367.8044930234162,1372.404763790827,1366.4321763830794,1372.328030930602,1405.8167553887813,1405.3444130734572,1433.3333333333333
394683,481,"Hobbs, NM",msa,NM,,,,,,,,,,,,,,,,,,,,,,,,,,,,,,,,,,,,,,,,,,,,,,,,,,,,,,,,,,,,,,,,,,,,,,,,,,,,,,,,,,,,,,,,,,,,,,,,,,,,,,,,,,,,,,,,,,,,,,,,1303.0688719833036,1322.265531452872,1339.89761324145,,1348.580335929136,1353.2162673193247,1388.4444444444443
395088,482,"Shawnee, OK",msa,OK,,,,,,,,,,,,,,,,,,,,,,,,,,,,,,,,,,,,,,,,,,,,,,,,,,,,,,,,,,,,,,,,,,,,,,,,,,,,,,,,,,,,,,,,,,,,,,,,,,,1061.9634597945194,1053.1726398339094,1064.4420760141163,1084.3871174789278,1101.0470499643236,1100.8373700433738,1099.3109678238804,1098.352547694679,1110.0925983486725,1104.2764814501688,1106.3382273623004,1103.6745299791305,1117.1752750633302,1142.2189365325314,1135.6337482250015,1137.1951991417718,1128.840578884119,1135.4500346928148,1137.78641792217,1142.0473823538166,1139.3048565981933,1145.8022807643551,1149.7896240971313,1155.411918116692,1159.1062686534829,1148.9195711834366,1154.6333471365663,1150.3977272727273
395132,485,"Stevens Point, WI",msa,WI,,,,,,,,,,,,,,,,,,,,,,,,,,,,,,,,,,,,,,,,,,,,,,,,,,,,,,,,,,,,,,,,,,,,,,,,,,,,,,,,,,,,,,795.3332371953967,791.0635610659077,796.059687653927,815.2057750956835,821.0080102231162,,812.6080108539977,820.2635835652007,843.9741126549465,852.2508582546542,853.0411752448344,858.3728046186335,854.9138272649503,863.1109475684112,856.4495886197662,861.6338572386998,871.3346500297149,874.3868009177372,883.499235651823,877.276378344762,889.1370524753466,900.6258886913084,916.0577055208762,913.4228654712748,905.326570622445,915.8040919770892,919.2720610114922,926.720057821767,928.7399578501406,940.1681228006553,941.1631404000266,955.1721932964982,948.1607036492748,954.8979438328332,951.2071460231259,959.554324916239,972.8394371601415,974.8090970847355,987.5410079218964,988.4553707111136,993.8888888888888
394647,486,"Greeneville, TN",msa,TN,,,,,,,,,,,,,,,,,,,,,,,,,,,,,,,,,,,,,,,,,,,,,,,,,,,,,,,,,,,,,,,,,,,,,,,,,,,,,,,,,,,,,,,,,,,,,,,,,,,,,,,,,,,,,,,,,,,,,,,,,1134.309887518782,1115.9692177975896,1109.864691337767,1121.7046392007649,1146.7417913646652,1160.4166666666667
394655,488,"Greenwood, SC",msa,SC,,,,,,,,,,,,,,,,,,,,,,,,,,,,,,,,,,,,,,,,,,,,,,,,,,,,,,,,,,,,,,,,,,,,,,,,,,,,,,,,,,,,,,,,,,,,,,,,,,,,,,,,,,,,,,999.0646025322436,1045.1878385628065,1052.8629583032293,1018.1872060092061,1051.381125970394,1009.6467144278961,1035.9054958236575,1026.044545877581,1066.2843977170248,1091.8271000524348,1140.8624366845738,1165.2643519772769,1171.087612153368,1162.8134615265997,1206.063715696411,1258.8281981237362,1290.1666666666667
394764,489,"Lake City, FL",msa,FL,,,,,,,,,,,,,,,,,,,,,,,,,,,,,,,,,,,,,,,,,,,,,,,,,,,,,,,,,,,,,,,,,,,,,,,,,,,,,,,,,,,,,,,,,,,,,,,,,,,,,1375.8497773763456,1400.070719840677,1414.9324581944315,1444.1255537833542,,1465.0595166271305,1480.260939834321,1480.6138615442962,1497.9649817371949,1487.920522363514,1484.0735474840965,1470.8567321898431,1491.1274141784406,1519.6656451893673,1527.1473002483083,1506.4453770184489,1506.9045689164413,1525.9139383359334,1535.7854566624085,1557.699387557816,1557.1299623120608,1577.024623973533,1598.9374359883934,,1648.951961557834,1640.5555555555557
394752,490,"Klamath Falls, OR",msa,OR,,,,,,,,,,,,,,,,,,,,,,,,,,,,,,,,,,,,,,,,,,,,,,,,,,,,,,,,,,,,,,,,,,,,,,,,,,,,,,,,,,,,,,,,,,,,,,,,,,,,1302.221371999674,1283.808492262662,1279.058607386636,1255.7393599301818,1261.5957588987817,1285.708418356017,1266.5851216948452,1267.4921108909098,1240.2627993298304,1255.762447190613,1229.6003053949194,1220.563075710469,1241.8966459715505,1269.805613479863,1294.4130501533273,1293.3931642491357,1307.1277635626507,1326.6997572405394,1335.7787994683022,1327.8479886463497,1319.7703573086324,1328.6462237787218,1346.7976875898198,1346.671896041541,1325.0816771052428,1314.5369207696076,1300.942760942761
394877,491,"Morehead City, NC",msa,NC,,,,,,,,,,,,,,,,,,,,,,,,,,,,,,,,,,,,,,,,,,,,,,,,,,,,,,,,,,,,,,,,,,,,,,,,,,,,,,,,,,1457.9018007369373,1482.1963174101938,1453.2643980138484,1427.3505942076258,1443.551925129046,1475.410328216065,1505.8197291687907,1512.8408138430273,1510.4776673467084,1514.0398530744383,1531.6433516513068,1559.8841287675173,1568.8228740360835,1550.4903155664513,1572.15254063336,1596.45710438541,1647.34400711268,1648.2163213368744,1667.4382235543087,1660.9858166502318,1660.311807837342,1655.9502425867774,1670.1558761504186,1670.8216601815532,1697.512037766167,1730.0592897825054,1743.7228389681845,1732.5235368437923,1718.6743699707158,1741.1394709735184,1735.2873167920263,1762.4046977771611,1768.580650747649,1796.1314450746397,1797.8672798669224,1803.288995672309,1794.6978750635565,1799.8032364527933,1810.326215895278,1838.8577205681727,1847.7957451723084,1850.328240156249,1866.702943472489,1874.9634176732911,1900.3703703703704
394472,492,"Clearlake, CA",msa,CA,,,,,,,,,,,,,,,,,,,,,,,,,,,,,,,,,,,,,,,,,,,,,,,,,,,,,,,,,,,,,,,,,,,,,,,,,,,,,,,,,,,,,,1634.3186713281339,1621.773047963506,,1693.503934572763,1696.988003789355,1678.843402799074,1633.127355346042,1682.5175058080922,1737.1560493932977,1763.3403084738732,1763.5044797858382,1761.2563216996775,1794.2541788582917,1798.5525477865258,1802.4714272321316,1739.0423750941004,1760.173484009113,1785.6005659269026,1847.7089077550281,1805.020740539084,1799.612633641928,1782.75997226493,1779.7323902674295,1786.6273987064105,1784.0882203531753,1823.1841009934938,1840.0808020389513,1919.2242062195326,1910.550344226435,1921.4031143705085,1901.9262677082463,1933.0976409551067,1932.7175249026284,1957.6850522946727,1971.3892546654172,1984.8312372432604,1977.341574121119,1957.3852604695285,1944.4171229753836,1909.6751233420662,1906.25
394305,493,"Alamogordo, NM",msa,NM,,,,,,,,,,,,,,,,,,,,,,,,,,,,,,,,,,,,,,,,,,,,,,,,,,,,,,,,,,,,,,,,,,,,,,,,,,,,,,,,,,,,,,,,,1356.9258652613294,1358.4350689722294,1330.7213908964113,1315.8771021283787,1335.328020434457,1346.5208493792386,1364.5338351661107,1384.0032220692813,1375.851591763514,1394.0545538116014,1368.1607206216847,1352.1621638400088,1334.4568610962938,1358.6244012644136,1375.9159680626944,1384.7893923490865,1387.3501095806128,1417.7935226917225,1416.5375784793905,1420.176100532572,1404.8658732114823,1421.6930641283388,1410.948941646943,1415.0590333734947,1421.9087856934461,1443.7881180260263,1450.5368391363606,1462.2381640646868,1466.0550820895278,1453.487821601204,1459.1130078214069,1466.087646925728,1496.255789145997,1494.7329758496987,1529.335104273536,1543.194565099692,1558.4666320756287,1546.8083333333334
394897,496,"Muskogee, OK",msa,OK,,,,,,,,,,,,,,,,,,,,,,,,,,,,,,,,,,,,,,,,,,,,,,,,,,,,,,,,,,,,,,,,,,,,,,,,,,,,,,,,,,,,,,,,,,,,,,715.8464163947405,731.799128087461,752.141547197172,763.787419432381,763.7323338462198,740.7560175812208,736.1607579122863,741.2572573572188,748.0601060795459,771.888659384863,769.614568578851,773.5802551059628,770.749486723311,786.1460856571507,785.3895639223805,787.6319002022426,755.171433405109,785.1153034361688,802.8079440662907,824.2635080631023,809.32201439698,802.2713990682955,816.174611627132,824.0865921658467,841.4615934918609,835.3674577080202,836.3612020647084,844.0139306730398,875.8194192197508,872.6342589486013,865.4583818383986,857.4760664169561,875.0
394826,497,"Marion, IN",msa,IN,,,,,,,,,,,,,,,,,,,,,,,,,,,,,,,,,,,,,,,,,,,,,,,,,,,,,,,,,,,,,,,,,,,,,,,,,,,,,,,,,,,,,,,,,,,,,,,,,,,,,,,,,,,,,,,,,,,,,,,,,,,,,821.3187363558245,860.4166666666667
394586,498,"Faribault, MN",msa,MN,,,,,,,,,,,,,,,,,,,,,,,,,,,,,,,,,,,,,,,,,,,,,,,,,,,,,,,,,,,,,,,,,,,,,,,,,,,,,,,,,,,,,,,,,,,,,,,,,,,,,,,,,,,,,,,,,,,,,,,1542.3047961778489,1547.9137234774673,1580.6098314208796,1566.4988990742743,1589.7184892148305,1579.9415194747874,1601.3494184813428,1600.1984126984128
394829,500,"Marquette, MI",msa,MI,,,,,,,,,,,,,,,,,,,,,,,,,,,,,,,,,,,,,,,,,,,,,,,,,,,,,,,,,,,,,,,,,,,,,,,,,,,,,,,,,,,,,,,,,,,,,,,,,,,,,,,,,,1136.2388159979644,1089.3545502254215,1158.8058686938919,1173.5998792975467,1233.9797908999383,1222.1078622063487,1232.4331093174487,1262.4233735668893,1253.7893877403262,1265.013337419744,1262.8402146920055,1324.5199479973362,1325.74126645658,1370.752356839597,1339.6386316531587,1351.7642932245171,1328.4302429465763,1339.4401487868085,1346.103651991294,1342.851686521048,1350.5555555555557
394885,502,"Mount Pleasant, MI",msa,MI,,,,,,,,,,,,,,,,,,,,,,,,,,,,,,,,,,,,,,,,,,,,,,,,,,,,,,,,,,,,,,,,,,,,,,,,,,,,,,,,,,,,,,,,,,,,,,,,,,,,,,,,847.9289722139465,841.70374656897,820.5844137097117,818.4019230206394,810.9086930474947,879.512512266858,922.5408117739701,963.0684091120365,920.4244933456802,900.1680637432337,895.3378445973108,900.1444399816219,,904.5800593573301,935.7676933017472,950.447963072192,981.4923199058796,943.5029661450077,933.5095104912269,931.9498235271574,971.5131588749737,995.2268776927946,1002.9166666666666
394827,504,"Marion, OH",msa,OH,,,,,,,,,,,,,,,,,,,,,,,,,,,,,,,,,,,,,,,,,,,,,,,,,,,,,,,,,,,,,,,,,,,,,,,,,,,,,,,,,,,,,,,,,,,,,,,,,,,,,,,,,,,,,,,,,,,,,,,,,,,,,1190.1288864608503,1232.0
394360,505,"Baraboo, WI",msa,WI,,,,,,,,,,,,,,,,,,,,,,,,,,,,,,,,,,,,,,,,,,,,,,,,,,,,,,,,,,,,,,,,,,,,,,,,,,,,,,,,,,,,,,,,,,,,,,,,,,,,,,,,,,,,,877.7057428438306,915.1804757516544,895.0586561855616,908.1439390380481,903.8359268102612,923.7334216556488,932.4068348079509,929.8466810105472,910.5164610163922,929.4111303088839,982.3571343786277,1007.2939406889062,1012.4091772787442,988.7566296137337,1019.377339245276,1019.1427463362481,1028.2886101010338,1015.3333333333334
395016,506,"Red Bluff, CA",msa,CA,,,,,,,,,,,,,,,,,,,,,,,,,,,,,,,,,,,,,,,,,,,,,,,,,,,,,,,,,,,,,,,,,,,,,,,,,,,,,,,,,,,,,,,,,,,,,,,,,,,,,,,,,,,,,,,,,,,,,,,,1496.2594674448417,1538.9777183341075,1561.4114444511956,,1603.7413909302327,1629.6553845649833,1639.3055555555554
394825,507,"Marinette, WI",msa,WI,,,,,,,,,,,,,,,,,,,,,,,,,,,,,,,,,,,,,,,,,,,,,,,,,,,,,,,,,,,,,,,,,,,,,,,,,,,,,,,,,,,,,,,,,,,,,,,,,,,,,,,,,,,,,,,,,,,,,,,,,,,,,,1161.25
845163,508,"Jasper, AL",msa,AL,,,,,,,,,,,,,,,,,,,,,,,,,,,,,,,,,,,,,,,,,,,,,,,,,,,,,,,,,,,,,,,,,,,,,,,,,,,,,,,,,,,,,,,,,,,,,,,,,,,,,,,1051.385141440644,1057.0170640827123,1041.3101326023002,1043.1743746280833,1048.245366698351,1070.2647964191444,1099.0226970598312,1111.046611760025,1121.9613105016897,1111.828278560487,1110.4770306180485,1113.5662311131132,1137.2360287685865,1132.2836895806167,1141.8913409025834,1151.659467000719,1162.1704123748552,1156.9331277027131,1146.8337976817072,1146.4688416815088,1146.2850892213103,1154.5239969023487,1164.8128017238912,1174.4444444444446
395040,509,"Roswell, NM",msa,NM,,,,,,,,,,,,,,,,,,,,,,,,,,,,,,,,,,,,,,,,,,,,,,,,,,,,,,,,,,,,,,,,,,,,,,,,,,,,,,,,,,,,,,,,,1065.2704024399172,1080.1847580057697,1085.0066066901145,1109.0769261620949,1118.5082886155287,1134.3249402235367,1140.6514400019623,1127.3284192555989,1120.2087435406847,1124.3977374805766,1167.3855427496833,1188.165113623933,1165.986505903595,1147.7938895817397,1126.7789345237384,1141.7646260508832,1156.2140882818264,1183.498239289676,1176.0559180343769,1149.7521261097133,1129.9666660948255,1145.8976641419033,,1191.0583498067142,1214.8934086367435,1224.4999005229163,1252.891262492841,1243.1976667062766,1241.3092932515658,1236.6428087505217,1252.5433081789158,1298.2608116294093,1325.1943661341681,1327.2063418334837,1292.6539343084803,1296.04390006929,1303.0974646432649,1315.2777777777776
395092,510,"Shelton, WA",msa,WA,,,,,,,,,,,,,,,,,,,,,,,,,,,,,,,,,,,,,,,,,,,,,,,,,,,,,,,,,,,,,,,,,,,,,,,,,,,,,,,,,,,,,,,,,,,,,,,,,,,,,,,,,,,,,,,1633.8335998857408,1722.6132042214203,1713.8408963290342,1718.7338148712029,1712.9656762571253,,1767.2659629957031,1755.6415750114018,1734.991469186547,1735.229320352028,1819.6333788681154,1876.2472502578532,1938.04910182375,1890.1549421485727,1934.2540089243316,1950.4555555555555
394540,511,"Dublin, GA",msa,GA,,,,,,,,,,,,,,,,,,,,,,,,,,,,,,,,,,,,,,,,,,,,,,,,,,,,,,,,,,,,,,,,,,,,,,,,,,,,,,,,,,,,,,,,,,,,,,,,,,,,,,,,,,,,,,,,,,,,,,,,,,,1091.561746244486,1078.8834754205193,1066.7458871310369,1068.888888888889
394899,512,"Nacogdoches, TX",msa,TX,,,,,,,,,,,,,,,,,,,,,,,,,,,,,,,,,,,,,,,,,,,,,,,,,,,,,,,,,,,,,,,,,,,,,,,,,,,,,,,,,,,,,,,,,,,,,,,,,,,,,,,,,,,,,,1084.0513516996698,1078.3989402271507,1077.4491103423986,1074.8053898302257,1078.3618050549587,1073.8301342042291,1077.5282303301926,1082.5152265057607,1090.1018332665335,1101.3946412523992,1100.1420729028532,1100.7863988749539,1092.6744614459487,1110.3423833796078,1115.2973970269038,1115.3935226317776,1110.9074074074074
395105,513,"Somerset, KY",msa,KY,,,,,,,,,,,,,,,,,,,,,,,,,,,,,,,,,,,,,,,,,,,,,,,,,,,,,,,,,,,,,,,,,,,,,,,,,,,,,,,,,,,,,,,,,,,,,,,,,,,,,,,,,,,,,,,,,,,,,,,,,,,,,1161.0088800042902,1149.75
394496,514,"Coos Bay, OR",msa,OR,,,,,,,,,,,,,,,,,,,,,,,,,,,,,,,,,,,,,,,,,,,,,,,,,,,,,,,,,,,,,,,,,,,,,,,,,,,,,,,,,,,,,,,,,,,,,,,,,,,,,,,,,,,,,,,,,,,,,,,,,,1574.8012629995983,1517.9825229106482,1524.2986676130438,1509.3419804629748,1553.2777777777776
394600,515,"Forest City, NC",msa,NC,,,,,,,,,,,,,,,,,,,,,,,,,,,,,,,,,,,,,,,,,,,,,,,,,,,,,,,,,,,,,,,,,,,,,,,,,,,,,,,,,,,,,,,,,,,,,,,,,,,,,,,,,,,,,,,,,,,,,,,,,,,,,1210.6072851023525,1175.0
395020,517,"Rexburg, ID",msa,ID,,,,,,,,,,,,,,,,,,,,,,,,,,,,,,,,,,,,,,,,,,,,,,,,,,,,,,,,,,,,,,,,,,,,,,,,,,904.489270784886,893.4993581647291,902.7287463284118,907.9472551794278,917.8236588792869,925.7923248247974,954.7162717406724,980.1326688975545,996.1274896802232,999.5873212207271,998.0294221464538,1023.7401422342342,1049.9087927682683,1079.6351535019683,1098.9131208044812,1101.3329648557826,1103.8634313604316,1104.3082081813295,1097.2352502592084,1100.6832857893087,1100.9378364339964,1124.0116267411959,1128.641206012934,1132.4319977604341,1114.4824020785022,1116.9187274246522,1105.4499032806684,1124.1809661462132,1120.6810874879334,1130.1031841048289,1121.9855008714471,1129.9729824806177,1130.856905380703,1132.198521048326,1139.7995466427844,1132.5098692997276,1138.7586079820617,1123.9597558186083,1128.4213704165254,1130.8303243098792,1140.712374794758,1140.008796104803,1151.384818957836,1146.0463931846273,1149.1428713490056,1143.7097017466106,1142.6179526224726,1147.751869149779,1152.2849415232647,1162.9555794678927,1166.8975301403511,1160.8779688173606,1159.4166666666667
394787,518,"Lewiston, ID",msa,ID,,,,,,,,,,,,,,,,,,,,,,,,,,,,,,,,,,,,,,,,,,,,,,,,,,,,,,,,,,,,,,,,,,,,,,,,,,,,,,,,,,,,,,,,,,,,,,,,,,,,,,,,,,,,,,,,,,,,,,,,,,,,,2016.0265979833457,2050.0
394759,519,"Laconia, NH",msa,NH,,,,,,,,,,,,,,,,,,,,,,,,,,,,,,,,,,,,,,,,,,,,,,,,,,,,,,,,,,,,,,,,,,,,,,,,,,,,,,,,,,,,,,,,,,,,,,,,,,,,,,,,,,,,,,,,,1993.16695731883,2022.3117036404706,2026.288773039226,2021.6484297934257,2009.4409731166393,2004.7657922675264,1998.5472386889467,1991.7303231601,2009.728200991104,2007.4396295570866,2018.265329597177,1998.0344560556819,1994.7388194314394,1953.3174603174602
394629,520,"Georgetown, SC",msa,SC,,,,,,,,,,,,,,,,,,,,,,,,,,,,,,,,,,,,,,,,,,,,,,,,,,,,,,,,,,,,,,,,,,,,,,,,,,,,,,,,,,,,,,,,,,,,,,,,,,,,,,,,,,,,,,,,,2033.7913409795933,2015.196760830884,2024.4050236367527,2028.1945954091095,2026.6765819595266,2035.5171606928598,2069.8020254366425,2093.5692201965103,2081.6416321900574,2065.2390979142715,2064.9004557487083,2082.3324367847463,2085.8054698699802,2103.904761904762
394343,521,"Athens, OH",msa,OH,,,,,,,,,,,,,,,,,,,,,,,,,,,,,,,,,,,,,,,,,,,,,,,,,,,,,,,,,,,,,,,,,,,,,,,,,,,,,,,,,,,,,,,,,,,,,,,,,,,,568.2829047412624,565.7696139039211,589.4484046351404,595.1100158176229,616.638411901937,616.8998835109494,601.1049935744309,604.05018023006,599.2823245192577,624.721401293147,625.1472355880139,630.2374790204886,628.0161055170182,643.2020933361526,636.9361580263336,638.5278515088168,634.9648609700586,639.0682169873129,660.6224834992045,673.8248402696889,692.0926202367743,682.8110999188148,685.030156549663,695.2441076438856,706.1605055008613,704.8383183179998,709.5845410628018
395063,522,"Sanford, NC",msa,NC,,,,,,,,,,,,,,,,,,,,,,,,,,,,,,,,,,,,,,,,,,,,,,,,,,,,,,,,,,,,,,,,,,,,,,,,,,,,,,,,,,,,,,,,,,,,,,,,,,,,,,1787.6580303029223,1739.9815476630797,1753.3492709852617,1768.542191170515,1812.0633490390817,1804.8326861588534,1849.2886380614304,1851.033739138855,1884.0619696915958,1863.0371554381702,1859.7630849671853,1861.8637022841542,1860.0421467406545,1909.7379038977365,1908.6725759528272,1917.2546091363768,1898.726490910855,1929.4803259984587,1924.3266776000212,1923.079901556516,1898.9075443024913,1918.7891683703394,1914.470604491942,1902.7673454293724,1891.7777777777776
394570,523,"Enid, OK",msa,OK,,,,,,,,,,,,,,,,,,,,,,,,,,,,,,,,,,,,,,,,,,,,,,,,,,,,,,,,,,,,,,,,,,,,,,,,,,,,,,,,,,,,,,,,,1066.8392142412592,1080.25398665134,1086.0669492975196,1098.9627358791286,1110.4169020439303,1102.6858471720168,1093.750375023674,1078.6951865403335,1094.7110030844385,1097.758171568414,1113.6773903535752,1114.3669493799946,1120.7868478378423,1117.6676307103257,1119.429148681558,1118.8955634370209,1123.085782377443,1142.288380791937,1145.3353517325986,1154.1371921314817,1136.1051055512369,1136.5444543636274,1137.0132381966657,1145.6485178988848,1162.8430624588386,1169.1881933193974,1173.0693157214898,1177.163433643841,1180.2790140302125,1181.292055633899,1195.8115442890116,1204.4396372371668,1225.1302898369859,1233.0642883019748,1240.5341642340638,1243.6513941305964,1241.1197210530283,1249.0674603174602
395199,525,"Walla Walla, WA",msa,WA,,,,,,,,,,,,,,,,,,,,,,,,,,,,,,,,,,,,,,,,,,,,,,,,,,,,,,,,,,,,,,,,,,,,,,,,,,,,,,,,,,,,,,1377.8169397226593,1373.2445056696592,1384.4665444284333,1411.100740051034,1420.2559130877619,1436.141546503614,1427.300791113605,1447.2160471009481,1446.0871520322783,1471.2366946751085,1488.5154574832761,1494.5379363769116,1499.9622811562756,1497.3587263358838,1511.2507734543744,1509.86222778191,1509.1598183542767,1505.6985193729408,1515.0310914535858,1522.1735082376,1540.2595310604029,1555.30424946857,1546.8763091456979,1538.7935073482329,1521.26036563639,1531.8257215216545,1539.9629101918993,1542.8458172894361,1552.9372251014397,1558.4257975618298,1566.8510533784358,1567.718474563439,1570.931989746187,1563.6131158611201,1568.9181668171932,1577.2151748209462,1593.6453769792663,1597.8982095599592,1593.2214387725871,1596.977241159792,1597.8527735880677
394309,526,"Albemarle, NC",msa,NC,,,,,,,,,,,,,,,,,,,,,,,,,,,,,,,,,,,,,,,,,,,,,,,,,,,,,,,,,,,,,,,,,,,,,,,,,,,,,,,,,,,,,,,,,,,,,,,,,,,,,,,,,,,,,,,,,,,,,,,,1522.2519174509232,1527.1438932341093,1530.7122501595115,1533.9615846186482,1565.5159668377987,1580.289312958019,1582.75
394701,527,"Hutchinson, KS",msa,KS,,,,,,,,,,,,,,,,,,,,,,,,,,,,,529.6078230624906,532.6089690782658,531.7833516779284,537.1756041104803,536.4104981336708,540.882627598771,537.4460989346057,544.2885578884772,543.6093819775633,545.3498038892527,544.8214614209661,548.5090664367875,548.8021980439429,544.5186389220926,545.8081094471413,546.7207167048778,553.4629213021605,547.9565029288742,547.8142000293191,544.814207345426,552.2086084127901,551.6920200760221,553.6735084079204,554.8933103236718,557.1450692778068,561.5860995658271,562.607632851597,562.1058296550481,559.9193173904913,564.6439783786038,569.1224356455833,570.1094400679823,566.2774514151816,567.3372882781293,576.7148145925747,574.8819459024371,573.089133656856,575.1690614201015,578.1767554318199,581.4065359579257,586.06445134139,586.4962827458069,590.8429483544878,583.6337147656315,584.200260411743,576.2123117712501,584.1222926360156,594.8781236311012,603.7180327675437,605.038588237921,602.6257497917422,601.852802509561,604.4377551765132,608.3304326369043,607.6249713197594,621.345666972403,628.8554939285558,643.3754705162719,632.8735950648439,635.8872220879288,638.6877884536522,,661.0931218102942,670.2843927113174,672.8198305414226,672.9970866279506,672.5693938011057,684.9428757192662,686.1460930130769,694.9141067813371,695.4895149283982,696.4995100635695,698.3237448753055,706.1630844957654,708.8186646186539,711.7349361349751,715.1755026026428,723.557744357221,731.3431030252722,730.3561926908941,735.825021790012,728.8973822166872,738.2592288728654,737.3881320416173,747.8546278065797,744.407061021732,745.5948490923839,747.7592994714097,752.1868760615597,753.9034738040365,757.4548675121273,758.2862196226542,761.1467618508713,768.5271182177665,772.5453771953026,781.3624207223455,781.0410216257728,787.2037037037038
394693,528,"Hudson, NY",msa,NY,,,,,,,,,,,,,,,,,,,,,,,,,,,,,,,,,,,,,,,,,,,,,,,,,,,,,,,,,,,,,,,,,,,,,,,,,,,,,,,,,,,,,,1611.4181055154836,1666.850866215757,1703.4901153107664,1640.3610688835513,1611.436743455012,1593.2519566724582,1648.8257915416418,1659.0930568670653,1675.621473353136,1643.544077298531,1688.4747434503513,1699.2296365735053,1749.3004084723023,1738.7569871260712,1734.2945424420627,1716.5835058290613,1682.7312205538947,1698.9763836566815,1715.778382487927,1762.6892887527538,1795.8058194807024,1805.4422696710214,1781.519525974037,1819.823242359959,1839.0582129038019,1865.4737949802316,1826.4351137400076,1842.3336146599804,1898.4897503303157,1923.471141238195,1925.7283274023778,1918.081871399989,1909.9439904972146,1942.0830490712485,1968.640290587602,1965.9852360269936,1957.8064115108311,1972.9204310720067,2041.641902543446,2094.5550010105894,2121.190476190476
395124,529,"Starkville, MS",msa,MS,,,,,,,,,,,,,,,,,,,,,,,,,,,,,,,,,,,,,,,,,,,,,,,,,,,,,,,,,,,,,,,,,,,,,,,,,,,,,,,,,,,,,,,,,,,,,,,,,,,,,,,,,,1417.9173921125948,1413.985356745819,1420.1635933830305,1438.8762954551516,1442.3241681433194,1446.7787492309394,1433.6510632934794,1452.4732913143503,1467.5493145919597,1492.4136203129679,1498.1446212074125,1498.2337389926256,1499.3744787781711,1521.2480662183561,1524.4673364085365,1520.5014280382272,1524.8720996602992,1534.3993146184062,1546.778246619534,1540.2570980010805,1545.2708333333333
394443,530,"Carlsbad, NM",msa,NM,,,,,,,,,,,,,,,,,,,,,,,,,,,,,,,,,,,,,,,,,,,,,,,,,,,,,,,,,,,,,,,,,,,,,,,,,,,,,,,,,,,,,,,,,,,,,,,,,,,,,,,,,,,,,,1588.4734960848698,1582.1494135495138,1619.1367369758043,1650.381996719126,1655.0538053069265,1651.9523827237613,1673.2830404728766,1665.5454652063406,1665.5645258615364,1672.4177040258562,1674.871322633788,1661.4674332235263,1632.8690121087743,1633.0478983580933,1622.2781167884973,1612.4747593904353,1600.5555555555557
394631,531,"Gillette, WY",msa,WY,,,,,,,,,,,,,,,,,,,,,,,,,,,,,,,,,,,,,,,,,,,,,,,,,,,,,,,,,,,,,,,,,,,,,,,,,,,,,,,,,,,,,,,,,,,,,,,,,,,,,,1030.1078887033977,1058.1341742848408,1070.419901822353,1042.6700522144733,1039.0393673350293,1029.6874521766943,1070.2587144699437,1067.2729754252744,1103.2451524515272,1117.875111409999,1137.1378698413387,1120.7590794994233,1116.7626231188738,1104.569119479569,1110.306984921659,1123.3349397645668,1147.436949990648,1159.4614583953532,1150.3264544415617,1146.3253555554927,1139.009178658395,1135.415612607583,1137.8579056929063,1154.319297108393,1163.7851851851854
395044,533,"Rutland, VT",msa,VT,,,,,,,,,,,,,,,,,,,,,,,,,,,,,,,,,,,,,,,,,,,,,,,,,,,,,,,,,,,,,,,,,,,,,,,,,,,,,,,,,,,,,,,,,,,,,,,,,,,,,,,,,,,,,,,,,,,,,,,,,,,,,,1787.5
394509,534,"Crossville, TN",msa,TN,,,,,,,,,,,,,,,,,,,,,,,,,,,,,,,,,,,,,,,,,,,,,,,,,,,,,,,,,,,,,,,,,,,,,,,,,,,,,,,,,,,,,,,,,,,,,,,,,,,,,,,,,,,,,,,,,,,,,,,,,1690.0702628001063,1715.98682468088,1729.1143588900206,1741.7093060697264,1741.6017548025147,1711.6666666666667
845162,535,"Granbury, TX",msa,TX,,,,,,,,,,,,,,,1125.0328808699835,1123.90766130191,1131.3118109637524,1126.2327401438133,1129.5710505146967,1132.2026202626464,1138.0423270138622,1151.7766666158443,1163.6752993721882,1175.3382595194162,1170.1039838566212,1179.8831570043258,1197.8965909277542,1200.9923608331692,1200.2813813638822,1187.8677113075776,1201.8138081350653,1212.7521285855266,1225.0064273530093,1233.7734672321094,1220.3250168698123,1209.878596045414,1202.9318895549893,1218.9105944435053,1234.4582793043849,1256.5711105798093,1264.687300526155,1277.7517735250597,1265.055149832287,1271.774627284455,1276.3719685594049,1278.0703270848076,1281.9798296617544,1310.8296207455533,1330.5250178124766,1340.343986794303,1331.7108350305678,1326.686483407762,1332.5527075825664,1341.3952409882977,1354.7172342107701,1353.7179038993172,1352.212994346646,1352.0454307404289,1360.0410683632824,1345.9543631262184,1339.3840050652816,1324.5078292144215,1363.9873743748592,1362.0893449734285,1379.9381119150783,1390.1066040474939,1384.6750915596576,1378.380872273954,1374.5071271825327,1403.6398800411325,1420.6048210847014,1433.4040711834973,1433.3786962339739,1455.417603149348,1478.2546218099096,1502.883716703055,1509.267463874643,1490.085881245876,1509.4932516989238,1516.273422643944,1549.8715918818216,1534.1650367659468,1571.3823022308288,1590.1921908912843,1611.992623375062,1622.286491064309,1639.1100148754902,1655.1464535827045,1648.7587774285334,1660.86196746379,1669.0342099346547,1690.3938322430668,1722.565611696714,1749.8100740792065,1731.315121136092,1735.3002833553799,1724.4315498852222,1703.7309288933163,1663.393229489311,1663.8498957928875,1698.0319164322434,1732.0957571744798,1729.3279704836432,1737.7874161114275,1719.4342473445743,1730.1022479040587,1734.707475981643,1725.0752533859811,1725.3117451306657,1759.711614087688,1784.7877848464634,1804.9605100762803,1786.1037192115973,1786.033349100227,1796.9902144360963,1794.9673545533935,1801.9558362895425,1798.2901057718832,1809.523244993843,1824.2574518192546,1837.1628986133787,1828.0710468337945,1834.1336661054202,1822.7240738228418,1828.144481445368,1815.568181818182
395049,537,"Salina, KS",msa,KS,,,,,,,,,,,,,,,,,,,,,,,,,,,,,,,,,,,,,,,,,,,,,,,,,,,,,,,,,,,,,,,,,,,,,,,,,,,,,,,,,,,,,,,,,,,,,,,,,,,,,971.6294734994786,994.1477984505857,980.0904202465957,977.2886957796146,976.4720757738797,988.6620758605588,998.0667670402449,1018.2583073809187,1029.9154760423962,1025.0594597750455,1024.110419803891,1028.0448039709688,1046.1069577089495,1028.3473742284425,1045.3392519266772,1051.1143700739653,1056.51629034587,1056.746142811247,1061.4726856748875,1058.4621710100903,1054.0758270003544,1062.9163288820264,1074.312327930616,1074.760565963405,1064.5277625134922,1079.8809523809523
753903,538,"Marietta, OH",msa,OH,,,,,,,,,,,,,,,,,,,,,,,,,,,,,,,,,,,,,,,,,,,,,,,,,,,,,,,,,,,,,,,,,,,,,,,,,,,,,,,,,,,,,,,,,,,,,,,,,,,,,,,,,,,,,,,,,,,,,,,1180.483112248115,1198.1976597216533,1228.8796093724789,1227.9776466445855,1245.9401292292014,1257.1662936640555,1246.6061428360822,1255.5555555555554
394362,540,"Barre, VT",msa,VT,,,,,,,,,,,,,,,,,,,,,,,,,,,,,,,,,,,,,,,,,,,,,,,,,,,,,,,,,,,,,,,,,,,,,,,,,,,,,,,,,,,,,,,,,,,,,,,,,,,,,,,,,,,,,,,,,,,,,,,,,,,,1544.8284352944697,1525.8044638039669,1517.5
394939,542,"Oneonta, NY",msa,NY,,,,,,,,,,,,,,,,,,,,,,,,,,,,,,,,,,,,,,,,,,,,,,,,,,,,,,,,,,,,,,,,,,,,,,,,,,,,,,,,,,,,,,,,,,,,,,,,,,,,,,,,,,,,,,,,,1380.2060474125685,1391.9423781086728,1389.738380182291,1376.797338121395,1391.5070592851198,1401.4836142828715,1450.2098748344233,1433.8240194622929,1408.2658392619346,1391.964765576616,1368.137310471672,1369.2088424981773,1342.268656728141,1358.0833333333333
394490,543,"Columbus, MS",msa,MS,,,,,,,,,,,,,,,,,,,,,,,,,,,,,,,,,,,,,,,,,,,,,,,,,,,,,,,,,,,,,,,,,,,,,,,,,,,,,,,,,,,,,,,,,,,,,,,,,,,,,,,,1251.1623171430479,1256.2223858423354,1257.7389383026991,1243.8179258922894,1248.2795101491888,1274.9425124433742,1285.1562078170546,1304.5639079272833,1303.8997762657725,1324.2968366887533,1326.5052589262016,1330.1146161085844,1343.1301793895566,,1354.5078745987519,1364.0023059783573,1360.4810025704178,1361.3068331808229,1376.6960477319583,1384.4992216294047,1399.3029480264481,1386.7510861110181,1403.5
394336,546,"Ardmore, OK",msa,OK,,,,,,,,,,,,,,,,,,,,,,,,,,,,,,,,,,,,,,,,,,,,,,,,,,,,,,,,,,,,,,,,,,,,,,,,,,,,,,,,,,,,,,,,,,,,,,,,,,,,,,,,,,,,,,,,,1070.2315209018507,1071.0239298422043,1105.25705781635,1113.2005500809414,1134.2514939872353,1121.8197114006398,1147.5914773531258,1164.725850225899,1163.9236666455383,1143.8268341600483,1142.599981988585,1157.9521818493859,1166.5862237631713,1154.7619047619048
394456,549,"Charleston, IL",msa,IL,,,,,,,,,,,,,,,,,,,,,,,,,,,,,,,,,,,,,,,,,,,,,,,,,,,,,,,,,,,,,,,,,,,,,,,,,,,,,,,,,,,,,,,,,,,,,,,,,,,,,,,,,,,,,,,,,,,,,,,,,,,,971.1032854003813,978.8372823032081,988.388888888889
394592,550,"Fernley, NV",msa,NV,,,,,,,,,,,,,,,,,,,,,,,,,,,,,,,,,,,,,,,,,,,,,,,,,,,,,,,,,,,,,,,,,,,,,,,,,,1660.9517138779302,1645.0772908231643,1649.0981032981,1667.208165834343,1692.2534301053379,1714.6083981592897,1712.8019352726064,1712.7120952357948,1718.7745504421694,1743.8556118911758,1744.6337209118033,1759.5780836296508,1758.9548924534195,1786.386980442286,1799.2687761864588,1822.6116741872204,1813.6544087052666,1805.639709612079,1806.9419662252328,1804.215055893813,1808.999707666004,1792.9292860638764,1815.4066039179124,1819.5918213357688,1842.3034013811282,1852.8857756434074,1865.7872254750787,1871.7860928984092,1878.6354230742388,1889.7747355732513,1881.0869750067764,1882.8383131638107,1891.1111582588003,1914.4482764066258,1920.6255076585207,1922.8658460546455,1911.9762412101234,1902.1221175208918,1922.2938532337369,1940.9175323645486,1945.8007101838664,1954.6195031469517,1978.084654583807,1994.7257244917864,1999.6922030162011,1998.9905259322823,1995.94662335834,2002.4317900470514,2012.163934412388,2021.5552711347755,2007.6085629078107,1995.0116604528798,1998.2063492063492
394444,551,"Carson City, NV",msa,NV,,,,,,,,,,,,,,,,,,,,,,,,,,,,,,,,,,,,,,,,,,,,,,,,,,,,,,,,,,,,,,,,,,,,,,,,,,,,,,,,,,,,,,,,,,,,,,1750.5543148793647,1765.445469025698,1800.1505421652157,1811.9043212779686,1816.295084446654,1803.6119282770997,1808.668039863833,1828.0076129100005,1816.323856060976,1824.566657831709,1820.3035540493531,1864.4572546351646,1860.7250542248187,1862.569451868132,1842.1570547912163,1861.43176244904,1886.7918210431776,1891.924566470811,1870.6867264515163,1864.3811984623935,1875.0030449280898,1893.2995399185197,1903.7015505018926,1911.9678002750406,1920.2594592256323,1928.9359397910644,1942.8426794750128,1940.3453996889698,1934.5981097755453,1950.5622304443004,1974.9748121279497,1990.3835845374067,2002.125
394551,552,"Eagle Pass, TX",msa,TX,,,,,,,,,,,,,,,,,,,,,,,,,,,,,,,,,,,,,,,,,,,,,,,,,,,,,,,,,,,,,,,,,,,,,,,,,,,,,,,,,,,,,,,,,,,,,,,,,,,,,,,,,,,,,,,,,,,,,,1615.9134975052123,1583.6876253722687,1612.0477007367892,1623.4857222950568,1636.3381601884346,1590.6877710214815,1572.5300625909608,1537.503594448694,1544.8333333333333
394432,553,"Calhoun, GA",msa,GA,,,,,,,,,,,,,,,,,,,,,,,,,,,,,,,,,,,,,,,,,,,,,,,,,,,,,,,,,,,,,,,,,,,,,,,,,,,,,,,,,,,,,,,,,,,,,,,,,,,,,,,,,,,,,,,1584.1089836024353,,1591.4484444962625,1601.7494236564298,1605.0296405111205,,1659.7378386711678,1674.0499624821884,1644.9288328769892,1668.6352298442407,,,1755.0869077556615,1747.9683158570444,,1746.6666666666667
753877,554,"Cullowhee, NC",msa,NC,,,,,,,,,,,,,,,,,,,,,,,,,,,,,,,,,,,,,,,,,,,,,,,,,,,,,,,,,,,,,,,,,,,,,,,,,,,,,,,,,,,,,,,,,,,,,,,,,,,,,,,,,,,,1573.563120722786,1558.4802945512881,1514.4422975940392,,1511.0426885385114,1539.9932344338388,1560.349485412185,1528.991300836363,1538.8801756098148,1540.768597685054,1553.5396297043878,,1527.6271128681312,1554.9619713479703,1596.313398970802,1625.8000496519785,1633.0266606047576,1629.1618384205544,1628.3333333333333
394737,555,"Kearney, NE",msa,NE,,,,,,,,,,,,,,,,,,,,,,,,,,,,,,,,,,,,,,,,,,,,,,,,,,,,,,,,,,,,,,,,,,,,,,,,,,,,,,,,,,,,,,,,,,,,,,,,,,,,,,,,,,,,,,,,,,,,,,,,,,,1635.8423945347251,,1635.8523071962854,1650.0
394582,556,"Fairmont, WV",msa,WV,,,,,,,,,,,,,,,,,,,,,,,,,,,,,,,,,,,,,,,,,,,,,,,,,,,,,,,,,,,,,,,,,,,,,,,,,,,,,,,,,,,,,,,,,,,,,,,,,,,,,,,,,,,,,,,,,,,,,,,,,,,1115.6417722465467,1116.4169993033388,1113.8383667614437,1105.8333333333333
394940,557,"Ontario, OR",msa,OR,,,,,,,,,,,,,,,,,,,,,,,,,,,,,,,,,,,,,,,,,,,,,,,,,,,,,,,,,,,,,,,,,,,,,,,,,,,,,,,,,,,,,,,,,,,,,,,,,,,,,,,,,,,,,,,,,,,,,,,,,,,,,1489.596171606985,1480.0
394621,558,"Gaffney, SC",msa,SC,,,,,,,,,,,,,,,,,,,,,,,,,,,,,,,,,,,,,,,,,,,,,,,,,,,,,,,,,,,,,,,,,,,,,,,,,,,,,,,,,,,,,,,,,,,,,,,,,,,,,,,,,,,,,1033.8354047965704,1030.9586717296822,1046.7438056682677,1068.347241551235,1068.7675193729092,1047.4387566351702,1046.4194882928643,1050.5537182724988,1055.1727888967366,1042.2862239413955,,1056.4647863352413,1081.9524819092555,1094.6488957140468,1080.1887158181319,1085.720096766757,1088.7528518206868,1123.0555555555557
394411,561,"Branson, MO",msa,MO,,,,,,,,,,,,,,,,,,,,,,,,,,,,,,,,,,,,,,,,,,,,,,,,,,,,,,,,,,,,,,,,,,,,,,,,,,,,,,,,,,,,,,,,,,,,,,,,,,,,,1218.3540194020002,1217.6887516262416,1225.174497918429,1250.3772623533393,1266.883639532455,1262.4275165776041,1274.6103834787045,1290.6787612910014,1329.479710313758,1322.7625841156773,1313.6767405410646,1273.3797927189676,1297.2493793662509,1310.843066446924,1331.6126726188493,1328.352934384302,1312.6049853835164,1313.857565419202,1312.9287066274076,1332.7306126210829,1323.6115702599159,1331.224625328584,1336.5070838846773,1369.951912577092,1384.4469064908146,1393.563492063492
394446,562,"Cedar City, UT",msa,UT,,,,,,,,,,,,,,,,,,,,,,,,,,,,,,,,,,,,,,,,,,,,,,,,,,,,,,,,,,,,,,,,,,,,,,,,,,,,,,,,,,,,,,,1448.2916157964971,1462.9608072924104,1468.8528612391885,1475.329318450999,1448.495149847424,1457.8604738013237,1435.9241140876948,1453.0105094968028,1448.0221670134013,1460.3387847002382,1443.3631415527132,1441.8611237514065,1457.9076274061317,1473.1559786827358,1465.5078186986705,1455.4919699721816,1450.026549570115,1464.2128935884814,1472.873081633434,1489.4143123295878,1484.2977069350386,1497.920123414807,1526.320687583365,1539.9987175221095,1527.062968273514,1490.4293112706027,1494.9239056403972,1492.4815538071964,1508.640747876461,1500.6686234105343,1505.9402612072538,1494.5850415603215,1509.6931891539618,1499.3148907355658,1490.0346648131938,1484.3802971892687,1495.7913956962968,1524.8090363797855,1536.4338628472512,1555.2365967365968
395216,563,"Waycross, GA",msa,GA,,,,,,,,,,,,,,,,,,,,,,,,,,,,,,,,,,,,,,,,,,,,,,,,,,,,,,,,,,,,,,,,,,,,,,,,,,,,,,,,,,,,,,,,,,,,,,,,,,,,,,,,,,,,,,,,,,,,,,,,,,,,,,1072.9166666666665
394951,564,"Oxford, MS",msa,MS,,,,,,,,,,,,,,,,,,,,,,,,,,,,,,,,,,,,,,,,,,,,,,,,,,,,,,,,,,,,,,,,,,,,,,,,,,,,,,,,,,1380.3214457295248,1386.0429142961168,1390.6232327026034,1386.4832455555227,1384.5622591986125,1372.4907185768384,1375.184780830324,1374.8776489811678,1384.8418393056902,1419.1394487740063,1451.8537572797945,1506.3128460468924,1488.5348662768433,1491.8513541435684,1512.9635755996724,1542.3338272005792,1578.2680787700365,1585.5639351932412,1639.0153791988773,1681.4397061314064,1710.7384934683794,1710.3259311013828,1714.8958484726209,1709.466454061574,1722.4195943465315,1731.7049559816846,1719.0388074226285,1745.5631209916899,1794.664033886721,1866.5354612091014,1895.750587189633,1919.09184996497,1920.5006376460824,1949.2884307673646,1978.9659853670614,1999.7945789606658,2047.1484660157066,2089.280842932562,2138.2142412379544,2147.279581934483,2128.714050304166,2109.8427490030535,2095.395221819806,2091.40419289622,2108.4126984126983
394556,566,"Edwards, CO",msa,CO,,,,,,,,,,,,,,,,,,,,,,,,,,,,,,,,,,,,,,,,,,,,,,,,,,,,,,,,,,,,,,,,,,,,,,,,,,,,,,,,,,,,,,,,,,,,,,,,,3252.89663935205,3311.9280910905522,3315.887666603623,3421.2614528742647,3452.6619355906146,3458.603228238959,3483.8523353253026,3460.7224036325315,3501.930398809948,3525.5032614147567,3613.083056970789,3599.0448260657517,3631.547577283625,3644.7960507499743,3705.914520140223,3729.991057681745,3731.681170750593,3737.189761441373,3777.5808293446,3861.0760667821387,3898.6092841962495,3964.561554812663,3934.357358311107,3941.7696230981537,3959.510059932303,3957.828286944038,3977.0616174462243,3967.8929455259504,4013.2266680925745,4049.1904761904757
394547,567,"Durango, CO",msa,CO,,,,,,,,,,,,,,,,,,,,,,,,,,,,,,,,,,,,,,,,,,,,,,,,,,,,,,,,,,,,,,,,,,,,,,,,,1569.1275488952733,1572.3145848347378,1580.5692004176954,1619.2040434580717,1637.0149621113221,1672.6467290167425,1700.6607335086926,1737.1294367055134,1782.716667784351,1792.6150435620002,1785.0400416359757,1764.0524458076202,1782.8281066289971,1804.7122869530251,1847.1479197990122,1863.8679329223082,1898.5176326898381,1903.4340024301955,1907.6068224385558,1895.3284600490706,1894.618893094842,1917.8764324287156,1922.7866907384696,1946.960290549708,1944.4016669684154,1952.7985183634976,1931.4355710386928,1933.0634036287058,1940.6888643832772,1951.5018451343633,1964.5872194640633,1969.068814149578,1973.269565394364,1969.4867985895373,1965.9013386843108,1963.656933281104,1991.4076120329948,1995.5142957975193,2005.8753265136359,1989.644169772444,2001.6822099565402,2016.5403063376523,2019.66009213473,2034.8608572172104,2042.308859050172,2050.390099460792,2069.5498848180805,2080.8620120886217,2073.2567993490793,2078.323404486267,2088.0079175256133,2111.2702938278785,2105.9025239676566,2101.892611832612
394750,568,"Kinston, NC",msa,NC,,,,,,,,,,,,,,,,,,,,,,,,,,,,,,,,,,,,,,,,,,,,,,,,,,,,,,,,,,,,,,,,,,,,,,,,,,,,,,,,,,,,,,,,,,,,,,,,,,,,,,,,,,,,,,,,,,,,,,,,,,,,,,800.0
753920,569,"Sonora, CA",msa,CA,,,,,,,,,,,,,,,,,,,,,,,,,,,,,,,,,,,,,,,,,,,,,,,,,,,,,,,,,,,,,,,,,,,,,,,,,,,,,,,,,,,,,,,,,,,,,,,,,,,,,,,,,,,,,,,,,,,,,,,,,,,,,,1847.5
394366,571,"Batesville, AR",msa,AR,,,,,,,,,,,,,,,,,,,,,,,,,,,,,,,,,,,,,,,,,,,,,,,,,,,,,,,,,,,,,,,,,,,,,,,,,,,,,,,,,,,,,,,,,,,,,,,,,,,,,,,,,,,,,,,,,,,,,,,,,,,,,1043.2424231118407,1050.0
394566,573,"Elko, NV",msa,NV,,,,,,,,,,,,,,,,,,,,,,,,,,,,,,,,,,,,,,,,,,,,,,,,,,,,,,,,,,,,,,,,,,,,,,,,,,,,,,,,,,,,,,,,,,,,,,,,,,,,,,,,,,,,,,,,,,,,,,,,,,,,,,2000.0
394517,574,"Danville, KY",msa,KY,,,,,,,,,,,,,,,,,,,,,,,,,,,,,,,,,,,,,,,,,,,,,,,,,,,,,,,,,,,,,,,,,,,,,,,,,,,,,,,,,,,,,,,,,,,,,,,,,,,,,,,,,,,,,,,,,,,,,,,,,,,1182.1011143113376,1178.0288118444773,1213.602338283236,1241.6666666666667
395122,576,"St. Marys, GA",msa,GA,,,,,,,,,,,,,,,,,,,,,,,,,,,,,,,,,,,,,,,,,,,,,,,,,,,,,,,,,,,,,,,,,,,,,,,,,,,,,,,,,,,,,,,,,1422.4955473693858,1434.0461269421905,1431.059602141213,1437.6408391392226,1439.1854883686494,1456.131063829043,1466.9448480568144,1477.1403201221926,1498.8510185633577,1500.0356468417415,1494.9119694224416,1479.2439753581557,1476.9453001976547,1483.1572466948055,1497.739154773465,1517.7186325244174,1517.003431414249,1519.2142114327025,1501.5021059814494,1522.6742929051936,1530.1241103635152,1536.7674831642885,1533.5998245311284,1536.290376839405,1562.0450006237288,1574.645477496913,1576.8634868450795,1570.6958748366112,1574.7824214326986,1577.5671888743925,1599.8130728564718,1598.5134619812247,1600.5745335684048,1601.0070847697007,1612.1970994166043,1615.0735902464257,1602.8341527610223,1595.9265873015872
394402,577,"Boone, NC",msa,NC,,,,,,,,,,,,,,,,,,,,,,,,,,,,,,,,,,,,,,,,,,,,,,,,,,,,,,,,,,,,,,,,,,,,,,,,,,,,,,,,,,,,,,,,,,,,,,,,,,,,,,,,,,2255.7401518894144,2321.1276734917747,2303.4246854129024,2281.623917100249,2190.7035237586506,2182.0464585505924,2166.002244115564,2189.7663795403178,2195.5575629082978,2210.3943000127833,2250.5777154683205,2290.8107177482393,2290.3147937208637,2286.3687373890325,2310.856566503317,2348.7834919673555,2358.1941847980397,2328.256594364326,2353.407881005053,2366.480299411457,2414.0
395204,578,"Warrensburg, MO",msa,MO,,,,,,,,,,,,,,,,,,,,,,,,,,,,,,,,,,,,,606.4370987501038,607.7050445493327,610.1788652191352,614.9967321569858,614.6681784976467,614.6604114370186,610.902740333574,613.882678033811,613.7113990316286,612.6113637700169,608.0412111124213,613.8677778937109,620.0309646968117,626.8706197801324,629.1739108914661,629.7714627794637,631.6676221703211,632.8409568747987,637.3421909928898,638.8061939214141,638.9255235296009,641.9328562564424,646.764910427463,648.9487788461396,649.2127336326098,649.8865100278122,649.1854330725139,650.2694972636741,646.03758685263,650.837541581493,657.263514584874,665.409293244492,671.7993929899076,673.6909141890181,672.3243957213077,679.089790753669,682.1909693644936,683.5522434443162,689.5198543457487,700.971482147119,714.5186042305075,716.9712832934483,716.0712452777583,722.7785914903479,719.1393272932281,722.79185822311,726.3049166046046,732.4177130801584,737.7444695881876,743.7619983417821,751.9896902496793,756.4208905607121,757.5879017222346,762.6492299874509,762.6166824629587,763.2371499896103,775.7814281753792,784.6249544017447,794.611454799852,794.4221467534612,803.2354454847069,805.2883925232612,806.6114349905879,801.8457242496971,805.6611932678169,807.0880936961573,812.0376443119574,817.4074687459126,820.3751794636057,828.1465658051866,825.2837537404791,834.5607347178609,831.5744714077074,841.7793553181397,846.2080100232179,856.5511141343778,856.5609165839568,857.5238140567419,863.6858230560333,867.4493999898929,869.4112570723323,868.2582409539334,875.2828808342402,877.2746624161481,884.8685829255684,885.5911521281154,890.7991655096902,895.3538266653761,904.4308482023346,913.7626948215184
394604,580,"Fort Leonard Wood, MO",msa,MO,,,,,,,,,,,,,,,,,,,,,,,,,,,,,,,,,,,,,,,,,,,,,,,,,,,,,,,,,,,,,,,,,,,,,,,,,,,,,,,,,,,,,,,,,,,,,,,,,,,,1057.252206766003,1055.8191339347259,1054.1092160503679,1026.9487079732967,1028.1647239697884,1025.678579276771,1041.1186427096925,1046.0761330423431,1052.8525640241762,1039.9502814608331,1051.8264016840099,1066.1798824617474,1078.8296194814973,1082.1201457099314,1078.9966339010418,1097.6886255686102,1109.7174421381048,1115.6011111516686,1118.570512226292,1132.4720238490938,1143.3701295416286,1151.8687283934498,1148.8496861641763,1154.6535039132314,1159.7407411343684,1163.855946291244,1178.6999999999998
394562,582,"Elizabeth City, NC",msa,NC,,,,,,,,,,,,,,,,,,,,,,,,,,,,,,,,,,,,,,,,,,,,,,,,,,,,,,,,,,,,,,,,,,,,,,,,,,,,,,,,,,,,,,,,,,,1238.0529761322803,1281.6650574748687,1308.1846479743992,1301.5386221805222,1294.5320327833613,1312.7557103889171,1321.1707910333748,1317.2565471362286,1316.3857416125772,1337.4187680360096,1343.0129440581634,1358.4849712304647,1366.827355903579,1374.006101131202,1371.3467370200208,1367.5476069980937,1398.921974719413,1400.1331852447329,1399.0950954513335,1405.813200582099,1410.4278484821114,1412.5571240750555,1447.81460787199,1471.7877687388968,1473.4199872920317,1468.819220819557,1476.4923169869728,1505.6827847997956,1503.192970190584,1513.0447290420093,1528.2889747338384,1542.8758984583756,1560.0714276211006,1565.8680825997958,1548.3821430210796,1536.7619047619046
394967,583,"Payson, AZ",msa,AZ,,,,,,,,,,,,,,,,,,,,,,,,,,,,,,,,,,,,,,,,,,,,,,,,,,,,,,,,,,,,,,,,,,,,,,,,,,,,,,,,,,,,,,,,,,,,,,,,,,,,,,,,,,,,,,,,,,,,,,,,,,,,1892.4695351669989,1906.6852647397106,1857.0833333333333
394344,584,"Athens, TN",msa,TN,,,,,,,,,,,,,,,,,,,,,,,,,,,,,,,,,,,,,,,,,,,,,,,,,,,,,,,,,,,,,,,,,,,,,,,,,,,,,,,,,,,,,,,,,,,,,,,,,,,,,1052.6401475848245,1041.7861789018714,,1017.5307354814292,1014.6190714992171,1047.7702055386028,1062.5645778307908,1104.3357418703142,1104.7247589893914,1151.4175948416569,1114.9472878250203,1133.2684197628762,1090.2261869819022,1131.6797218679717,1132.8981995042984,1165.1715734342213,1178.0917062402489,1176.8117408621224,1173.6870607828898,1150.7495638941075,1162.59341401173,1178.768617328266,1214.9278294031872,1209.6061707723882,1204.5710525413162,1192.2222222222222
394571,585,"Enterprise, AL",msa,AL,773.835855255464,773.756014245761,769.4886274372376,769.5962269531507,772.6683337026559,774.6348660432483,777.5206057945696,776.6344188953841,777.1887075528022,778.6584772281306,781.9535195789765,782.2739033955517,780.3834985235297,781.3125787713793,784.593518457654,787.0350473985484,785.0856631029271,782.6969781888894,782.6750049200987,785.9561609710222,787.8973919475036,789.9130157591292,791.9899183245587,793.8309631567084,801.2180336712653,804.5086348885401,811.3426264524429,810.80834750312,811.6805702280187,810.4890692612568,808.2165696816411,808.4109014254832,809.634126968004,812.1884205015924,814.2921342525102,815.7197601969401,810.932810503368,808.4048227298223,809.261835489095,817.4783155688181,822.4755058707195,828.2457514789902,832.0243241467202,838.4764094402598,836.1821112367811,839.9886171888768,833.0280214914332,843.0796410611357,846.9252849850814,858.6320577380668,859.7789669996458,858.7806277009136,860.3206492375624,862.3066890396947,865.7543294639107,865.2362355520354,871.0899781606166,871.2910163063636,879.8085462460394,875.2097611756768,877.2378929643471,872.5087019908833,885.148664541391,896.9152869689741,907.6539677801427,907.1865944908168,920.288585941097,928.1555615119246,932.1685364966272,935.7550361298714,939.8904434226434,957.1778856653335,992.0058867906386,1012.4319456561485,1008.4940301494436,995.2584452632212,996.2910044493372,1011.3186110311414,1018.4306023772563,1029.6734409904261,1042.1877063674535,1060.0190307726932,1074.448043673023,1083.2703544545202,1089.4730094915847,1105.5459874201815,1131.5190316443015,1156.6221498094526,1166.0297093570557,1177.200153786376,1172.755380533069,1177.6120086130006,1177.0513217430932,1185.334563810962,1194.1132885345255,1194.0936443177713,1189.5404602431347,1188.446865688544,1206.5304064655381,1218.1538543925485,1235.3476310796684,1230.2761219903032,1245.1270949275129,1247.4565665904863,1250.731720635423,1253.199157335862,1249.019739293485,1254.016647296659,1251.8686940013467,1261.176292899301,1252.2225601556065,1255.2254074718826,1256.4926622984137,1266.93706223335,1270.8392415790677,1278.3966117132034,1287.264273909645,1290.4400015331746,1298.7771042232862,1304.6397567430508,1318.0139889447894,1318.615128194794,1322.268251046553,1320.2517332004884,1319.618017379731,1321.7075757575758
394339,586,"Ashland, OH",msa,OH,,,,,,,,,,,,,,,,,,,,,,,,,,,,,,,,,,,,,,,,,,,,,,,,,,,,,,,,,,,,,,,,,,,,,,,,,,,,,,,,,,,,,,,,,,,,,,,,,,,,,,,,,,,,,,,,,,,,818.3929774309809,810.1102271354713,814.7303599842572,821.3878795615029,839.7005249981893,845.6199445903038,849.1312105726896,855.8752814488596,862.082070092656,869.8740571108233,856.5277777777778
395073,587,"Scottsboro, AL",msa,AL,,,,,,,,,,,,,,,,,,,,,,,,,,,,,,,,,,,,,,,,,,,,,,,,,,,,,,,,,,,,,,,,,,,,,,,,,,,,,,,,,,,,,,,,,,,,,,,,,,,,,,,,,,,,,,,,,,,,,,,,,,,,,,1250.0
394861,588,"Milledgeville, GA",msa,GA,,,,,,,,,,,,,,,,,,,,,,,,,,,,,,,,,,,,,,,,,,,,,,,,,,,,,,,,,,,,,,,,,,,,,,,,,,,,,,,,,,,,,,,,,,,,,,,,,,,,,,,,,,,,,,,,,,,,1267.3204213249494,1294.981597675313,1301.9273396892686,1294.9167952822067,1288.0720475457997,1291.0748743511297,1288.5410080417394,1298.060897100138,1307.7591293533146,1317.2541942714026,1324.7619047619048
394742,589,"Kerrville, TX",msa,TX,,,,,,,,,,,,,,,,,,,,,,,,,,,,,,,,,,,,,,,,,,,,,,,,,,,,,,,,,,,,,,,,,,,,,,,,,,,,,,,,,,,,,,,,,,,,,,,,,,,1712.6567550014238,1729.4360222421617,1761.6367023642965,1777.2909902633544,1780.5897998773453,1772.7346949029372,1769.1378131706404,1766.2710812534467,1765.6740499401592,1743.0670407084967,1739.5545622071604,1788.6289243833792,1797.0861293996038,1790.7026300227362,1747.9148127991414,1756.190135330641,1761.8688674183536,1774.826108258404,1791.5765611334004,1804.706361959568,1812.7310005290533,1818.1206103289387,1826.40060883124,1801.528481494851,1788.7247688242574,1785.6584839083698,1803.7717694156588,1793.4722222222224
394363,590,"Bartlesville, OK",msa,OK,,,,,,,,,,,,,,,,,,,,,,,,,,,,,,,,,,,,,,,,,,,,,,,,,,,,,,,,,,,,,,,,,,,,,,,,,,,,,,,,,,,,,,,,,,,,,,,,,,1104.1205682398142,1126.2671898022986,1132.4809468179133,1137.1937403317438,1148.9871355458436,1151.5928516869035,1151.0394050862787,1147.8687875614964,1160.2429233488863,1159.1721830554902,1167.3828054582525,1166.9890441038006,1184.0285202693346,1198.4520702110274,1204.3910355982136,1196.1217129541808,1208.2259352626934,1217.2112122890403,1229.6296975004777,1237.7216810358645,1243.3074027287812,1255.9398124494376,1261.6969837951626,1268.7212448569742,1260.4687266364306,1255.0453324350503,1259.9722401940517,1276.1621906361604,1273.0166666666667
394503,592,"Corsicana, TX",msa,TX,,,,,,,,,,,,,,,,,,,,,,,,,,,,,,,,,,,,,,,,,,,,,,,,,,,,,,,,,,,,,,,,,,,,,,,,,,,,,,,,,,,,,,,,,,,,,,,,,1287.341165730465,1283.6583600378876,1298.1394803364478,1261.0950475674,1272.1077826611781,1258.3014547456373,1284.5113183474605,1288.1385594950993,1311.5097925385357,1312.8160479168607,1315.806603901792,1305.878223078589,1291.6634269758563,1278.7560437211282,1302.8418053182877,1329.13903776454,1346.8759270439623,1353.6147959402035,1345.4314095236118,1350.8042445383878,1339.1283962733373,1353.0450313338768,1357.7224406088899,1377.2767262141017,1376.7794123327399,1391.0850306089974,1373.6677127596122,1368.2958462373927,1352.8844678189323,1353.7777777777776
394625,600,"Galesburg, IL",msa,IL,,,,,,,,,,,,,,,,,,,,,,,,,,,,,,,,,,,,,,,,,,,,,,,,,,,,,,,,,,,,,,,,,,,,,,,,,,,,,,,,,,,,,,,,,,,,,,,,,,,,,,,,,,,,,,,,,,,,,,,,,,,,,,1200.0
394954,601,"Pahrump, NV",msa,NV,,,,,,,,,,,,,,,,,,,,,,,,,,,,,,,,,,,,,,,,,,,,,,,,,,,,,,,,,,,,,,,,,,,,,,,,,,,,,,,,,,,,,,,,,,,,,,,,1294.408416904,1293.3346820281986,1321.979167172735,1296.1059166050998,1273.2070783985153,1246.1044405148607,1257.100054661016,1262.862994078622,1264.7860559127619,1259.9021011116606,1266.1059332836394,1273.0394286100613,1304.4296863943587,1304.347115822045,1338.6473415171363,1346.9275869710473,1369.9584114460008,1364.5462594232433,1383.6989490800981,1386.4768681343035,1390.6878954759466,1393.0463232390557,1386.6142469380939,1388.8383220996168,1375.0348028688252,1394.0803100310777,1362.928579365493,1380.0640356356348,1386.8842297204355,1423.0897333589983,1415.4166666666667
394963,602,"Paris, TX",msa,TX,,,,,,,,,,,,,,,,,,,,,,,,,,,,,,,,,,,,,,,,,,,,,,,,,,,,,,,,,,,,,,,,,,,,,,,,,,,,,,,,,,,,,,,,,,,,,,,,,,,,,,,,,,,,,,,,,,,,,,,,,,,,,,1245.8333333333335
395234,603,"Winona, MN",msa,MN,,,,,,,,,,,,,,,,,,,,,,,,,,,,,,,,,,,,,,,,,,,,,,,,,,,,,,,,,,,,,,,,,,,,,,,,,,,,,,,,,,,,,,,,,,,887.2675730050674,908.551037775718,912.9247202755392,906.1396607507288,906.4973158487792,922.5709159325231,925.3390879527226,923.3183922565281,919.6339716872998,908.0318890723233,908.6375245269018,910.6681627057634,907.7501756517294,925.6125559172607,929.9879319843968,953.1082307561933,957.5054134161167,950.4707470413337,951.3915763089792,963.9883217520236,983.2583019095932,984.7340201719129,1016.8532978233777,1013.8599316610237,1017.6974058510407,1011.1503661806381,1015.5900408307307,1010.8153096923462,1016.6497301921473,1022.2045402075427,1026.3660539238385,1022.3301387094513,1018.3302633645172,1030.5834526652004,1010.6478135732011,1015.8333333333334
753905,604,"Newport, OR",msa,OR,,,,,,,,,,,,,,,,,,,,,,,,,,,,,,,,,,,,,,,,,,,,,,,,,,,,,,,,,,,,,,,,,,,,,,,,,,,,,,,,,,,,,,,,,,,,,,,,,,,,,,,,,,,,,,,,,1855.6502742234643,1855.3372610110189,1854.6540562648604,1867.28570506721,1881.0571633014476,1891.198618387616,1895.0504050481861,1929.283766915827,1895.8867849946907,1910.9386462801222,1937.6344924823668,1984.8684170342972,1983.4062561629032,1966.9444444444443
753911,608,"Ozark, AL",msa,AL,,,,,,,,,,,,,,,,,,,,,,,,,,,,,,,,,,,,,,,,,,,,,,,,,,,,,,,,,,,,,,,,,,,,,,,,,,,,,,,,,,,,,,,,,,,,,,,,,,,,1261.9545604775265,1285.5436378192164,1290.2486807498583,1292.288350234405,1299.0996396780483,1327.6419865240166,1395.4797647823182,1384.3094994050687,1331.1375829436836,1288.7373066888197,1313.5678215884175,1351.707070169555,1384.4877803684276,1401.3139962565176,1410.2715323706464,1433.7489685822356,1438.1903968499025,1433.1253778510252,1383.232977865289,1402.8608316229374,1446.4236275039057,1504.9803991603246,1502.9809906698522,1490.1593670865568,1478.7303107568757,1474.4257687567758,1482.0833333333333
394316,609,"Alice, TX",msa,TX,,,,,,,,,,,,,,,,,,,,,,,,,,,,,,,,,,,,,,,,,,,,,,,,,,,,,,,,,,,,,,,,,,,,,,,,,,,,,,,,,,,,,,,,,,,,,,,,,,,,,,,,,,,,,,,,,,,,,,,,,,,,,,999.0
394628,610,"Gardnerville Ranchos, NV",msa,NV,,,,,,,,,,,,,,,,,,,,,,,,,,,,,,,,,,,,,,,,,,,,,,,,,,,,,,,,,,,,,,,,,,,,,,,,,,,,,,,,,,,,,,,,,,,,,,,,,2351.416144408779,2349.0475194330675,2396.97548068016,2458.780276966885,2494.9968806062534,2416.7544467127823,2414.7514343785824,2421.294798290075,2423.8391672302996,2456.701073797906,2466.980222732894,2513.469783407304,2489.7241893427067,2466.879479503386,2419.590316030643,2402.0612393970737,2430.441477393399,2455.679962383488,2475.1714607268823,2466.7953475694444,2495.604299735368,2494.542376285387,2497.499747035356,2441.9162440545256,2474.494599897754,2517.575059653112,2539.6436611256654,2529.4853686433394,2507.9296121861485,2539.722222222222
394608,611,"Fort Polk South, LA",msa,LA,,,,,,,,,,,,,,,,,,,,,,,,,,,,,,,,,,,,,,,,,,,,,,,,,,,,,,,,,,,,,,,,,,,,,,,,,,,,,,,,,,,,,,,,,,,,,,,,,,,1069.755212197077,1078.8996300791637,1093.1272629449045,1113.4055974460723,1108.6721747949102,1113.0360986473006,1110.6692107863207,1119.5008272317523,1094.3276968640166,1122.1260150828507,1133.9960385807171,1141.1140921852566,1148.99643167134,1131.5750155505134,1145.088047412626,1135.7803084408115,1142.1382133189225,1151.4361348081075,1146.774309455619,1159.7287210026032,1189.9696215706247,1198.2284448900407,1193.6929190082292,1189.6760947964215,1190.1181491143107,1203.7745737317734,1193.5102262131045,1195.8333333333333
394437,612,"Ca-¦on City, CO",msa,CO,,,,,,,,,,,,,,,,,,,,,,,,,,,,,,,,,,,,,,,,,,,,,,,,,,,,,,,,,,,,,,,,,,,,,,,,,,,,,,,,,,,,,,,,,,,,,,,,,,,,,,,,,,,,,,,,,,,,,,,,,1587.0335964398241,1561.39212911377,1562.1247464228863,1565.1904826809593,1593.562261933906,1578.3333333333333
394906,614,"New Castle, IN",msa,IN,,,,,,,,,,,,,,,,,,,,,,,,,,,,,,,,,,,,,,,,,,,,,,,,,,,,,,,,,,,,,,,,,,,,,,,,,,,,,,,,,,,,,,,,,,,,,,,,,,,,,,,,,,,,,,,,,,,,,,,,,822.5589710023095,837.7274554258655,831.1360228420326,833.6774026497311,853.2967193574963,855.8333333333334
394478,615,"Clovis, NM",msa,NM,,,,,,,,,,,,,,,,,,,,,,,,,,,,,,,,,,,,,,,,,,,,,,,,,,,,,,,,,,,,,,,,,,,,,,,,,,,,,,,,,,,,,1059.1329553712822,1053.0885196867243,,1066.7481020540454,1073.1438031101331,1077.2233217546302,1092.4967482209584,1093.4545020087642,1089.883044157767,1093.116987006465,1096.5253675044141,1117.7515560778745,1116.1335454203909,1131.717435084488,1134.106982815198,1144.7855809979528,1148.7434571342676,1138.4733695723066,1137.9298245830619,1141.8947912190924,1157.5369898238878,1168.7306706603883,1174.857423900293,1175.8036281758855,1176.7885796833577,1181.683794418395,1188.190613684235,1192.0008200388656,1190.5308206678972,1200.1535806340016,1203.5882490569727,1206.5716058263724,1204.0926893791366,1202.2738345091188,1200.9502539029336,1200.1243383261458,1209.2834217091863,1209.5450681480713,1211.7448156579878,1213.1997285330808,1221.18329999267,1227.316287878788
394919,616,"Norfolk, NE",msa,NE,,,,,,,,,,,,,,,,,,,,,,,,,,,,,,,,,,,,,,,,,,,,,,,,,,,,,,,,,,,,,,,,,,,,,,,,,,,,,,,,,,,,,,,,,,,,,,,,,,,,,,,,,,,,,,,,,,,,,,,,,993.4604071339279,,1002.7006475477011,1009.0448872081121,1008.2055208647405,1018.6111111111112
395043,618,"Ruston, LA",msa,LA,,,,,,,,,,,,,,,,,,,,,,,,,,,,,,,,,,,,,,,,,,,,,,,,,,,,,,,,,,,,,,,,,,,,,,,,,,,,1056.0986482920814,1058.4138898842612,1058.962236733397,1054.8251605436135,1064.017871442335,1085.2554632221568,1102.3424698578858,1119.372084944659,,1105.0570246114723,1094.6437894619114,1111.698664281584,1109.9329700026815,1119.7238327991415,1124.1794446883648,1140.0477465408421,1145.077156301822,1136.6739120114087,1132.2954329933375,1134.726290228862,1155.7454764943054,1160.6366479688845,1162.8842845667866,1160.3996105333313,1176.504590555849,1189.06119780135,1189.1612712826293,1180.9120274630968,1179.6117528595319,1186.1714262937169,1182.7203531442592,1191.2101414457966,1200.2624267459014,1211.0577100125797,1211.5767177511095,1206.923794435261,1202.137166222682,1198.5227043707907,1201.328627283286,1209.156460311996,1214.647575805244,1218.1283574885438,1228.4324711292134,1226.9674065252393,1222.9635965602824,1221.7512183839513,1232.3594973133554,1244.0531360275672,1251.9478814541378,1258.6332582591735,1268.1531954887216
395008,620,"Pullman, WA",msa,WA,,,,,,,,,,,,,,,,,,,,,,,,,,,,,,,,,,,,,,,,,,,,,,,,,,,,,,,,,,,,,,,,,,,,,,,,,,,,,,,,,,,,,,,,,,,,1279.5323697062104,1232.1535212986464,1235.8458949580668,1256.3135141793523,1295.0826838423743,1321.7809439925957,1330.5849301205258,1323.9301877066782,1324.8135329840584,1343.3208852753803,1330.5497728831888,1323.4600490877351,,1323.5322364755266,1332.0463749448563,1320.9192425702477,1315.0674968583974,1318.2702724512988,1348.2177312835572,1356.0565316432705,1367.6077181482426,1357.0890044151577,1354.6219766588447,1370.3885819541524,1397.9404136645978,1399.7917005593245,1402.010880407249,1407.0295417533114,1412.7783537748116,1409.4471634928852,1395.46410202579,1400.6448112125092,1398.6658842794009,1405.5608339912728,1415.6190476190477
394527,622,"Del Rio, TX",msa,TX,,,,,,,,,,,,,,,,,,,,,,,,,,,,,,,,,,,,,,,,,,,,,,,,,,,,,,,,,,,,,,,,,,,,,,,,,,,,,,,,,,,,,,,,,,,,,,,,,,,,,,,,,,,,,,,,,,,,,,,,,1731.4848709811401,,1794.6595070748988,1840.1857431853518,1846.1038324535186,1850.0
394391,623,"Blackfoot, ID",msa,ID,,,,,,,,,,,,,,,,,,,,,,,,,,,,,,,,,,,,,,,,,,,,,,,,,,,,,,,,,,,,,,,,,,,,,,,,,,,,,,,,,,,,,,,,,,,,,,,,,,,,,,,,,,,,,,,,,1049.598743621807,1060.0379156963459,1068.9443435966834,1076.176780028272,1090.4838391596004,1093.154862938899,1107.2680226921198,1114.1107282156536,1116.0226947830974,1105.2532842791557,1101.6129850791751,1115.8080282134072,1124.2120288569647,1121.861111111111
395017,624,"Red Wing, MN",msa,MN,,,,,,,,,,,,,,,,,,,,,,,,,,,,,,,,,,,,,,,,,,,,,,,,,,,,,,,,,,,,,,,,,,,,,,,,,,,,,,,,,,,,,,,,,,,,,,,,,,,,,,,,,,,,,,,,,,,,,,,,,1221.2540352766819,1197.7762983268926,1225.099410709655,1233.2347488579603,1315.756548533568,1341.6666666666667
394918,625,"Nogales, AZ",msa,AZ,,,,,,,,,,,,,,,,,,,,,,,,,,,,,,,,,,,,,,,,,,,,,,,,,,,,,,,,,,,,,,,,,,,,,,,,,,,,,,,,,,,,,,,,,,,,,,,,,,,,,,,,,,,,,,,,,,,,,,,,,,,1678.728239291973,1699.1600911290395,1697.7298455622583,1700.0
395144,626,"Tahlequah, OK",msa,OK,,,,,,,,,,,,,,,,,,,,,,,,,,,,,,,,,,,,,,,,,,,,,,,,,,,,,,,,,,,,,,,,,,,,,,,,,,,,,,,,,,,,,,,,,,,,,,,,,,,,,,,,,,,,,,,,,,,,,,,,,,,,,1088.8301129500387,1068.75
394739,627,"Kendallville, IN",msa,IN,,,,,,,,,,,,,,,,,,,,,,,,,,,,,,,,,,,,,,,,,,,,,,,,,,,,,,,,,,,,,,,,,,,,,,,,,,,,,,,,,,,,,,,,,,,,,,,,,,,,,,,,,,,,,,,,,,,,,,,,,,,,,,900.0
394876,628,"Montrose, CO",msa,CO,,,,,,,,,,,,,,,,,,,,,,,,,,,,,,,,,,,,,,,,,,,,,,,,,,,,,,,,,,,,,,,,,,,,,,,,,,,,,,,,,,,,,,,,,,,,,,,,,,,,1587.0751322191861,1578.3792984450217,1571.6607594920063,1582.360318066333,1602.114620800372,1625.4719422885908,1628.394595642465,1648.1779230342931,1654.6261384302281,1690.6883775570204,1706.821914126504,1708.9980153785332,1700.1199374525934,1709.8969452592103,1724.878454191641,1727.2167822886345,1720.17313942139,1715.5822423088578,1721.6141587668278,1724.8443115221876,1744.7092204296569,1728.666879246211,1724.8449435596299,1726.8920717909261,1749.268607627081,1763.9861721847653,1764.9305555555557
394504,629,"Cortland, NY",msa,NY,,,,,,,,,,,,,,,,,,,,,,,,,,,,,,,,,,,,,,,,,,,,,,,,,,,,,,,,,,,,,,,,,,,,,,,,,,,,,,,,,,,,,,,,,,,,,,,,,,1073.6459822583731,1073.4316013956266,1081.933336387311,1122.7841935935708,1154.8101346243006,1163.6730867705028,1185.5294949531594,1182.416998954765,1186.2148929104528,1225.4871009697363,1227.771355557716,1267.3788944500918,1255.8812258337975,1299.4711289583795,1281.0982983553786,1254.39747473358,1211.9264573280275,1226.5881442962918,1223.0898871291652,1240.5462322982967,1250.4712138075336,1254.0385549704092,1263.3857571150413,1250.7659933767593,1285.6176093807342,1272.255235820747,1299.1299071937524,1313.1482807951134,1354.7539682539682
753916,632,"Sandpoint, ID",msa,ID,,,,,,,,,,,,,,,,,,,,,,,,,,,,,,,,,,,,,,,,,,,,,,,,,,,,,,,,,,,,,,,,,,,,,,,,,,,,,,,,,,,,,,,,,,,,,,,,,,,,,,,,,,,,,,,,,,,,,,,,,,,2157.630604576418,2116.930270074321,2116.7494557439213,2094.523809523809
753865,633,"Bardstown, KY",msa,KY,,,,,,,,,,,,,,,,,,,,,,,,,,,,,,,,,,,,,,,,,,,,,,,,,,,,,,,,,,,,,,,,,,,,,,,,,,,,,,,,,,,,,,,,,,,,,,,,,,,,,,,,,,,,,,,,,,,,,,,,,,,,,,981.25
394379,637,"Bemidji, MN",msa,MN,,,,,,,,,,,,,,,,,,,,,,,,,,,,,,,,,,,,,,,,,,,,,,,,,,,,,,,,,,,,,,,,,,,,,,,,,,,,,,,,,,,,,,,,,,,,,,,,,,,,,,,,,,,,,,,,,,,,,,,,,1333.9039082179295,1356.3671428211335,1405.731253764094,1404.2127618097693,1440.8728140466394,1446.388888888889
394548,641,"Durant, OK",msa,OK,,,,,,,,,,,,,,,,,,,,,,,,,,,,,,,,,,,,,,,,,,,,,,,,,,,,,,,,,,,,,,,,,,,,,,,,,,,,,,,,,,,,,,,,,,,,,,,,,,,,,,,,,,,,,,,,,,,,,,,,,,1520.7204380453584,1510.4306673916724,1530.2110494761587,1520.8333488210565,1547.777777777778
395155,646,"Thomasville, GA",msa,GA,,,,,,,,,,,,,,,,,,,,,,,,,,,,,,,,,,,,,,,,,,,,,,,,,,,,,,,,,,,,,,,,,,,,,,,,,,,,,,,,,,,,,,,,,,,,,,,,,,,,,,,,,,,,,,,,1516.4258324106743,1529.1774925452578,1548.1717889995368,1560.120712385513,1587.9778587564804,1610.9318271909779,1632.9167259298956,1617.591819213277,1639.5042803005394,1618.2072209238647,1637.2211279913524,1635.2216887702432,,1664.3758456841065,1656.388888888889
394961,647,"Paragould, AR",msa,AR,,,,,,,,,,,,,,,,,,,,,,,,,,,,,,,,,,,,,,,,,,,,,,,,,,,,,,,,,,,,,,,,,,,,,,,,,,,,,,,,,,,,,,,,,,,,,,,,,,,,,,,,,,,,,,,,,,,,,,,,,,,,,,1172.5
394850,651,"Menomonie, WI",msa,WI,,,,,,,,,,,,,,,,,,,,,,,,,,,,,,,,,,,,,,,,,,,,,,,,,,,,,,,,,,,,,,,,,,,,,,,,,,,,,,,,,,,,,,,,,,,,,,,,,919.6948206225486,916.4522761899894,947.9876173730969,948.4554743448286,945.5740203820643,939.6014872192386,931.4953235469344,951.3764436002072,953.1994427145335,977.3959771730601,970.8059651268521,974.594704055447,970.02264330488,971.9938852559187,972.0901738080419,980.5160829252349,990.5379422074909,997.8219067821872,1009.4492341513953,999.5684676861878,1005.2943597028044,996.4697301434956,1008.4420615114619,1019.5204156003082,1026.1227538019587,1035.634863270079,1028.4153892266056,1031.8972571919967,1035.1206567986371,1044.2222222222222
395189,653,"Vicksburg, MS",msa,MS,,,,,,,,,,,,,,,,,,,,,,,,,,,,,,,,,,,,,,,,,,,,,,,,,,,,,,,,,,,,,,,,,,,,,,,,,,,,,,,,,,,,,,,,,,,,,,,,,,,,,,,,,,,,,,,,,,,,,,,,,,,,,,877.5
394616,657,"Freeport, IL",msa,IL,,,,,,,,,,,,,,,,,,,,,,,,,,,,,,,,,,,,,,,,,,,,,,,,,,,,,,,,,,,,,,,,,,,,,,,,,,,,,,,,,,,,,,,,,,,,,,,,,,,,,,,,,,,,,,,,,,812.8756321705018,842.8211643563409,841.5267318985377,849.342792949717,863.8241112214049,872.7534568478,888.7896074603663,892.3772473760965,897.1876291163209,897.941648470339,,864.5029060767564,874.7222222222222
395037,659,"Rolla, MO",msa,MO,,,,,,,,,,,,,,,,,,,,,,,,,,,,,,,,,,,,,,,,,,,,,,,,,,,,,,,,,,,,,,,,,,,,,,,,,,,,,,,,,,,,,,,,,,,,,,,,,,624.2500792536131,629.2013749898234,644.361718864867,,645.2356307519433,656.3909831408406,648.185555941051,657.3196118616271,641.1320172050384,653.7283393704774,664.9040393478471,680.972894990279,682.7730236822396,676.0998650494084,672.6795941387677,672.5899020079582,674.8689088914215,674.6370903631304,685.8552153604676,695.6492832496848,710.5607899703439,703.742975603106,700.9460349265216,701.0716245226137,703.5201829074211,711.7342005077571,713.8165594024703,721.7591927517252,725.3964646464647
394567,663,"Ellensburg, WA",msa,WA,,,,,,,,,,,,,,,,,,,,,,,,,,,,,,,,,,,,,,,,,,,,,,,,,,,,,,,,,,,,,,,,,,,,,,,,,,,,,,,,,,,,,,,1678.8231563779023,1710.4008760340225,1724.037010871579,1720.114946531826,1707.945113107831,1721.5498604577926,1748.3050092629203,1756.291858161447,1721.1800820392384,1735.4934845159137,1745.751353038232,1783.8527156204743,1761.943943413468,1755.255216883631,1769.2577402002355,1789.216760632544,1803.1448931291472,1811.6584820085138,1787.7272318664923,1781.2212970398296,1763.5695225101858,1782.2500632497413,1805.0041861356747,1814.1604541520883,1818.4340624473498,1806.9644294091722,1816.9875300076073,1827.3361138514556,1832.9159686445635,1833.2716876383408,1845.8549573811686,1859.776421536918,1895.2814319724837,1889.4595349498709,1875.0169611508861,1863.0480539463504,1867.2826942161778,1881.144504807032,1870.201782438664,1859.484126984127
394990,664,"Ponca City, OK",msa,OK,,,,,,,,,,,,,,,,,,,,,,,,,,,,,,,,,,,,,,,,,,,,,,,,,,,,,,,,,,,,,,,,,,,,,,,,,,,,,,,,,,,,,,,,,,,,,,,,,,,,,,,,,,,,,,,,,,,,,,,,,,,765.9482946391926,787.5693345762362,772.0197699624347,747.7777777777778
394785,671,"Lewisburg, PA",msa,PA,,,,,,,,,,,,,,,,,,,,,,,,,,,,,,,,,,,,,,,,,,,,,,,,,,,,,,,,,,,,,,,,,,,,,,,,,,,,,,,,,,,,,,,,,,,,,,,,,,,,,,,,,,,,,,,,,,,,,,,,,,,1508.025574405916,1471.7223283194758,1501.0493757154068,1528.888888888889
395081,674,"Sedalia, MO",msa,MO,,,,,,,,,,,,,,,,,,,,,,,,,,,,,,,,,,,,,,,,,,,,,,,,,,,,,,,,,,,,,,,,,,,,,,,,,,,,,,,,,,,,,,,,,,,,,,,,,,,,,,,,,,,,,,,,,,,,,,,,,,,1071.0168465643442,1123.1219720155316,1150.7643276321367,1158.3333333333333
394448,675,"Cedartown, GA",msa,GA,,,,,,,,,,,,,,,,,,,,,,,,,,,,,,,,,,,,,,,,,,,,,,,,,,,,,,,,,,,,,,,,,,,,,,,,,,,,,,,,,,,,,,,,,,,,,,,,,,,,,,,,,,,,,,,,,,,,,,,,,,,,1306.407964587916,1427.0491415965403,1430.0
394677,676,"Henderson, NC",msa,NC,,,,,,,,,,,,,,,,,,,,,,,,,,,,,,,,,,,,,,,,,,,,,,,,,,,,,,,,,,,,,,,,,,,,,,,,,,,,,,,,,,,,,,,,,,,,,,,,,,,,,,,,,,,,,,,,,,,,,,,,,,,,1095.8702378630849,1089.5584018019083,1085.5
395032,678,"Rock Springs, WY",msa,WY,,,,,,,,,,,,,,,,,,,,,,,,,,,,,,,,,,,,,,,,,,,,,,,,,,,,,,,,,,,,,,,,,939.2498239647583,926.4602466722924,,938.2622971900064,940.8064277790008,940.2368033732962,927.1346318175003,929.1887029020389,920.5928903759793,923.0591498585321,927.7193363943268,954.0688363270095,968.1666042210486,989.9588150037202,1002.6725147090802,1014.6814806248582,1017.8040490441155,1018.3693334231801,1029.341261302687,1043.9814383005898,1075.8042610761654,1092.4413402174114,1112.7839157662988,1105.1240654492863,1111.348830284224,1117.26314103537,1134.6627071471396,1149.2535905073669,1170.4008995392749,1174.6161581348465,1187.034849346645,1188.257599072607,1200.8192402752666,1193.1041636661014,,1189.361120086414,1191.3995327555344,1202.441335719039,1192.1237091350192,1190.9311033812326,1205.4214185798578,1215.601088283534,1213.6793518247232,1211.314382251115,1184.4547684426072,1196.377104935502,1165.1412753644934,1183.9009403857403,1210.9886854907825,1234.7861798828314,1247.2416316315778,1253.9005390109965,1247.2210280019895,1253.003354819505,1262.08383395814,1275.6980955914214,1299.2762696859531,1305.0614092405776,1344.7130780793832,1342.5036316068376,1331.0489270622406,1317.6222222222223
395129,680,"Stephenville, TX",msa,TX,,,,,,,,,,,,,,,,,,,,,,,,,,,,,,,,,,,,,,,,,,,,,,,,,,,,,,,,,,,,,,,,,,,,,,,,,,,,,,,,,,,,,,,,,,,,,,,,,,,1119.365774190919,1147.3179999850456,1154.0092458405284,1162.6061841872797,1159.8452639255156,1171.6871889885808,1166.3902561401258,1159.7161175590018,1144.5598868747222,1163.3687130262665,1163.7903134738733,1177.2065058235669,1171.2063172384946,1192.748501150972,1193.8446184323343,1213.616770479349,1216.7871651274581,1222.831640916293,1235.8272941626585,1245.0221079995401,1258.3502108648145,1256.9278441623271,1271.1074139642078,1254.3979875778425,1249.8120955819304,1228.294254146204,1228.114811429551,1211.5415140415141
394558,685,"El Campo, TX",msa,TX,,,,,,,,,,,,,,,,,,,,,,,,,,,,,,,,,,,,,,,,,,,,,,,,,,,,,,,,,,,,,,,,,,,,,,,,,,,,,,,,,,,,,,,,,,,,,,,,,,,,,,,,,,,,,,,,,,,,,,,,,1322.8190873301292,1344.275966418392,1359.903243756085,1399.0730108683813,1393.2098554842491,1416.6666666666667
394891,686,"Mountain Home, AR",msa,AR,,,,,,,,,,,,,,,,,,,,,,,,,,,,,,,,,,,,,,,,,,,,,,,,,,,,,,,,,,,,,,,,,,,,,,,,,,,,,,,,,,,,,,,,,,,,,,,,,,,,,,,,,,,,,,,,,,,,,,,,,,,,,1207.2130964089827,1250.0
394624,687,"Gainesville, TX",msa,TX,,,,,,,,,,,,,,,,,,,,,,,,,,,,,,,,,,,,,,,,,,,,,,,,,,,,,,,,,,,,,,,,,,,,,,,,,,,,,,,,,,,,,,,,,,,,,,,,,,,,,,,,,,,,,,,,,,,,,,,,,1714.3583035841316,1714.1612933764006,1734.636148474377,1727.3677681542097,1742.047888569835,1718.0555555555557
394341,691,"Astoria, OR",msa,OR,,,,,,,,,,,,,,,,,,,,,,,,,,,,,,,,,,,,,,,,,,,,,,,,,,,,,,,,,,,,,,,,,,,,,,,,,,,,,,,,,,,,,,,,,,,,,,,,,,,,,1520.7933061387168,1538.1402971410241,1533.7783315409288,1518.2835027556957,1503.344932932765,1477.6839171141323,1487.9771033410645,1492.573924009414,1521.4328878602441,1562.3598759544536,1565.3377922018974,1582.252590165032,1569.0502830692294,1545.2365083268523,1552.2370939141695,1569.76455520569,1584.363355389203,1608.651388642113,1605.8779701311707,1627.9395797464763,1617.9975060865556,1603.844622317835,1606.9916620273257,1618.0997518942806,1635.198323708241,1671.4722222222224
394833,696,"Marshalltown, IA",msa,IA,,,,,,,,,,,,,,,,,,,,,,,,,,,,,,,,,,,,,,,,,,,,,,,,,,,,,,,,,,,,,,,,,,,,,,,,,,,,,,,,,,,,,,,,,,,,,,,,,,,,,,,,,,,,,,,,,,,,,,,,,1035.1499795640248,1045.9923526734146,1052.1840588855002,1065.8594533695637,1094.9048136656957,1081.6666666666667
394354,698,"Austin, MN",msa,MN,,,,,,,,,,,,,,,,,,,,,,,,,,,,,,,,,,,,,,,,,,,,,,,,,,,,,,,,,,,,,,,,,,,,,,,,,,,,,,,,,,,,,,,,,,,,,,,,,831.8496426109382,837.5977949126772,843.3861666865021,832.7233531071688,849.1795653728203,868.5349615551683,883.7522726322396,887.6056083851794,878.863517282009,904.892461531231,906.2596260306863,926.2196603375611,905.613373852408,907.9007779324631,912.3206831144917,936.896198837879,951.9254353802014,960.9862281021128,967.6859520107869,979.4952946668328,990.0180341320793,981.4435745514435,992.1656651469502,,1024.5402443168343,1029.8114564660336,1033.385581129333,1025.9128034364326,1012.8116552946042,1005.0
395082,699,"Selinsgrove, PA",msa,PA,,,,,,,,,,,,,,,,,,,,,,,,,,,,,,,,,,,,,,,,,,,,,,,,,,,,,,,,,,,,,,,,,,,,,,,,,,,,,,,,,,,,,,,,,,,,,,,,,,,,,,,,,,,,,,,,,,,,,,,,,,,,,,1160.0
394690,702,"Houghton, MI",msa,MI,,,,,,,,,,,,,,,,,,,,,,,,,,,,,,,,,,,,,,,,,,,,,,,,,,,,,,,,,,,,,,,,,,,,,,,,,,,,,,,,,,,,,,,,,,,,,,,,,,,,,,,,,,,,,,,,,,,,,,,,,,,,,,1927.5
394881,703,"Moscow, ID",msa,ID,,,,,,,,,,,,,,,,,,,,,,,,,,,,,,,,,,,,,,,,,,,,,,,,,,,,,,,,,,,,,,,,,,,,,,,,,,,,,,,,,,,,,,,,,,,,,,,,,,,,,,,,,,,,,1098.3459464701136,1107.6277896728557,1094.473880462293,1095.6226816123135,1119.1080313263685,1092.3856604909633,1067.077239576282,1084.530727307565,1104.6027880125928,1104.4125119824484,1125.2866073955154,1123.260487100217,1132.2907772257722,1144.3669952307207,1169.8046698126877,1190.0519241389652,1173.4846880994655,1217.2222222222222
395026,705,"Riverton, WY",msa,WY,,,,,,,,,,,,,,,,,,,,,,,,,,,,,,,,,,,,,,,,,,,,,,,,,,,,,,,,,,,,,,,,,,,,,,,,,,,,,,,,,,,,,,,,,,,,,,,,,,,,,,,,,,,,,,,963.7945865458232,955.0459237656434,979.0566201987588,969.1916590231536,975.1025139916568,974.3679853564037,972.3267580406606,983.7737196395123,990.468595634798,1010.8520198618947,1001.9824001440662,1019.8201686597382,1010.5743112568181,1022.7074317648011,1016.3166441371761,1030.5555555555557
394981,708,"Pittsburg, KS",msa,KS,,,,,,,,,,,,,,,,,,,,,,,,,,,,,,,,,,,,,,,,,,,,,,,,,,,,,,,,,,,,,,,,,,,,,,,,,,,,,,,,,,,,,,,,,,,,,,,,,,,,,880.4369513566161,837.6123818686413,836.5514631134253,832.6362213095928,839.5721699047198,838.851559331033,842.0651239308643,835.4418703577421,844.1886752753209,855.7738923323546,867.7076451255649,864.3077665361959,876.3537238522423,880.2918063057715,900.0383804425257,905.576627207863,910.2325384573633,903.7160257995629,904.3917167978565,908.7873155295609,917.6448579153414,920.5136576493175,910.0620638541599,909.2439569616309,912.1701705963715,931.6666666666666
395227,715,"Williston, ND",msa,ND,,,,,,,,,,,,,,,,,,,,,,,,,,,,,,,,,,,,,,,,,,,,,,,,,,,,,,,,,,,,,,,,,,,,,,,819.1318501099662,810.2522177812472,802.6503754767875,810.3487732633736,813.903983603684,819.641649015441,812.8971945761657,828.6458877289433,829.5990380216613,841.9836741773161,845.0942109985328,851.2910186229601,865.3056548619919,875.763458814831,885.6434802023913,877.6287131330414,866.4473431248425,858.2180327113883,868.603273325866,871.1414861067036,887.0210117421921,887.7602480842753,902.510096547393,915.9846887588641,937.2562033288226,945.2859895365981,951.931134333324,959.7454141091016,974.211143217401,995.5342293792021,1019.4370681664592,1044.9294114628847,1066.5987897933635,1088.8815616085785,1110.6707246989479,1132.7874643529126,1139.746958413233,1159.163235713596,1168.662213273332,1192.2197495121761,1205.7190819959346,1211.8439727097564,1216.2261151424675,1214.8326599717602,1213.647892964978,1219.9044975328957,1220.8664769520296,1222.1591510224223,1229.5768046851044,1235.8290456533132,1250.9926356090016,1258.303731080471,1270.568903225749,1283.6544508905445,1292.1940822914155,1306.0351766513056
394300,720,"Ada, OK",msa,OK,,,,,,,,,,,,,,,,,,,,,,,,,,,,,,,,,,,,,,,,,,,,,,,,,,,,,,,,,,,,,,,,,,,,,,,,,,,,,,,,,,,,,,,,,,,,885.5650293758287,867.144278771156,869.7112036686414,,885.2515261221397,885.5643176512499,913.0468087127546,902.9388788319781,903.9059049330218,908.147532631179,917.8959868289244,933.8293223985573,937.7345789630629,937.0696159390473,928.2982947879883,934.278900037813,936.1077843792343,932.0781703963263,947.0824523815864,969.1002976284979,984.3850485642952,976.4988041714573,972.7525706466763,970.4098076775668,986.1374511450663,999.7022063881503,1014.464978771666,1017.3198594328989,1012.1273928041709,1016.1994986299696,1002.8037909561216,997.2992896898371,994.9762310702735,1004.0266797663606,1009.0277777777777
394422,721,"Brownwood, TX",msa,TX,,,,,,,,,,,,,,,,,,,,,,,,,,,,,,,,,,,,,,,,,,,,,,,,,,,,,,,,,,,,,,,,,,,,,,,,,,,,,,,,,,,,,,,,,,,,,,,,,,,,,,,,,,,,,,,,,,,,,,,,,,,,,,1200.0
394507,722,"Crawfordsville, IN",msa,IN,,,,,,,,,,,,,,,,,,,,,,,,,,,,,,,,,,,,,,,,,,,,,,,,,,,,,,,,,,,,,,,,,,,,,,,,,,,,,,,,,,,,,,,,,,,,,,,,,,,,,,,,,,,,,,861.2940519805759,869.6086129100396,894.0717872164009,909.946166619968,921.5403054893738,950.5946246129528,,966.7152406091523,968.453542445327,976.5723539238137,985.2138340429718,990.6837939107731,993.7699494329381,999.8894606209573,995.5156188807358,988.2581263486205,982.9444444444445
394914,726,"Newberry, SC",msa,SC,,,,,,,,,,,,,,,,,,,,,,,,,,,,,,,,,,,,,,,,,,,,,,,,,,,,,,,,,,,,,,,,,,,,,,,,,,,,,,,,,,,,,,,,,,,,,,,,,,,,,,,,,,,,,,,,,,,,,,,,,,,,,,1350.0
394799,727,"Lock Haven, PA",msa,PA,,,,,,,,,,,,,,,,,,,,,,,,,,,,,,,,,,,,,,,,,,,,,,,,,,,,,,,,,,,,,,,,,,,,,,,,,,,,,,,,,,,,,,,,,,,,,,,,,,,,,,,,,,,,,,,,,,,,,,,,,,,,,925.3524669129453,922.5
394554,729,"Easton, MD",msa,MD,,,,,,,,,,,,,,,,,,,,,,,,,,,,,,,,,,,,,,,,,,,,,,,,,,,,,,,,,,,,,,,,,,,,,,,,,,,,,,,,,,,,,,,,,,,,,,,,,,,,,,,,,,,,,,,,,,,,,,,,,,2360.034056231109,2377.3959858478147,2389.152586904977,,2499.8888888888887
394948,730,"Owatonna, MN",msa,MN,,,,,,,,,,,,,,,,,,,,,,,,,,,,,,,,,,,,,,,,,,,,,,,,,,,,,,,,,,,,,,,,,,,,,,,,,,,,,,,,,,,,,,,,,,,,,,,,,,,,,,,,,,,,,,,,,,,,,,,,,,,,,1175.7048147587486,1200.8333333333335
394771,733,"Laramie, WY",msa,WY,,,,,,,,,,,,,,,,,,,,,,,,,,,,,,,,,,,,,,,,,,,,,,,,,,,,,,,,,,,,,,,,,,,,,,,,,,,,,,,,,,,925.084180567289,926.1257622081831,928.6808140731391,931.0986632537607,945.1443807487398,932.5604385536515,937.4195622853531,943.4937974537602,968.9760687951457,973.0905687897197,979.3668264506292,966.5093655290118,990.1250268073056,994.8660222086604,1019.684280272155,1008.9443964848776,1013.322546587546,1015.9533944877138,1039.552857776866,1050.9572446361196,1046.1111393967558,1044.5595452828843,1048.2924418550558,1057.067943123489,1027.827729706408,1052.4221292421566,1048.6427548295778,1100.3500464285735,1098.810678041129,1119.2557467653673,1115.6850753658857,1114.3286746089166,1124.312936301951,1142.1730442769394,1152.4793604635458,1166.626571736784,1192.9097869217064,1187.668858540966,1194.2930163135734,1172.1000390255078,1183.724617840821,1184.3392972292625,1189.4144473277652,1198.317961570593
394894,734,"Murray, KY",msa,KY,,,,,,,,,,,,,,,,,,,,,,,,,,,,,,,,,,,,,,,,,,,,,,,,,,,,,,,,,,,,,,,,,,,,,,,,,,,,,,,,,,,,,,,,,,,,,,,,,,,,,,,,,,,,,,,,,,,,,,,,1152.4907788104924,1160.5646363084654,,1157.7371554716203,1170.192416829625,1202.4724882835787,1216.8080808080806
394617,735,"Fremont, NE",msa,NE,,,,,,,,,,,,,,,,,,,,,,,,,,,,,,,,,,,,,,,,,,,,,,,,,,,,,,,,,,,,,,,,,,,,,,,,,,,,,,,,,,,,,,,,,,,,,,,,,,,,,,,,,,,,,,1252.1745988793934,1261.1941403769445,,1295.5420102786165,1298.283949447843,1292.5236575955478,1297.0590267368075,1300.6365040371666,1322.5760995689004,1310.8830755133624,1327.6270334829214,1328.3115316642422,1352.2952545322628,,1342.6944039007212,1340.7025967782356,1346.1666666666667
394382,736,"Bennington, VT",msa,VT,,,,,,,,,,,,,,,,,,,,,,,,,,,,,,,,,,,,,,,,,,,,,,,,,,,,,,,,,,,,,,,,,,,,,,,,,,,,,,,,,,,,,,,,,,,,,,,,,,,,,,,,,,,,,,,,,,,,,,,,,,,,,,1300.0
394603,737,"Fort Dodge, IA",msa,IA,,,,,,,,,,,,,,,,,,,,,,,,,,,,,,,,,,,,,,,,,,,,,,,,,,,,,,,,,,,,,,,,,,,,,,,,,,,,,,,,,,,,,,,,,,,,,,,,,,,,,,,,,,,,,,,,,,,,,,,,,830.0079498022707,824.0303567051347,827.384785547294,831.9777796779746,841.1551545042798,833.8333333333334
394550,740,"Dyersburg, TN",msa,TN,,,,,,,,,,,,,,,,,,,,,,,,,,,,,,,,,,,,,,,,,,,,,,,,,,,,,,,,,,,,,,,,,,,,,,,,,,,,,,,,,,,,,,,,,,,,,,,,,,,,,,,,,,,,,,,,,,,,,,,,,,,869.5721954378233,,848.6891267680498,837.5
394745,744,"Kill Devil Hills, NC",msa,NC,,,,,,,,,,,,,,,,,,,,,,,,,,,,,,,,,,,,,,,,,,,,,,,,,,,,,,,,,,,,,,,,,,,,,,,,,,,,,,,,,,,,,,,,,,,,,,,,,,,,,,,,,,,,,,,,,,,,,,,,,,,,,,2248.75
395137,745,"Sulphur Springs, TX",msa,TX,,,,,,,,,,,,,,,,,,,,,,,,,,,,,,,,,,,,,,,,,,,,,,,,,,,,,,,,,,,,,,,,,,,,,,,,,,,,,,,,,,,,,,,,,,,,,,,,,,,,,,,,,,,,,,,,,,,,,,,,,,,,,,1750.0
394522,749,"DeRidder, LA",msa,LA,,,,,,,,,,,,,,,,,,,,,,,,,,,,,,,,,,,,,,,,,,,,,,,,,,,,,,,,,,,,,,,,,,,,,,,,,,,,,,,,,,,,,,,,,,,,,,,,,,,,,,,,,,,,,,,,,,,,,,,,,1139.5207528483168,1143.878818547999,1139.9019868896194,1155.457776342551,1167.6097271074773,1179.1666666666667
394370,751,"Bay City, TX",msa,TX,,,,,,,,,,,,,,,,,,,,,,,,,,,,,,,,,,,,,,,,,,,,,,,,,,,,,,,,,,,,,,,,,,,,,,,,,,,,,,,,,,,,,,,,,,,,,,,,,,,,,,,,,,,764.8484023763018,795.4045620023529,821.4118750243858,818.5923197137324,817.873810129061,794.5211980876594,785.0077141793976,787.7836775851758,802.7541451320598,771.4706298493644,794.1791734913686,792.5548596505512,782.4204257494978,764.8878488679211,765.325338842285,791.6721352746479,802.6655577854791,843.2915761337625,902.0135096814166,940.5555555555555
394920,752,"North Platte, NE",msa,NE,,,,,,,,,,,,,,,,,,,,,,,,,,,,,,,,,,,,,,,,,,,,,,,,,,,,,,,,,,,,,,,,,,,,,,,,,,,,,,,,,,,,792.7647836878343,815.1173724525254,808.5716420193127,816.0319772679035,821.71839737851,823.19029124207,830.4242827099621,834.8924889277753,843.0278210406783,847.8643275165326,857.4136322163631,860.9737668923103,867.2729531183502,864.1884538879882,862.6544966356774,865.9333333593307,868.9982550484563,882.7182747340975,881.722710559772,884.2167496752204,880.6780308889691,897.3640322130746,908.0317062801369,909.9951771110799,917.2201539828031,930.7106666636195,948.2115963933419,962.5867896983249,958.1652701588904,956.3008211698802,953.1095068078513,959.7945377512515,968.8517419510889,964.3088172587079,966.0109495620828,973.7267309697442,980.0127795476413,981.646015795905,986.2994857713933,988.5381339725116,1006.4837265182439,1018.3119327249647,1038.888888888889
394781,755,"Lebanon, MO",msa,MO,,,,,,,,,,,,,,,,,,,,,,,,,,,,,,,,,,,,,,,,,,,,,,,,,,,,,,,,,,,,,,,,,,,,,,,,,,,,,,,,,,,,,,,,,,,,,,,,,,,,,,,,,,,,,,,,,,,,,,,,,,,,,867.5187723390608,850.0
394413,759,"Brenham, TX",msa,TX,,,,,,,,,,,,,,,,,,,,,,,,,,,,,,,,,,,,,,,,,,,,,,,,,,,,,,,,,,,,,,,,,,,,,,,,,,,,,,,,,,,,,,,,,,,,,,,,,,,,,,,,,,,,,,,,,,,,,,,,,,,,,1340.9816398074759,1359.375
395187,760,"Vernal, UT",msa,UT,,,,,,,,,,,,,,,,,,,,,,,,,,,,,,,,,,,,,,,,,,,,,,,,,,,,,,,,,,,,,,,,,,,,,,,,,,,,,,,,,,,,,,,,,,,,,,,,,,,,,,,,,,,,,,,,,,,,,,,,,,1433.3622630220734,1433.6430025915165,1413.5707208293493,1454.4908630534076,1480.0
786252,761,"Bonham, TX",msa,TX,,,,,,,,,,,,,,,,,,,,,,,,,,,,,,,,,,,,,,,,,,,,,,,,,,,,,,,,,,,,,,,,,,,,,,,,,,,,,,,,,,,,,,,,,,,,,,,,,,,,,,,,,,,,,,,,,,,,,,,,,1429.5576020400351,1435.7534364069966,1455.8528699543772,1472.7314170285208,1460.6496797574916,1464.8333333333333
394430,764,"Butte, MT",msa,MT,,,,,,,,,,,,,,,,,,,,,,,,,,,,,,,,,,,,,,,,,,,,,,,,,,,,,,,,,,,,,,,,,,,,,,,,,,,,,,,,,,,,,,,,,,,,,,,,,,,,1427.6924197747896,1441.2283048143017,1462.0548466087912,1434.6087956239285,1451.3645233155848,1403.7623349254966,1426.3574550587753,1446.3459264034173,1497.5166192139272,1507.8656584644284,1510.7008803547537,1511.86389885381,1545.5193564391643,1544.692670372496,1546.1578860051914,1584.3616956844555,1603.739067058877,1649.3063882897989,1662.436180575956,1656.6129230426384,1622.8211007894504,1608.3573147821564,1632.2303333253367,1651.7222807224732,1636.185048150689,1631.312737690741,1634.4444444444443
394569,767,"Emporia, KS",msa,KS,,,,,,,,,,,,,,,,,,,,,,,,,,,,,,,,,,,,,,,,,,,,,,,,,,,,,,,,,,,,,,,,,,,,,,,,,,,,,,,,,,,,,,,,,,,,,,,,,,,,,,,,,,,,,,,,,,,,,,691.5687729552671,704.4940215534493,707.3485776124048,710.85909282341,702.9192841326129,709.6237665500455,711.3014297020513,719.9109618991448,711.25
394713,768,"Jackson, WY",msa,WY,,,,,,,,,,,,,,,,,,,,,,,,,,,,,,,,,,,,,,,,,,,,,,,,,,,,,,,,,,,,,,,,,,,,,,,,,,,,,,,,,,,,,,,,,,,,,,,,,,,,,,,,,,,,,,,,3688.4953761884694,3719.1074930128866,3670.3294447969297,3611.227553766974,3649.474173562162,3768.137875171831,3804.963946825476,3708.0754852521545,3768.6164367884107,3871.067034544777,4024.203062732714,4045.263355293414,3997.3243345665674,4012.4237665807236,4100.0
394331,774,"Angola, IN",msa,IN,,,,,,,,,,,,,,,,,,,,,,,,,,,,,,,,,,,,,,,,,,,,,,,,,,,,,,,,,,,,,,,,,,,,,,,,,,,,,,,,,,,,,,,,,,,,,,,,,,,,,,,,,,,,,,,,,,,,,,,,,,,873.6905730039086,866.9939097705769,911.0628025109658,964.8333333333334
394419,778,"Brookings, SD",msa,SD,,,,,,,,,,,,,,,,,,,,,,,,,,,,,,,,,,,,,,,,,,,,,,,,,,,,,,,,,,,,,,,,,,,,,,,,,,,,,,,,,,,,,,,,,,,,,,1044.6265807003545,1045.5742478555164,1044.6142539140922,1047.5245913298143,1052.3079152699588,1055.5071360182799,1074.5109270843438,1068.712536768359,1091.8949618802553,1106.7675031105093,1118.6554197151195,1117.1725219247792,1115.3075730070598,1123.4882955974015,1132.1632252022223,1145.8549560242002,1169.4681293347173,1170.6019627783446,1180.1191823770487,1184.5255979623773,1183.3425702824895,1183.3879933500154,1189.040560916117,1207.0142116393176,1231.1180693615534,1239.2779648598892,1248.6023090216493,1250.7892885212823,1245.4897736443654,1255.670483994524,1252.7080169739247,1266.596865888865,1271.15873015873
394786,783,"Lewisburg, TN",msa,TN,,,,,,,,,,,,,,,,,,,,,,,,,,,,,,,,,,,,,,,,,,,,,,,,,,,,,,,,,,,,,,,,,,,,,,,,,,,,,,,,,,,,,,,,,,,,,,,,,,,,,,,,,,,,,,,,,,,,,,,,,,,,,,1612.5
394533,785,"Dickinson, ND",msa,ND,,,,,,,,,,,,,,,,,,,,,,,,,,,,,,,,,,,,,,,,,,,,,,,,,,,,,,,,,,,,,,,,,,,,,,,,,,,,,,,,,,,,,,,,,,,,,,,,,,,,,,,,,,,,,,,,,,,,,,,,,,1295.6090976759558,1309.954596262889,1353.9015743852767,1325.793690349699,1324.9583333333333
786262,786,"Pella, IA",msa,IA,,,,,,,,,,,,,,,,,,,,,,,,,,,,,,,,,,,,,,,,,,,,,,,,,,,,,,,,,,,,,,,,,,,,,,,,,,,,,,,,,,,,,,,,,,,,,,,,,,,,,,,,,,,,,,,,,,1112.81205833584,1128.1418304087788,1149.8767559248292,1155.646147316121,1150.8107772374797,1147.8885498111968,1138.8280989468371,1171.7993171845737,1182.9016881536918,1206.198142356403,1210.778861138476,1223.708776559307,1233.3333333333333
395165,788,"Troy, AL",msa,AL,,,,,,,,,,,,,,,,,,,,,,,,,,,,,,,,,,,,,,,,,,,,,,,,,,,,,,,,,,,,,,,,,,,,,,,,,,,,,,,,,,,,,,,,,,,,,,,,,,,,,,,,,,,,,,,,,,,,,,,,,,,979.9827864864408,988.8772263544057,996.0421764650581,1029.888888888889
394414,792,"Brevard, NC",msa,NC,,,,,,,,,,,,,,,,,,,,,,,,,,,,,,,,,,,,,,,,,,,,,,,,,,,,,,,,,,,,,,,,,,,,,,,,,,,,,,,,,,,,,,,,,,,,,,,,,,,,,,,,,,,,,,,,,,,,,,,,,,,,,1875.7003565412708,1887.5
395141,793,"Susanville, CA",msa,CA,,,,,,,,,,,,,,,,,,,,,,,,,,,,,,,,,,,,,,,,,,,,,,,,,,,,,,,,,,,,,,,,,,,,,,,,,,,,,,,,,,,,,,,,,,,,,,,,,,,,,,,,,,,,,,,,,,,,,,,,,,,,,,1475.0
394835,794,"Martin, TN",msa,TN,,,,,,,,,,,,,,,,,,,,,,,,,,,,,,,,,,,,,,,,,,,,,,,,,,,,,,,,,,,,,,,,,,,,,,,,,,,,,,,,,,,,,,,,,,,,,,,,,,,,,,,,,,,,,,,,,,,,,,,,,,,935.722774381492,925.5014579099734,941.305335124984,958.3333333333334
394984,795,"Plainview, TX",msa,TX,,,,,,,,,,,,,,,,,,,,,,,,,,,,,,,,,,,,,,,,,,,,,,,,,,,,,,,,,,,,,,,,,,,,,,,,,,,,,,,,,,,,,,,,,,,,,,,,,,,,,,,,,,,,,,,,,,,,,,,,,,,,,,900.0
394730,802,"Juneau, AK",msa,AK,,,,,,,,,,,,,,,,,,,,,,,,,,,,,,,,,,,,,,,,,,,,,,,,,,,,,,,,,,,,,,,,,,,,,,,,,,,,,,,,,,,,,,,,,,,,,,,,,,,,,,,,,,,,,,,,,,,,,,,,,,,,,1868.895442907675,1903.75
394749,809,"Kingsville, TX",msa,TX,,,,,,,,,,,,,,,,,,,,,,,,,,,,,,,,,,,,,,,,,,,,,,,,,,,,,,,,,,,,,,,,,,,,,,,,,,,,,,,,,,,,,,,,,,,,,,,,,,,,,,,,,,,,,,,,,,,,,,,,,1593.5994728815579,1604.0578037728185,1633.4018263390617,1634.0212200703677,1634.1114080759212,1622.9166666666667
753871,811,"Breckenridge, CO",msa,CO,,,,,,,,,,,,,,,,,,,,,,,,,,,,,,,,,,,,,,,,,,,,,,,,,,,,,,,,,,,,,,,,,,,,,,,,,,,,,,,,,,,,,,,,,,,,,,,,,,,,,,,,,,,,,,3488.9297264464926,3461.0379879303905,3490.9163644109644,3440.1931308412277,3475.3713542807336,3479.8925725316367,3506.876378684631,3498.3568920521393,3507.3173412926603,3517.470180357092,3513.419805943701,3513.4646209975504,3493.1202117978332,3510.8722879169163,3501.7006523705404,3562.6704096752014,3561.111111111111
395093,815,"Sheridan, WY",msa,WY,,,,,,,,,,,,,,,,,,,,,,,,,,,,,,,,,,,,,,,,,,,,,,,,,,,,,,,,,,,,,,,,,,,,,,,,,,,,,,,,,,,,,,,,,,,,,,,,,,,,,,,,,,,,,,,,,,,,,,,,,,,,,,1750.0
394751,821,"Kirksville, MO",msa,MO,,,,,,,,,,,,,,,,,,,,,,,,,,,,,,,,,,,,,,,,,,,,,,,,,,,,,,,,,,,,,,,,,,,,,,,,,,,,,,,,,,,,,,,,,,,,,,,,,,,,,,,,838.8680253459723,833.5574296046991,834.7342423296244,825.2102248683708,818.7906667903978,822.8561148435776,823.4223024035251,835.1413792562465,828.2511160221516,834.4053814631849,840.7793468271834,,,857.7290363672913,859.731997298759,868.5209617086292,877.2646607510992,882.9654219723725,889.3651942136481,885.2865820027308,888.9047228405648,887.9789005153998,883.3333333333334
394673,826,"Hays, KS",msa,KS,,,,,,,,,,,,,,,,,,,,,,,,,,,,,,,,,,,,,,,,,,,,,,,,,,,,,,,,,,,,,,,,,,,,,,,,,,,,,,,,,,,,,,,,,,,,,,,,,,,,,,,,,,,,,,,,,,,,,,,,,,,,,,993.75
753926,831,"Weatherford, OK",msa,OK,,,,,,,,,,,,,,,,,,,,,,,,,,,,,,,,,,,,,,,,,,,,,,,,,,,,,,,,,,,,,,,,,,,,,,,,,,,,,,,,,,,,,,,,,,,,,,,,,,,,,,,,,,,,,,,,,,,,,,,,,,,,,,1133.3333333333333
394892,832,"Mountain Home, ID",msa,ID,,,,,,,,,,,,,,,,,,,,,,,,,,,,,,,,,,,,,,,,,,,,,,,,,,,,,,,,,,,,,,,,,,,,,,,,,,,,,,,,,,,,,,,,,,,,,,,,,,,,,,,,,,,,,,,,,,,,,,1808.6964053965853,1805.69937894893,,1813.9371839951687,1813.044985334656,1856.7662880923185,1839.999828010555,1853.3320601933128,1865.6944444444443
394812,838,"Macomb, IL",msa,IL,,,,,,,,,,,,,,,,,,,,,,,,,,,,,,,,,,,,,,,,,,,,,,,,,,,,,,,,,,,,,,,,,,,,,,,,,,,,,,,,,,,,,,,,,,,,,,,,,,,,,,,,,,,,,,,,,,,,,,,,,,,829.6884513789623,817.9820180145068,835.9511602507012,841.6666666666666
394615,847,"Fredericksburg, TX",msa,TX,,,,,,,,,,,,,,,,,,,,,,,,,,,,,,,,,,,,,,,,,,,,,,,,,,,,,,,,,,,,,,,,,,,,,,,,,,,,,,,,,,,,,,,,,,,,,,,,,,,,,,,,,,,,,,,2370.8889928585427,2338.1416957382035,2330.0754406928118,2312.474479916609,2329.0071432600434,2278.769980129993,2310.7041322305754,2308.9573191413783,2385.1754634883505,2363.519367029781,2364.331662268174,2337.186237319179,2344.058259297495,2381.429139362689,2381.6304162920446,2383.1666666666665
753923,849,"The Dalles, OR",msa,OR,,,,,,,,,,,,,,,,,,,,,,,,,,,,,,,,,,,,,,,,,,,,,,,,,,,,,,,,,,,,,,,,,,,,,,,,,,,,,,,,,,,,,,,,,,,,,,,,,,,,,,,,,,,,,,,,,,,,,,,,,1852.993827596897,1887.5443120827717,1883.3877628311022,1902.756871782127,1918.6503634375845,1933.3333333333333
394758,852,"La Grande, OR",msa,OR,,,,,,,,,,,,,,,,,,,,,,,,,,,,,,,,,,,,,,,,,,,,,,,,,,,,,,,,,,,,,,,,,,,,,,,,,,,,,,,,,,,,,,,,,,,,,,,,,,,,,,,,,,,,,,,,,,,,,,,,1434.1266889529616,1424.7828032707691,1412.4344766169552,1449.9764460966805,1487.5773420051787,1491.358259710344,1516.6666666666667
394643,857,"Great Bend, KS",msa,KS,,,,,,,,,,,,,,,,,,,,,,,,,,,,,,,,,,,,,,,,,,,,,,,,,,,,,,,,,,,,,,,,,,,,,,,,,,,,,,,,,,,,,,,,,,,,,,,,,,,,,,,,,,,,,,,,,,,,,,,,,,767.0771183407953,780.2543798198609,804.057482592061,807.2983048529082,820.8333333333334
394322,864,"Altus, OK",msa,OK,,,,,,,,,,,,,,,,,,,,,,,,,,,,,,,,,,,,,,,,,,,,,,,,,,,,,,,,,,,,,,,,,,,,,,,,,,,,,,,,,,,,,,,,,,,,,,,,,,,,,,,,,,,,,,,,,,,,,,,,,,,,1590.928825783114,1573.8206581286195,1516.6666666666667
753884,866,"Hailey, ID",msa,ID,,,,,,,,,,,,,,,,,,,,,,,,,,,,,,,,,,,,,,,,,,,,,,,,,,,,,,,,,,,,,,,,,,,,,,,,,,,,,,,,,,,,,,,,,,,,,,,,,,,,,,,,,,,,,,,,,,,,,,,,,,,3098.464659335697,3155.374690462095,3170.661425450829,3262.5
753921,867,"Steamboat Springs, CO",msa,CO,,,,,,,,,,,,,,,,,,,,,,,,,,,,,,,,,,,,,,,,,,,,,,,,,,,,,,,,,,,,,,,,,,,,,,,,,,,,,,,,,,,,,,,,,,,,,,,,,,,,,,,,,,,,,,,,,,,,,,,,,,3386.4145622607634,3484.111273727506,3378.0099568334217,3443.8393292016844,3463.8333333333335
395004,872,"Prineville, OR",msa,OR,,,,,,,,,,,,,,,,,,,,,,,,,,,,,,,,,,,,,,,,,,,,,,,,,,,,,,,,,,,,,,,,,,,,,,,,,,,,,,,,,,,,,,,,,,,,,,,,,,,,,,,,,,,,,,,,,,,,,,,,,,,1740.5636836369201,1753.1874579880964,1758.5505102798988,1750.0
845169,874,"Rockport, TX",msa,TX,,,,,,,,,,,,,,,,,,,,,,,,,,,,,,,,,,,,,,,,,,,,,,,,,,,,,,,,,,,,,,,,,,,,,,,,,,,,,,,,,,,,,,,,,,,,,,,,,,,,,,,,,,,,,,,,,,,,,,,,,1961.2161269029307,1977.2126269919593,1945.8253551736336,1960.4481424573098,1902.5660632390618,1916.6666666666667
394687,875,"Hood River, OR",msa,OR,,,,,,,,,,,,,,,,,,,,,,,,,,,,,,,,,,,,,,,,,,,,,,,,,,,,,,,,,,,,,,,,,,,,,,,,,,,,,,,,,,,,,,,,,,,,,,,,,,,,,,,,,,,,,,,,,,,,,,,,,,2077.196608501954,2227.485797362764,2194.6481643334387,2345.685681690252,2383.3333333333335
395198,882,"Wahpeton, ND",msa,ND,,,,,,,,,,,,,,,,,,,,,,,,,,,,,,,,,,,,,,,,,,,,,,,,,,,,,,,,,,,,,,,,,,,,,,,,,,,,,,,,,,,,,,,,,,,,,,,,,,,,,,,,,,,,,,,,,,,,,,,,,708.089927150919,744.9062464098993,722.5841662573387,734.0923026027228,753.7390497841895,784.4888888888889
394371,891,"Beatrice, NE",msa,NE,,,,,,,,,,,,,,,,,,,,,,,,,,,,,,,,,,,,,,,,,,,,,,,,,,,,,,,,,,,,,,,,,,,,,,,,,,,,,,,,,,,,,,,,,,,,,,,,,,,,,,,,,,,,,,,,,,,,,,,,,,,,,1121.5485679735195,1133.3333333333335
394718,892,"Jamestown, ND",msa,ND,,,,,,,,,,,,,,,,,,,,,,,,,,,,,,,,,,,,,,,,,,,,,,,,,,,,,,,,,,,,,,,,,,,,,,,,,,,,,,,,,,,,,,,,,,,,,,,1082.524166548705,1105.9528960214911,1118.2532911875323,1137.409122695819,1144.4738901672447,1160.0709236199714,1175.694098818302,1184.9574147066232,1182.1126918520008,1180.7369719287183,1187.6029918322213,1204.8578051506547,1205.0165165691276,1215.8834320885962,1215.533100990116,1218.7190796759087,1229.383842111079,1229.2153050405154,1227.648711295023,1230.5897032333978,1239.7825161235842,1253.1556193811737,1257.1587640188247,1255.0850070382733,1254.9913463004718,1259.9602311958774,1270.1914842272029,1273.8841302211329,1275.744097074626,1283.1628903408623,1291.8893870052739,1298.7555555555557
394996,915,"Portales, NM",msa,NM,,,,,,,,,,,,,,,,,,,,,,,,,,,,,,,,,,,,,,,,,,,,,,,,,,,,,,,,,,,,,,,,,,,,,,,,,,,,,,,,,,,,,,,,,,,,,,,,,,,,,848.2336235145182,853.851398885783,855.111216815529,849.3463113389378,848.3510747553107,833.8286159236593,855.7473357037857,860.0119905033778,873.8491013010524,872.7583795728262,876.2281438005448,879.7199544345747,884.2891747885016,889.0660774588303,885.4063116525451,891.5502989983949,893.158437985715,912.1893831920669,898.9812662857399,907.1443847692258,905.3606689185655,912.2752537907643,907.7232345167776,905.8515427191113,905.859425691187,904.8148148148148
394805,916,"Los Alamos, NM",msa,NM,,,,,,,,,,,,,,,,,,,,,,,,,,,,,,,,,,,,,,,,,,,,,,,,,,,,,,,,,,,,,,,,,,,,,,,,,,,,,,,,,,,,,,,,,,,,,,,,,,,,,,,,,,,,,,,,,,,,,,,,2288.5411376051634,2298.5717400610565,2352.808127953896,,2309.885420314516,,2300.0
786253,921,"Brownsville, TN",msa,TN,,,,,,,,,,,,,,,,,,,,,,,,,,,,,,,,,,,,,,,,,,,,,,,,,,,,,,,,,,,,,,,,,,,,,,,,,,,,,,,,,,,,,,,,,,,,,,,,,,,,,,,,,,,,,,,,,,,,,,,,,,,,,,1150.0
394342,929,"Atchison, KS",msa,KS,,,,,,,,,,,,,,,,,,,,,,,,,,,,,,,,,,,,,,,,,,,,,,,,,,,,,,,,,,,,,,,,,,,,,,,,,,,,,,,,,,,,,,,,,,,,,,,,,,,,,,,,,,,,,,,,,,,,,,,,,,,,,,1211.25
753874,937,"Craig, CO",msa,CO,,,,,,,,,,,,,,,,,,,,,,,,,,,,,,,,,,,,,,,,,,,,,,,,,,,,,,,,,,,,,,,,,,,,,,,,,,,,,,,,,,,,,,,,,,,,,,,,,,,,,,,,,,,,,,,,,,,,,,,,,,,,,,1250.0
